#VRML V2.0 utf8
# 3D model generated by kicad-lcsc-manager
# Based on easyeda2kicad.py v1.0.1

Shape{
    appearance Appearance {
        material  Material {
            diffuseColor 1.0 1.0 0.0
            specularColor 0.5019607843137255 0.5019607843137255 0.0
            ambientIntensity 0.886
            transparency 0.0
            shininess 0.5
        }
    }
    geometry IndexedFaceSet {
        ccw TRUE
        solid FALSE
        coord DEF co Coordinate {
            point [
                -0.3543 -0.0394 0.0, -0.3543 -0.315 0.0, -0.3543 -0.0394 -0.0039, -0.3543 -0.315 -0.0039, -0.6299 -0.315 0.0, -0.6299 0.315 0.0, -0.3543 0.315 0.0, -0.3543 0.0394 0.0, -0.2953 0.0394 0.0, -0.2953 -0.0394 0.0, -0.3543 0.315 -0.0039, -0.3543 0.0394 -0.0039, -0.6339 0.315 -0.0039, -0.6339 -0.315 -0.0039, -0.2953 -0.0394 -0.0039, -0.2953 0.0394 -0.0039, -0.6339 0.315 0.122, -0.6339 -0.315 0.122, -0.5512 0.2756 0.122, -0.5512 0.315 0.122, -0.5512 -0.315 0.122, -0.5512 -0.2756 0.122, -0.3937 -0.2756 0.122, -0.3937 0.2756 0.122, -0.3937 -0.2756 0.1181, -0.3937 0.2756 0.1181, -0.6299 -0.315 0.1181, -0.6299 0.315 0.1181, -0.5512 0.2756 0.1181, -0.5512 0.315 0.1181, -0.5512 -0.315 0.1181, -0.5512 -0.2756 0.1181
            ]
        }
        coordIndex [
            0,1,2,-1,2,1,3,-1,4,1,5,-1,5,1,0,-1,6,5,7,-1,7,5,0,-1,7,0,8,-1,8,0,9,-1,10,6,11,-1,11,6,7,-1,12,10,13,-1,13,10,11,-1,3,13,2,-1,2,13,11,-1,2,11,14,-1,14,11,15,-1,16,12,17,-1,17,12,13,-1,18,19,16,-1,17,20,21,-1,22,23,21,-1,21,23,18,-1,21,18,17,-1,17,18,16,-1,22,24,23,-1,23,24,25,-1,26,27,28,-1,28,27,29,-1,30,26,31,-1,31,26,28,-1,31,28,24,-1,24,28,25,-1,5,27,4,-1,4,27,26,-1,6,10,5,-1,5,10,12,-1,5,12,27,-1,27,12,16,-1,27,16,29,-1,29,16,19,-1,30,20,26,-1,26,20,17,-1,26,17,4,-1,4,17,13,-1,4,13,1,-1,1,13,3,-1,15,11,8,-1,8,11,7,-1,14,15,9,-1,9,15,8,-1,2,14,0,-1,0,14,9,-1,
        ]
    }
}
Shape{
    appearance Appearance {
        material  Material {
            diffuseColor 0.5019607843137255 0.25098039215686274 0.0
            specularColor 0.44313725490196076 0.2196078431372549 0.0
            ambientIntensity 0.2974
            transparency 0.0
            shininess 0.5
        }
    }
    geometry IndexedFaceSet {
        ccw TRUE
        solid FALSE
        coord DEF co Coordinate {
            point [
                -0.5512 -0.315 0.1181, -0.5512 -0.2756 0.1181, -0.5512 -0.315 0.122, -0.5512 -0.2756 0.122, -0.3937 -0.2756 0.1181, -0.3937 -0.2756 0.122, -0.3937 0.2756 0.1181, -0.5512 0.2756 0.1181, -0.3937 0.2756 0.122, -0.5512 0.2756 0.122, -0.5512 0.315 0.1181, -0.5512 0.315 0.122
            ]
        }
        coordIndex [
            0,1,2,-1,2,1,3,-1,1,4,3,-1,3,4,5,-1,6,7,8,-1,8,7,9,-1,7,10,9,-1,9,10,11,-1,
        ]
    }
}
Shape{
    appearance Appearance {
        material  Material {
            diffuseColor 1.0 1.0 0.0
            specularColor 0.5019607843137255 0.5019607843137255 0.0
            ambientIntensity 0.886
            transparency 0.0
            shininess 0.5
        }
    }
    geometry IndexedFaceSet {
        ccw TRUE
        solid FALSE
        coord DEF co Coordinate {
            point [
                0.3543 -0.315 -0.0039, 0.3543 -0.315 0.0, 0.3543 -0.0591 -0.0039, 0.3543 -0.0591 0.0, 0.6299 -0.315 0.0, 0.6299 0.315 0.0, 0.3543 0.315 0.0, 0.3543 0.0591 0.0, 0.2953 0.0591 0.0, 0.2953 -0.0591 0.0, 0.3543 0.315 -0.0039, 0.3543 0.0591 -0.0039, 0.6339 -0.315 -0.0039, 0.6339 0.315 -0.0039, 0.2953 0.0591 -0.0039, 0.2953 -0.0591 -0.0039, 0.6339 0.315 0.122, 0.6339 -0.315 0.122, 0.5512 -0.2756 0.122, 0.5512 -0.315 0.122, 0.5512 0.315 0.122, 0.5512 0.2756 0.122, 0.3937 0.2756 0.122, 0.3937 -0.2756 0.122, 0.3937 -0.2756 0.1181, 0.3937 0.2756 0.1181, 0.6299 0.315 0.1181, 0.6299 -0.315 0.1181, 0.5512 -0.2756 0.1181, 0.5512 -0.315 0.1181, 0.5512 0.315 0.1181, 0.5512 0.2756 0.1181
            ]
        }
        coordIndex [
            0,1,2,-1,2,1,3,-1,3,1,4,-1,5,6,7,-1,8,9,7,-1,7,9,3,-1,7,3,5,-1,5,3,4,-1,6,10,7,-1,7,10,11,-1,12,0,13,-1,13,0,2,-1,10,13,11,-1,11,13,2,-1,11,2,14,-1,14,2,15,-1,13,16,12,-1,12,16,17,-1,18,19,17,-1,16,20,21,-1,22,23,21,-1,21,23,18,-1,21,18,16,-1,16,18,17,-1,24,23,25,-1,25,23,22,-1,26,27,28,-1,28,27,29,-1,30,26,31,-1,31,26,28,-1,31,28,25,-1,25,28,24,-1,26,5,27,-1,27,5,4,-1,30,20,26,-1,26,20,16,-1,26,16,5,-1,5,16,13,-1,5,13,6,-1,6,13,10,-1,1,0,4,-1,4,0,12,-1,4,12,27,-1,27,12,17,-1,27,17,29,-1,29,17,19,-1,14,15,8,-1,8,15,9,-1,28,29,18,-1,18,29,19,-1,24,28,23,-1,23,28,18,-1,31,25,21,-1,21,25,22,-1,30,31,20,-1,20,31,21,-1,3,9,2,-1,2,9,15,-1,8,7,14,-1,14,7,11,-1,
        ]
    }
}
Shape{
    appearance Appearance {
        material  Material {
            diffuseColor 1.0 1.0 1.0
            specularColor 0.5019607843137255 0.5019607843137255 0.5019607843137255
            ambientIntensity 1.0
            transparency 0.0
            shininess 0.5
        }
    }
    geometry IndexedFaceSet {
        ccw TRUE
        solid FALSE
        coord DEF co Coordinate {
            point [
                0.6299 0.1775 0.1181, 0.6299 0.1922 0.1181, 0.0994 0.1922 0.1181, -0.0102 0.2884 0.1181, -0.0102 0.2555 0.1181, 0.0046 0.2555 0.1181, 0.6299 0.2887 0.1181, 0.6299 0.315 0.1181, 0.0994 0.315 0.1181, 0.0994 0.2246 0.1181, 0.0994 0.2253 0.1181, 0.0925 0.2253 0.1181, 0.0827 0.219 0.1181, 0.0721 0.1922 0.1181, 0.0852 0.1922 0.1181, 0.048 0.1923 0.1181, 0.0471 0.1922 0.1181, 0.0561 0.1922 0.1181, 0.0852 0.0684 0.1181, 0.0852 0.1775 0.1181, 0.0647 0.1775 0.1181, -0.2468 0.1564 0.1181, -0.2301 0.1564 0.1181, -0.2301 0.1775 0.1181, 0.0197 0.2883 0.1181, 0.0225 0.2887 0.1181, 0.0078 0.2887 0.1181, 0.0293 0.2512 0.1181, 0.0269 0.251 0.1181, 0.0391 0.251 0.1181, 0.1077 0.1925 0.1181, 0.0994 0.1925 0.1181, -0.1411 0.2232 0.1181, -0.1365 0.219 0.1181, -0.1258 0.2246 0.1181, -0.2116 0.2466 0.1181, -0.2097 0.251 0.1181, -0.2301 0.251 0.1181, -0.0533 0.251 0.1181, -0.0301 0.251 0.1181, -0.0545 0.2528 0.1181, -0.0301 0.2887 0.1181, -0.0615 0.259 0.1181, -0.0974 0.2925 0.1181, -0.0917 0.2887 0.1181, -0.0856 0.2846 0.1181, -0.077 0.2747 0.1181, -0.0714 0.2638 0.1181, -0.0693 0.2631 0.1181, -0.1467 0.292 0.1181, -0.1345 0.2967 0.1181, -0.2301 0.315 0.1181, -0.1215 0.2983 0.1181, -0.0301 0.315 0.1181, -0.1106 0.2972 0.1181, -0.2301 0.2887 0.1181, -0.1812 0.2757 0.1181, -0.1708 0.277 0.1181, -0.2074 0.2561 0.1181, -0.2011 0.2643 0.1181, -0.1521 0.2887 0.1181, -0.1531 0.288 0.1181, -0.1593 0.2827 0.1181, -0.1677 0.2768 0.1181, -0.1647 0.2764 0.1181, -0.1993 0.266 0.1181, -0.1909 0.2719 0.1181, -0.2301 0.2246 0.1181, -0.2122 0.2246 0.1181, -0.2135 0.2343 0.1181, -0.2134 0.2367 0.1181, -0.1847 0.1939 0.1181, -0.1942 0.1986 0.1181, -0.2301 0.1922 0.1181, -0.1813 0.1929 0.1181, -0.2024 0.2056 0.1181, -0.2084 0.2141 0.1181, -0.2122 0.2239 0.1181, -0.1672 0.1775 0.1181, -0.1696 0.1785 0.1181, -0.1748 0.1824 0.1181, -0.1787 0.1873 0.1181, -0.181 0.1922 0.1181, -0.1635 0.176 0.1181, -0.1573 0.175 0.1181, -0.1563 0.175 0.1181, -0.0301 0.1564 0.1181, -0.1499 0.1758 0.1181, -0.1316 0.1922 0.1181, -0.1316 0.1921 0.1181, -0.0301 0.1775 0.1181, -0.1347 0.1863 0.1181, -0.1388 0.1817 0.1181, -0.144 0.178 0.1181, -0.1453 0.1775 0.1181, -0.0561 0.2032 0.1181, -0.063 0.1977 0.1181, -0.0301 0.1922 0.1181, -0.0955 0.1925 0.1181, -0.0973 0.193 0.1181, -0.0991 0.1941 0.1181, -0.1003 0.1953 0.1181, -0.0994 0.2067 0.1181, -0.0977 0.2078 0.1181, -0.093 0.2235 0.1181, -0.0959 0.2085 0.1181, -0.0551 0.2042 0.1181, -0.0453 0.2275 0.1181, -0.0458 0.2246 0.1181, -0.0301 0.2246 0.1181, -0.0468 0.2189 0.1181, -0.0503 0.2107 0.1181, -0.0712 0.1939 0.1181, -0.079 0.1924 0.1181, -0.0946 0.1924 0.1181, -0.1022 0.2005 0.1181, -0.1022 0.2014 0.1181, -0.1299 0.204 0.1181, -0.1017 0.2034 0.1181, -0.1007 0.2052 0.1181, -0.0941 0.2087 0.1181, -0.0938 0.2087 0.1181, -0.093 0.2085 0.1181, -0.1014 0.197 0.1181, -0.102 0.1988 0.1181, -0.13 0.1986 0.1181, -0.1299 0.2013 0.1181, -0.067 0.2151 0.1181, -0.0641 0.2192 0.1181, -0.0925 0.2085 0.1181, -0.0806 0.2085 0.1181, -0.0759 0.2093 0.1181, -0.0713 0.2115 0.1181, -0.0674 0.2147 0.1181, -0.153 0.2278 0.1181, -0.1467 0.2262 0.1181, -0.0846 0.251 0.1181, -0.1563 0.228 0.1181, -0.1911 0.251 0.1181, -0.1625 0.2272 0.1181, -0.0623 0.2239 0.1181, -0.0622 0.2246 0.1181, -0.0937 0.2246 0.1181, -0.0616 0.229 0.1181, -0.0618 0.2313 0.1181, -0.1684 0.225 0.1181, -0.1938 0.247 0.1181, -0.1961 0.2412 0.1181, -0.1947 0.2246 0.1181, -0.1689 0.2246 0.1181, -0.1965 0.2308 0.1181, -0.1968 0.2348 0.1181, -0.0685 0.2443 0.1181, -0.0726 0.2472 0.1181, -0.063 0.2363 0.1181, -0.0654 0.2409 0.1181, -0.0843 0.2496 0.1181, -0.1012 0.2374 0.1181, -0.0822 0.2496 0.1181, -0.0772 0.249 0.1181, -0.1437 0.2246 0.1181, -0.1947 0.2243 0.1181, -0.1781 0.2162 0.1181, -0.1737 0.2212 0.1181, -0.1915 0.2189 0.1181, -0.1868 0.2141 0.1181, -0.181 0.2106 0.1181, -0.1531 0.2646 0.1181, -0.1565 0.2572 0.1181, -0.1585 0.2583 0.1181, -0.0884 0.2627 0.1181, -0.0937 0.2703 0.1181, -0.0851 0.2538 0.1181, -0.0974 0.2738 0.1181, -0.1049 0.2787 0.1181, -0.1132 0.2816 0.1181, -0.1212 0.2825 0.1181, -0.1229 0.2825 0.1181, -0.1316 0.2811 0.1181, -0.1644 0.2604 0.1181, -0.1705 0.2612 0.1181, -0.1732 0.261 0.1181, -0.1402 0.2774 0.1181, -0.1474 0.2718 0.1181, -0.1797 0.2595 0.1181, -0.1856 0.2564 0.1181, -0.1902 0.2523 0.1181, -0.0493 0.2452 0.1181, -0.0463 0.2371 0.1181, -0.0453 0.2293 0.1181, 0.1712 0.2026 0.1181, 0.1557 0.2026 0.1181, 0.1522 0.1925 0.1181, 0.1469 0.1925 0.1181, 0.1393 0.2246 0.1181, 0.1405 0.2234 0.1181, 0.1591 0.2246 0.1181, 0.1428 0.2202 0.1181, 0.1442 0.2167 0.1181, 0.142 0.201 0.1181, 0.1392 0.1977 0.1181, 0.1354 0.195 0.1181, 0.1077 0.1967 0.1181, 0.1147 0.1925 0.1181, 0.1248 0.1925 0.1181, 0.1312 0.1933 0.1181, 0.1448 0.2115 0.1181, 0.1447 0.2092 0.1181, 0.1438 0.2048 0.1181, 0.1068 0.2296 0.1181, 0.6299 0.251 0.1181, 0.0994 0.251 0.1181, 0.175 0.1925 0.1181, 0.1802 0.1925 0.1181, 0.168 0.2246 0.1181, 0.6299 0.2246 0.1181, 0.1661 0.2296 0.1181, 0.161 0.2296 0.1181, 0.1392 0.2247 0.1181, 0.1354 0.2273 0.1181, 0.1068 0.2253 0.1181, 0.1147 0.2246 0.1181, 0.1147 0.2296 0.1181, 0.1252 0.2296 0.1181, 0.1309 0.2289 0.1181, -0.0102 0.2246 0.1181, -0.0102 0.2134 0.1181, 0.0056 0.2246 0.1181, 0.0031 0.2134 0.1181, -0.0102 0.2092 0.1181, -0.0102 0.1967 0.1181, 0.0031 0.2092 0.1181, 0.005 0.1967 0.1181, 0.0056 0.1922 0.1181, 0.005 0.1925 0.1181, -0.0149 0.1925 0.1181, -0.0149 0.2296 0.1181, -0.0149 0.2246 0.1181, -0.0102 0.2253 0.1181, 0.0041 0.2253 0.1181, 0.0041 0.2296 0.1181, 0.0056 0.251 0.1181, 0.0561 0.268 0.1181, 0.0461 0.268 0.1181, 0.0561 0.2555 0.1181, 0.0461 0.2555 0.1181, 0.0647 0.2887 0.1181, 0.0561 0.2887 0.1181, 0.0604 0.2884 0.1181, 0.0561 0.2884 0.1181, 0.0604 0.2841 0.1181, 0.0612 0.2555 0.1181, 0.0647 0.251 0.1181, 0.0612 0.2513 0.1181, 0.0561 0.251 0.1181, 0.0593 0.268 0.1181, 0.0593 0.2722 0.1181, 0.0561 0.2722 0.1181, 0.0561 0.2841 0.1181, 0.0461 0.2841 0.1181, 0.0461 0.2722 0.1181, 0.0413 0.2884 0.1181, 0.0391 0.2887 0.1181, 0.0413 0.2513 0.1181, 0.0339 0.2875 0.1181, 0.03 0.2886 0.1181, 0.029 0.2887 0.1181, 0.0561 0.2513 0.1181, 0.0339 0.2825 0.1181, 0.0332 0.2525 0.1181, 0.0261 0.255 0.1181, 0.0302 0.2558 0.1181, 0.0339 0.2574 0.1181, 0.0339 0.2528 0.1181, 0.013 0.2614 0.1181, 0.0148 0.2589 0.1181, 0.0155 0.2581 0.1181, 0.0179 0.2564 0.1181, 0.0206 0.2554 0.1181, 0.0243 0.2549 0.1181, 0.0297 0.2841 0.1181, 0.0146 0.28 0.1181, 0.0335 0.2827 0.1181, 0.0128 0.2774 0.1181, 0.0117 0.2741 0.1181, 0.0251 0.2847 0.1181, 0.0237 0.2846 0.1181, 0.015 0.2806 0.1181, 0.0205 0.284 0.1181, 0.0176 0.2827 0.1181, 0.0111 0.2694 0.1181, 0.0112 0.2681 0.1181, 0.0118 0.2643 0.1181, 0.0078 0.315 0.1181, 0.0251 0.289 0.1181, 0.0391 0.315 0.1181, 0.0252 0.289 0.1181, 0.0088 0.28 0.1181, 0.0115 0.2835 0.1181, 0.0123 0.2844 0.1181, 0.0158 0.2868 0.1181, 0.0056 0.2887 0.1181, 0.007 0.2759 0.1181, 0.0078 0.2777 0.1181, 0.0078 0.2607 0.1181, 0.0067 0.2636 0.1181, 0.0061 0.2691 0.1181, 0.0062 0.2711 0.1181, 0.0139 0.2533 0.1181, 0.0109 0.2557 0.1181, 0.0078 0.251 0.1181, 0.0103 0.2564 0.1181, 0.0082 0.2596 0.1181, 0.0236 0.2507 0.1181, 0.0214 0.2508 0.1181, 0.0078 0.2246 0.1181, 0.0204 0.251 0.1181, 0.0174 0.2516 0.1181, -0.2301 -0.1564 0.1181, -0.2468 -0.1564 0.1181, -0.6299 -0.315 0.1181, -0.6299 0.1775 0.1181, -0.2301 -0.315 0.1181, -0.0301 -0.315 0.1181, -0.0301 -0.1564 0.1181, 0.0056 -0.315 0.1181, 0.0056 -0.1564 0.1181, 0.0078 -0.315 0.1181, 0.0078 -0.1564 0.1181, 0.0391 -0.315 0.1181, 0.0391 -0.1564 0.1181, 0.0561 -0.315 0.1181, 0.0647 -0.0684 0.1181, 0.0564 -0.0684 0.1181, 0.0564 -0.1564 0.1181, 0.0994 -0.315 0.1181, 0.0852 -0.0684 0.1181, 0.0852 -0.315 0.1181, 0.0647 -0.315 0.1181, 0.0561 -0.1564 0.1181, 0.0994 0.1775 0.1181, 0.0994 0.0684 0.1181, 0.2137 0.0684 0.1181, 0.0561 0.1564 0.1181, 0.0564 0.1564 0.1181, 0.0647 0.0684 0.1181, 0.0564 0.0684 0.1181, 0.0561 0.1775 0.1181, 0.0391 0.1775 0.1181, 0.0391 0.1564 0.1181, 0.0078 0.1775 0.1181, 0.0078 0.1564 0.1181, 0.0056 0.1775 0.1181, 0.0056 0.1564 0.1181, 0.0974 0.2636 0.1181, 0.0956 0.2598 0.1181, 0.0852 0.2887 0.1181, 0.0852 0.2875 0.1181, 0.0994 0.2887 0.1181, 0.0889 0.2861 0.1181, 0.0852 0.2523 0.1181, 0.0852 0.251 0.1181, 0.089 0.2538 0.1181, 0.0928 0.2565 0.1181, 0.0928 0.2835 0.1181, 0.0941 0.2822 0.1181, 0.0964 0.279 0.1181, 0.0978 0.2755 0.1181, 0.0984 0.2703 0.1181, 0.0983 0.268 0.1181, 0.0788 0.2884 0.1181, 0.0845 0.2878 0.1181, 0.0848 0.2521 0.1181, 0.0784 0.2513 0.1181, 0.0682 0.2513 0.1181, 0.0682 0.2884 0.1181, 0.0219 0.1927 0.1181, 0.0203 0.1922 0.1181, 0.0261 0.1925 0.1181, 0.012 0.2126 0.1181, 0.012 0.2171 0.1181, 0.0236 0.1938 0.1181, 0.0149 0.1922 0.1181, 0.0132 0.1929 0.1181, 0.0078 0.1922 0.1181, 0.0117 0.194 0.1181, 0.0113 0.2051 0.1181, 0.0127 0.2064 0.1181, 0.0147 0.2074 0.1181, 0.0152 0.2146 0.1181, 0.0182 0.2082 0.1181, 0.0223 0.2156 0.1181, 0.0207 0.2158 0.1181, 0.0182 0.2156 0.1181, 0.0111 0.1946 0.1181, 0.0102 0.196 0.1181, 0.0097 0.1975 0.1181, 0.0377 0.2149 0.1181, 0.0386 0.2162 0.1181, 0.0391 0.2246 0.1181, 0.0261 0.1966 0.1181, 0.0259 0.1966 0.1181, 0.0251 0.1954 0.1181, 0.0129 0.2177 0.1181, 0.0164 0.219 0.1181, 0.0211 0.2196 0.1181, 0.0287 0.2167 0.1181, 0.0372 0.2134 0.1181, 0.0296 0.2152 0.1181, 0.0303 0.2131 0.1181, 0.0261 0.2093 0.1181, 0.0259 0.2113 0.1181, 0.0254 0.213 0.1181, 0.0249 0.214 0.1181, 0.0094 0.1996 0.1181, 0.0094 0.2001 0.1181, 0.0097 0.2021 0.1181, 0.0104 0.2038 0.1181, 0.0239 0.2193 0.1181, 0.0259 0.2188 0.1181, 0.0274 0.2179 0.1181, 0.0391 0.2068 0.1181, 0.037 0.1982 0.1181, 0.0391 0.2068 0.1181, 0.0387 0.1972 0.1181, 0.0391 0.197 0.1181, 0.0242 0.2147 0.1181, 0.0234 0.2153 0.1181, 0.0383 0.2076 0.1181, 0.0378 0.2086 0.1181, 0.0307 0.2095 0.1181, 0.0372 0.21 0.1181, 0.037 0.2118 0.1181, 0.02 0.1921 0.1181, 0.0171 0.1919 0.1181, 0.0152 0.1922 0.1181, 0.0178 0.1919 0.1181, 0.037 0.1934 0.1181, 0.0307 0.1925 0.1181, 0.0391 0.1927 0.1181, 0.0391 0.1922 0.1181, 0.0402 0.1923 0.1181, 0.0412 0.1922 0.1181, 0.0442 0.1919 0.1181, 0.0561 0.2246 0.1181, 0.0536 0.2184 0.1181, 0.0536 0.2139 0.1181, 0.0533 0.2041 0.1181, 0.0542 0.2029 0.1181, 0.0547 0.2015 0.1181, 0.0549 0.1997 0.1181, 0.0391 0.2167 0.1181, 0.04 0.2175 0.1181, 0.0411 0.2182 0.1181, 0.0547 0.1979 0.1181, 0.0541 0.1964 0.1181, 0.0533 0.1952 0.1181, 0.0436 0.2191 0.1181, 0.0473 0.2196 0.1181, 0.0506 0.2193 0.1181, 0.0519 0.194 0.1181, 0.0506 0.1932 0.1181, 0.0469 0.2158 0.1181, 0.0455 0.2157 0.1181, 0.0418 0.2122 0.1181, 0.0443 0.2154 0.1181, 0.0432 0.2148 0.1181, 0.0419 0.2116 0.1181, 0.042 0.2109 0.1181, 0.0424 0.2103 0.1181, 0.0428 0.2098 0.1181, 0.0445 0.2088 0.1181, 0.0501 0.2154 0.1181, 0.0473 0.2075 0.1181, 0.0528 0.2144 0.1181, 0.0491 0.2068 0.1181, 0.0522 0.2051 0.1181, 0.0425 0.2142 0.1181, 0.0421 0.2136 0.1181, 0.0419 0.213 0.1181, 0.0416 0.196 0.1181, 0.0441 0.2041 0.1181, 0.0413 0.2054 0.1181, 0.0446 0.1957 0.1181, 0.0448 0.1957 0.1181, 0.0471 0.2029 0.1181, 0.0472 0.1959 0.1181, 0.0501 0.1992 0.1181, 0.0501 0.1998 0.1181, 0.0484 0.1964 0.1181, 0.0488 0.1966 0.1181, 0.0494 0.1971 0.1181, 0.0498 0.1977 0.1181, 0.05 0.1984 0.1181, 0.0499 0.2006 0.1181, 0.0495 0.2012 0.1181, 0.0489 0.2018 0.1181, 0.0779 0.219 0.1181, 0.0852 0.2246 0.1181, 0.0694 0.1991 0.1181, 0.07 0.1969 0.1181, 0.0701 0.1969 0.1181, 0.0647 0.2246 0.1181, 0.0647 0.2125 0.1181, 0.0707 0.199 0.1181, 0.0703 0.1978 0.1181, 0.0647 0.1922 0.1181, 0.0647 0.2001 0.1181, 0.0573 0.219 0.1181, 0.0625 0.219 0.1181, 0.0677 0.1926 0.1181, 0.0675 0.1922 0.1181, 0.0656 0.1877 0.1181, 0.0583 0.1804 0.1181, 0.0583 0.1845 0.1181, 0.0592 0.1842 0.1181, 0.0609 0.184 0.1181, 0.0612 0.184 0.1181, 0.0623 0.1842 0.1181, 0.0633 0.1847 0.1181, 0.0638 0.185 0.1181, 0.0647 0.186 0.1181, 0.0647 0.1861 0.1181, 0.0647 0.1809 0.1181, 0.0631 0.1802 0.1181, 0.0612 0.18 0.1181, 0.0596 0.1801 0.1181, 0.0707 0.1885 0.1181, 0.0686 0.1844 0.1181, 0.0669 0.1824 0.1181, 0.0666 0.1821 0.1181, 0.065 0.1809 0.1181, 0.1058 0.2092 0.1181, 0.0994 0.2092 0.1181, 0.0994 0.1967 0.1181, 0.0925 0.2092 0.1181, 0.0925 0.1967 0.1181, 0.0925 0.2246 0.1181, 0.0925 0.2134 0.1181, 0.0994 0.2134 0.1181, 0.1058 0.2134 0.1181, 0.0877 0.2246 0.1181, 0.0877 0.2296 0.1181, 0.0877 0.1925 0.1181, 0.0561 0.315 0.1181, 0.0647 0.315 0.1181, 0.0852 0.315 0.1181, 0.0056 0.315 0.1181, 0.1058 0.2513 0.1181, 0.1005 0.2513 0.1181, 0.1146 0.2884 0.1181, 0.1197 0.2884 0.1181, 0.1338 0.2513 0.1181, 0.1285 0.2513 0.1181, 0.1248 0.2614 0.1181, 0.1093 0.2614 0.1181, -0.0149 0.2513 0.1181, -0.0149 0.2884 0.1181, 0.0046 0.2513 0.1181, 0.0994 0.2296 0.1181, 0.6299 -0.315 0.1181, 0.2137 -0.0684 0.1181, 0.0994 -0.0684 0.1181, -0.6299 0.315 0.1181, -0.6299 0.2887 0.1181, -0.6299 0.251 0.1181, -0.6299 0.2246 0.1181, -0.6299 0.1922 0.1181, -0.1787 0.2594 0.0, -0.2152 0.23 0.0, -0.6299 0.315 0.0, -0.1181 -0.292 0.0, -0.1181 -0.315 0.0, -0.1382 -0.283 0.0, -0.6299 -0.315 0.0, -0.1181 0.315 0.0, -0.1181 0.292 0.0, -0.1382 0.283 0.0, -0.2469 0.1955 0.0, -0.2732 0.1568 0.0, -0.2934 0.1145 0.0, -0.3071 -0.0697 0.0, -0.2934 -0.1145 0.0, -0.2732 -0.1568 0.0, -0.2469 -0.1955 0.0, -0.3071 0.0697 0.0, -0.3141 0.0234 0.0, -0.3141 -0.0234 0.0, -0.2152 -0.23 0.0, -0.1787 -0.2594 0.0, 0.2732 -0.1568 0.0, 0.2934 -0.1145 0.0, 0.6299 -0.315 0.0, 0.3071 0.0697 0.0, 0.2934 0.1145 0.0, 0.6299 0.315 0.0, 0.1787 -0.2594 0.0, 0.2152 -0.23 0.0, 0.2469 -0.1955 0.0, 0.1181 -0.315 0.0, 0.1181 -0.292 0.0, 0.1382 -0.283 0.0, 0.3071 -0.0697 0.0, 0.3141 -0.0234 0.0, 0.3141 0.0234 0.0, 0.2732 0.1568 0.0, 0.2469 0.1955 0.0, 0.2152 0.23 0.0, 0.1181 0.292 0.0, 0.1181 0.315 0.0, 0.1382 0.283 0.0, 0.1787 0.2594 0.0
            ]
        }
        coordIndex [
            0,1,2,-1,3,4,5,-1,6,7,8,-1,9,10,11,-1,12,13,14,-1,15,16,17,-1,18,19,20,-1,21,22,23,-1,24,25,26,-1,27,28,29,-1,30,31,2,-1,32,33,34,-1,35,36,37,-1,38,39,40,-1,40,39,41,-1,40,41,42,-1,43,44,41,-1,41,44,45,-1,41,45,46,-1,46,47,41,-1,41,47,48,-1,41,48,42,-1,49,50,51,-1,51,50,52,-1,51,52,53,-1,53,52,54,-1,53,54,43,-1,55,56,57,-1,37,36,55,-1,55,36,58,-1,55,58,59,-1,49,51,60,-1,60,51,55,-1,60,55,61,-1,61,55,57,-1,61,57,62,-1,62,57,63,-1,62,63,64,-1,59,65,55,-1,55,65,66,-1,55,66,56,-1,67,68,69,-1,67,69,37,-1,37,69,70,-1,37,70,35,-1,71,72,73,-1,71,73,74,-1,72,75,73,-1,73,75,76,-1,73,76,67,-1,67,76,77,-1,67,77,68,-1,23,78,79,-1,79,80,23,-1,23,80,81,-1,23,81,73,-1,73,81,82,-1,73,82,74,-1,78,23,83,-1,83,23,22,-1,83,22,84,-1,84,22,85,-1,85,22,86,-1,85,86,87,-1,88,89,90,-1,90,89,91,-1,91,92,90,-1,90,92,93,-1,90,93,94,-1,95,96,97,-1,98,99,88,-1,88,99,100,-1,88,100,101,-1,102,103,104,-1,104,103,105,-1,95,97,106,-1,107,108,109,-1,109,108,110,-1,109,110,97,-1,97,110,111,-1,97,111,106,-1,96,112,97,-1,97,112,113,-1,97,113,88,-1,88,113,114,-1,88,114,98,-1,115,116,117,-1,117,116,118,-1,117,118,104,-1,104,118,119,-1,104,119,102,-1,105,120,104,-1,104,120,121,-1,104,121,122,-1,101,123,88,-1,88,123,124,-1,88,124,125,-1,125,124,115,-1,125,115,126,-1,126,115,117,-1,104,127,128,-1,122,129,104,-1,104,129,130,-1,104,130,131,-1,131,132,104,-1,104,132,133,-1,104,133,127,-1,134,135,136,-1,134,136,137,-1,138,139,137,-1,128,140,104,-1,104,140,141,-1,104,141,142,-1,142,141,143,-1,142,143,144,-1,139,138,145,-1,145,138,146,-1,145,146,147,-1,148,149,150,-1,150,149,145,-1,150,145,151,-1,151,145,147,-1,142,152,153,-1,144,154,142,-1,142,154,155,-1,142,155,152,-1,156,157,158,-1,158,157,142,-1,158,142,159,-1,159,142,153,-1,156,136,157,-1,157,136,135,-1,157,135,34,-1,34,135,160,-1,34,160,32,-1,161,162,148,-1,148,162,163,-1,148,163,149,-1,161,164,162,-1,162,164,165,-1,162,165,166,-1,167,168,136,-1,137,136,138,-1,138,136,168,-1,138,168,169,-1,170,171,172,-1,172,171,173,-1,172,173,136,-1,136,173,174,-1,136,174,175,-1,175,176,136,-1,136,176,177,-1,136,177,178,-1,169,179,138,-1,138,179,180,-1,138,180,181,-1,178,182,136,-1,136,182,183,-1,136,183,167,-1,184,185,181,-1,181,185,186,-1,181,186,138,-1,38,187,39,-1,39,187,188,-1,39,188,109,-1,109,188,189,-1,109,189,107,-1,190,191,192,-1,192,193,2,-1,194,195,196,-1,196,195,197,-1,196,197,198,-1,199,200,193,-1,193,200,201,-1,202,30,203,-1,203,30,2,-1,203,2,204,-1,204,2,193,-1,204,193,205,-1,205,193,201,-1,198,206,196,-1,196,206,207,-1,196,207,193,-1,193,207,208,-1,193,208,199,-1,209,210,211,-1,190,192,212,-1,212,192,2,-1,212,2,213,-1,213,2,1,-1,213,1,214,-1,214,1,215,-1,214,215,216,-1,216,215,210,-1,216,210,217,-1,194,196,218,-1,218,196,217,-1,218,217,219,-1,10,9,220,-1,220,9,221,-1,220,221,209,-1,209,221,222,-1,209,222,210,-1,210,222,223,-1,210,223,217,-1,217,223,224,-1,217,224,219,-1,225,226,227,-1,227,226,228,-1,229,230,231,-1,231,230,232,-1,228,231,227,-1,227,231,232,-1,227,232,233,-1,233,232,234,-1,233,234,235,-1,236,39,237,-1,237,39,109,-1,237,109,235,-1,235,109,97,-1,235,97,233,-1,238,225,239,-1,239,225,227,-1,239,227,240,-1,240,227,241,-1,240,241,236,-1,242,243,244,-1,244,243,245,-1,246,247,248,-1,248,247,249,-1,248,250,246,-1,246,250,251,-1,246,251,252,-1,252,251,253,-1,252,253,254,-1,242,244,255,-1,255,244,251,-1,255,251,256,-1,256,251,250,-1,256,250,257,-1,250,258,257,-1,257,258,259,-1,257,259,260,-1,249,247,261,-1,261,247,262,-1,261,262,263,-1,264,262,265,-1,265,262,266,-1,253,267,254,-1,254,267,263,-1,254,263,29,-1,29,263,262,-1,29,262,268,-1,268,262,264,-1,27,29,269,-1,270,271,268,-1,268,271,272,-1,268,272,29,-1,29,272,273,-1,29,273,269,-1,274,275,268,-1,268,275,276,-1,268,276,277,-1,277,278,268,-1,268,278,279,-1,268,279,270,-1,280,281,282,-1,282,281,283,-1,282,283,284,-1,280,285,281,-1,281,285,286,-1,281,286,287,-1,287,286,288,-1,287,288,289,-1,284,290,282,-1,282,290,291,-1,282,291,268,-1,268,291,292,-1,268,292,274,-1,293,294,295,-1,295,294,296,-1,295,296,266,-1,26,297,298,-1,298,299,26,-1,26,299,300,-1,26,300,24,-1,301,302,26,-1,26,302,303,-1,26,303,297,-1,304,305,241,-1,241,305,306,-1,241,306,301,-1,301,306,307,-1,301,307,302,-1,308,309,310,-1,310,309,311,-1,310,311,312,-1,313,314,315,-1,315,314,316,-1,315,316,310,-1,310,316,317,-1,310,317,308,-1,318,319,320,-1,320,319,321,-1,320,322,318,-1,318,322,323,-1,318,323,324,-1,324,323,325,-1,324,325,326,-1,326,325,327,-1,326,327,328,-1,328,327,329,-1,328,329,330,-1,330,329,331,-1,332,333,334,-1,335,336,337,-1,337,336,332,-1,337,332,338,-1,338,332,334,-1,338,334,331,-1,331,334,339,-1,331,339,330,-1,340,341,342,-1,343,344,20,-1,18,20,345,-1,345,20,344,-1,345,344,346,-1,20,347,343,-1,343,347,348,-1,343,348,349,-1,349,348,350,-1,349,350,351,-1,351,350,352,-1,351,352,353,-1,353,352,90,-1,353,90,86,-1,86,90,94,-1,86,94,87,-1,354,355,211,-1,356,357,358,-1,358,357,359,-1,360,361,362,-1,362,361,211,-1,362,211,363,-1,363,211,355,-1,359,364,358,-1,358,364,365,-1,358,365,366,-1,366,367,358,-1,358,367,368,-1,358,368,211,-1,211,368,369,-1,211,369,354,-1,246,370,356,-1,356,370,371,-1,356,371,357,-1,360,372,361,-1,361,372,373,-1,361,373,252,-1,252,373,374,-1,252,374,246,-1,246,374,375,-1,246,375,370,-1,376,377,378,-1,379,380,315,-1,376,378,381,-1,382,383,384,-1,384,383,385,-1,386,387,379,-1,379,387,388,-1,379,388,389,-1,389,388,390,-1,391,392,390,-1,390,392,393,-1,390,393,389,-1,385,394,384,-1,384,394,395,-1,384,395,396,-1,397,398,315,-1,315,398,399,-1,315,399,313,-1,313,399,28,-1,400,401,378,-1,378,401,402,-1,378,402,381,-1,380,403,315,-1,315,403,404,-1,315,404,405,-1,397,406,407,-1,407,406,408,-1,407,408,409,-1,410,411,390,-1,390,411,412,-1,390,412,413,-1,396,414,384,-1,384,414,415,-1,384,415,315,-1,315,415,416,-1,315,416,379,-1,379,416,417,-1,379,417,386,-1,405,418,315,-1,315,418,419,-1,315,419,397,-1,397,419,420,-1,397,420,406,-1,421,422,423,-1,423,422,424,-1,423,424,425,-1,413,426,390,-1,390,426,427,-1,390,427,391,-1,428,429,430,-1,430,429,431,-1,430,431,409,-1,409,431,432,-1,409,432,407,-1,377,433,348,-1,350,434,435,-1,348,433,350,-1,350,433,436,-1,350,436,434,-1,421,428,422,-1,422,428,430,-1,422,430,437,-1,437,430,438,-1,437,438,439,-1,439,438,440,-1,439,440,441,-1,441,440,442,-1,443,442,348,-1,348,442,440,-1,348,440,377,-1,377,440,438,-1,377,438,378,-1,444,445,446,-1,447,448,446,-1,449,450,17,-1,398,451,399,-1,399,451,452,-1,399,452,453,-1,450,454,17,-1,17,454,455,-1,17,455,456,-1,453,457,399,-1,399,457,458,-1,399,458,444,-1,444,458,459,-1,444,459,445,-1,456,460,17,-1,17,460,461,-1,17,461,15,-1,462,463,464,-1,464,463,465,-1,464,465,466,-1,464,467,462,-1,462,467,468,-1,462,468,469,-1,469,470,462,-1,462,470,471,-1,462,471,472,-1,472,471,473,-1,472,473,474,-1,474,473,475,-1,474,475,446,-1,446,475,476,-1,446,476,447,-1,477,478,466,-1,466,478,479,-1,466,479,464,-1,480,481,425,-1,425,481,482,-1,425,482,423,-1,480,483,481,-1,481,483,484,-1,481,484,485,-1,485,484,486,-1,485,487,488,-1,486,489,485,-1,485,489,490,-1,485,490,491,-1,491,492,485,-1,485,492,493,-1,485,493,487,-1,488,494,485,-1,485,494,495,-1,485,495,496,-1,497,12,498,-1,499,500,501,-1,498,502,497,-1,497,502,503,-1,497,503,504,-1,504,503,499,-1,504,499,505,-1,505,499,501,-1,506,507,17,-1,17,507,508,-1,448,449,446,-1,446,449,17,-1,446,17,444,-1,444,17,508,-1,444,508,502,-1,502,508,509,-1,502,509,503,-1,510,507,511,-1,511,507,506,-1,511,506,512,-1,347,513,514,-1,515,516,17,-1,443,348,16,-1,16,348,347,-1,16,347,17,-1,17,347,514,-1,17,514,515,-1,516,517,17,-1,17,517,518,-1,17,518,519,-1,519,520,17,-1,17,520,521,-1,17,521,506,-1,506,521,522,-1,506,522,512,-1,523,524,20,-1,20,524,525,-1,20,525,347,-1,347,525,526,-1,347,526,513,-1,14,13,19,-1,19,13,527,-1,19,527,528,-1,528,529,19,-1,19,529,530,-1,19,530,20,-1,20,530,531,-1,20,531,523,-1,532,533,534,-1,534,533,535,-1,534,535,536,-1,537,538,539,-1,534,202,532,-1,532,202,203,-1,532,203,540,-1,540,203,221,-1,540,221,539,-1,539,221,9,-1,539,9,537,-1,537,9,11,-1,498,541,542,-1,12,14,498,-1,498,14,543,-1,498,543,541,-1,266,262,295,-1,295,262,247,-1,295,247,544,-1,544,247,246,-1,544,246,545,-1,545,246,356,-1,545,356,546,-1,546,356,358,-1,546,358,8,-1,43,41,53,-1,53,41,301,-1,53,301,547,-1,547,301,26,-1,547,26,293,-1,293,26,25,-1,293,25,294,-1,548,549,211,-1,211,549,358,-1,358,549,550,-1,358,550,551,-1,8,358,6,-1,6,358,551,-1,6,551,210,-1,210,551,552,-1,210,552,211,-1,211,552,553,-1,211,553,548,-1,548,553,554,-1,548,554,555,-1,236,241,39,-1,39,241,556,-1,39,556,41,-1,556,557,41,-1,41,557,3,-1,41,3,301,-1,301,3,5,-1,301,5,241,-1,241,5,558,-1,241,558,556,-1,28,399,29,-1,29,399,444,-1,29,444,254,-1,254,444,502,-1,254,502,252,-1,252,502,498,-1,252,498,361,-1,361,498,542,-1,361,542,211,-1,211,542,559,-1,211,559,209,-1,312,304,310,-1,310,304,241,-1,310,241,315,-1,315,241,227,-1,315,227,384,-1,384,227,233,-1,2,340,0,-1,0,340,342,-1,0,342,560,-1,560,342,561,-1,560,561,335,-1,335,561,562,-1,335,562,336,-1,31,543,2,-1,2,543,14,-1,2,14,340,-1,340,14,19,-1,340,19,341,-1,341,19,18,-1,88,90,97,-1,97,90,352,-1,97,352,233,-1,233,352,350,-1,233,350,384,-1,384,350,435,-1,384,435,382,-1,51,563,55,-1,55,563,564,-1,55,564,37,-1,37,564,565,-1,37,565,67,-1,67,565,566,-1,67,566,73,-1,73,566,567,-1,73,567,23,-1,23,567,321,-1,23,321,21,-1,21,321,319,-1,568,569,570,-1,571,572,573,-1,573,572,574,-1,575,576,570,-1,570,576,577,-1,570,577,568,-1,569,578,570,-1,570,578,579,-1,570,579,580,-1,581,582,574,-1,574,582,583,-1,574,583,584,-1,580,585,570,-1,570,585,586,-1,570,586,574,-1,574,586,587,-1,574,587,581,-1,584,588,574,-1,574,588,589,-1,574,589,573,-1,590,591,592,-1,593,594,595,-1,596,597,592,-1,592,597,598,-1,592,598,590,-1,599,600,592,-1,592,600,601,-1,592,601,596,-1,591,602,592,-1,592,602,603,-1,592,603,595,-1,595,603,604,-1,595,604,593,-1,594,605,595,-1,595,605,606,-1,595,606,607,-1,608,609,610,-1,610,609,595,-1,610,595,611,-1,611,595,607,-1,7,560,595,-1,595,560,592,-1,575,570,563,-1,575,563,609,-1,609,563,7,-1,609,7,595,-1,320,563,574,-1,574,563,570,-1,599,592,560,-1,599,560,572,-1,572,560,320,-1,572,320,574,-1,
        ]
    }
}
Shape{
    appearance Appearance {
        material  Material {
            diffuseColor 1.0 1.0 0.0
            specularColor 0.5019607843137255 0.5019607843137255 0.0
            ambientIntensity 0.886
            transparency 0.0
            shininess 0.5
        }
    }
    geometry IndexedFaceSet {
        ccw TRUE
        solid FALSE
        coord DEF co Coordinate {
            point [
                0.1261 0.2582 -0.315, 0.0906 0.2728 -0.315, 0.1181 0.292 0.0, 0.1382 -0.283 0.0, 0.1181 -0.292 0.0, 0.0906 -0.2728 -0.315, 0.1261 -0.2582 -0.315, 0.163 -0.2367 -0.315, 0.1787 -0.2594 0.0, 0.1963 -0.2099 -0.315, 0.2152 -0.23 0.0, 0.2253 -0.1784 -0.315, 0.2469 -0.1955 0.0, 0.2493 -0.1431 -0.315, 0.2732 -0.1568 0.0, 0.2677 -0.1045 -0.315, 0.2934 -0.1145 0.0, 0.2803 -0.0636 -0.315, 0.3071 -0.0697 0.0, 0.2866 -0.0214 -0.315, 0.3141 -0.0234 0.0, 0.2866 0.0214 -0.315, 0.3141 0.0234 0.0, 0.2803 0.0636 -0.315, 0.3071 0.0697 0.0, 0.2677 0.1045 -0.315, 0.2934 0.1145 0.0, 0.2493 0.1431 -0.315, 0.2732 0.1568 0.0, 0.2253 0.1784 -0.315, 0.2469 0.1955 0.0, 0.1963 0.2099 -0.315, 0.2152 0.23 0.0, 0.163 0.2367 -0.315, 0.1787 0.2594 0.0, 0.1382 0.283 0.0, 0.0906 -0.2874 -0.315, 0.1181 -0.315 0.0, -0.0906 -0.2874 -0.315, -0.1181 -0.315 0.0, -0.0906 -0.2728 -0.315, -0.1181 -0.292 0.0, -0.1261 -0.2582 -0.315, -0.1382 0.283 0.0, -0.1181 0.292 0.0, -0.0906 0.2728 -0.315, -0.1261 0.2582 -0.315, -0.163 0.2367 -0.315, -0.1787 0.2594 0.0, -0.1963 0.2099 -0.315, -0.2152 0.23 0.0, -0.2253 0.1784 -0.315, -0.2469 0.1955 0.0, -0.2493 0.1431 -0.315, -0.2732 0.1568 0.0, -0.2677 0.1045 -0.315, -0.2934 0.1145 0.0, -0.2803 0.0636 -0.315, -0.3071 0.0697 0.0, -0.2866 0.0214 -0.315, -0.3141 0.0234 0.0, -0.2866 -0.0214 -0.315, -0.3141 -0.0234 0.0, -0.2803 -0.0636 -0.315, -0.3071 -0.0697 0.0, -0.2677 -0.1045 -0.315, -0.2934 -0.1145 0.0, -0.2493 -0.1431 -0.315, -0.2732 -0.1568 0.0, -0.2253 -0.1784 -0.315, -0.2469 -0.1955 0.0, -0.1963 -0.2099 -0.315, -0.2152 -0.23 0.0, -0.163 -0.2367 -0.315, -0.1787 -0.2594 0.0, -0.1382 -0.283 0.0, -0.0906 0.2874 -0.315, -0.1181 0.315 0.0, 0.0906 0.2874 -0.315, 0.1181 0.315 0.0, 0.0851 0.1991 -0.315, 0.0482 0.2111 -0.315, 0.0097 0.2163 -0.315, -0.0669 -0.2059 -0.315, -0.1026 -0.1907 -0.315, -0.135 -0.1693 -0.315, -0.1631 -0.1425 -0.315, -0.1859 -0.1111 -0.315, -0.2027 -0.0761 -0.315, -0.2131 -0.0387 -0.315, -0.0291 0.2146 -0.315, -0.0669 0.2059 -0.315, -0.1026 0.1907 -0.315, -0.135 0.1693 -0.315, -0.1631 0.1425 -0.315, -0.2165 0.0 -0.315, -0.2131 0.0387 -0.315, -0.2027 0.0761 -0.315, -0.1859 0.1111 -0.315, -0.0291 -0.2146 -0.315, 0.0097 -0.2163 -0.315, 0.0482 -0.2111 -0.315, 0.0851 -0.1991 -0.315, 0.1193 -0.1807 -0.315, 0.1496 -0.1565 -0.315, 0.1752 -0.1273 -0.315, 0.1951 -0.094 -0.315, 0.2087 -0.0576 -0.315, 0.1193 0.1807 -0.315, 0.1496 0.1565 -0.315, 0.1752 0.1273 -0.315, 0.1951 0.094 -0.315, 0.2087 0.0576 -0.315, 0.2157 0.0194 -0.315, 0.2157 -0.0194 -0.315
            ]
        }
        coordIndex [
            0,1,2,-1,3,4,5,-1,5,6,3,-1,3,6,7,-1,3,7,8,-1,8,7,9,-1,8,9,10,-1,10,9,11,-1,10,11,12,-1,12,11,13,-1,12,13,14,-1,14,13,15,-1,14,15,16,-1,16,15,17,-1,16,17,18,-1,18,17,19,-1,18,19,20,-1,20,19,21,-1,20,21,22,-1,22,21,23,-1,22,23,24,-1,24,23,25,-1,24,25,26,-1,26,25,27,-1,26,27,28,-1,28,27,29,-1,28,29,30,-1,30,29,31,-1,30,31,32,-1,32,31,33,-1,32,33,34,-1,34,33,0,-1,34,0,35,-1,35,0,2,-1,36,5,37,-1,37,5,4,-1,38,36,39,-1,39,36,37,-1,40,38,41,-1,41,38,39,-1,42,40,41,-1,43,44,45,-1,45,46,43,-1,43,46,47,-1,43,47,48,-1,48,47,49,-1,48,49,50,-1,50,49,51,-1,50,51,52,-1,52,51,53,-1,52,53,54,-1,54,53,55,-1,54,55,56,-1,56,55,57,-1,56,57,58,-1,58,57,59,-1,58,59,60,-1,60,59,61,-1,60,61,62,-1,62,61,63,-1,62,63,64,-1,64,63,65,-1,64,65,66,-1,66,65,67,-1,66,67,68,-1,68,67,69,-1,68,69,70,-1,70,69,71,-1,70,71,72,-1,72,71,73,-1,72,73,74,-1,74,73,42,-1,74,42,75,-1,75,42,41,-1,76,45,77,-1,77,45,44,-1,78,76,79,-1,79,76,77,-1,1,78,2,-1,2,78,79,-1,80,81,45,-1,45,81,82,-1,36,38,5,-1,5,38,40,-1,83,40,84,-1,84,40,42,-1,84,42,85,-1,42,73,85,-1,85,73,71,-1,85,71,86,-1,86,71,69,-1,86,69,87,-1,87,69,67,-1,87,67,88,-1,88,67,65,-1,88,65,89,-1,82,90,45,-1,45,90,91,-1,45,91,46,-1,46,91,92,-1,46,92,47,-1,47,92,93,-1,47,93,49,-1,49,93,94,-1,65,63,89,-1,89,63,61,-1,89,61,95,-1,95,61,59,-1,95,59,96,-1,96,59,57,-1,96,57,97,-1,97,57,55,-1,97,55,98,-1,98,55,53,-1,98,53,94,-1,94,53,51,-1,94,51,49,-1,83,99,40,-1,40,99,100,-1,40,100,5,-1,5,100,101,-1,5,101,6,-1,6,101,102,-1,6,102,7,-1,7,102,103,-1,7,103,9,-1,9,103,104,-1,9,104,11,-1,11,104,105,-1,11,105,13,-1,13,105,106,-1,13,106,15,-1,15,106,107,-1,76,78,45,-1,45,78,1,-1,45,1,80,-1,80,1,0,-1,80,0,108,-1,108,0,33,-1,108,33,109,-1,109,33,31,-1,109,31,110,-1,110,31,29,-1,110,29,111,-1,29,27,111,-1,111,27,25,-1,111,25,112,-1,112,25,23,-1,112,23,113,-1,113,23,21,-1,113,21,114,-1,114,21,19,-1,114,19,107,-1,107,19,17,-1,107,17,15,-1,
        ]
    }
}
Shape{
    appearance Appearance {
        material  Material {
            diffuseColor 0.0 1.0 0.0
            specularColor 0.0 0.5019607843137255 0.0
            ambientIntensity 0.587
            transparency 0.0
            shininess 0.5
        }
    }
    geometry IndexedFaceSet {
        ccw TRUE
        solid FALSE
        coord DEF co Coordinate {
            point [
                -0.2468 -0.1564 0.1185, -0.2468 0.1564 0.1185, -0.2468 -0.1564 0.1181, -0.2468 0.1564 0.1181, 0.0564 -0.1564 0.1185, 0.0564 -0.1564 0.1181, 0.0564 -0.0684 0.1185, 0.0564 -0.0684 0.1181, 0.2137 -0.0684 0.1185, 0.2137 -0.0684 0.1181, 0.2137 0.0684 0.1185, 0.2137 0.0684 0.1181, 0.0564 0.0684 0.1185, 0.0564 0.0684 0.1181, 0.0564 0.1564 0.1185, 0.0564 0.1564 0.1181
            ]
        }
        coordIndex [
            0,1,2,-1,2,1,3,-1,4,0,5,-1,5,0,2,-1,6,4,7,-1,7,4,5,-1,8,6,9,-1,9,6,7,-1,10,8,11,-1,11,8,9,-1,12,10,13,-1,13,10,11,-1,14,12,15,-1,15,12,13,-1,1,14,3,-1,3,14,15,-1,0,4,1,-1,1,4,6,-1,14,1,12,-1,12,1,6,-1,12,6,10,-1,10,6,8,-1,
        ]
    }
}
Shape{
    appearance Appearance {
        material  Material {
            diffuseColor 1.0 1.0 0.0
            specularColor 0.5019607843137255 0.5019607843137255 0.0
            ambientIntensity 0.886
            transparency 0.0
            shininess 0.5
        }
    }
    geometry IndexedFaceSet {
        ccw TRUE
        solid FALSE
        coord DEF co Coordinate {
            point [
                -0.2165 -0.0 -0.1969, -0.2165 0.0 -0.315, -0.2131 0.0387 -0.1969, -0.2131 0.0387 -0.315, -0.2027 0.0761 -0.1969, -0.2027 0.0761 -0.315, -0.1859 0.1111 -0.1969, -0.1859 0.1111 -0.315, -0.1631 0.1425 -0.1969, -0.1631 0.1425 -0.315, -0.135 0.1693 -0.1969, -0.135 0.1693 -0.315, -0.1026 0.1907 -0.1969, -0.1026 0.1907 -0.315, -0.0669 0.2059 -0.1969, -0.0669 0.2059 -0.315, -0.0291 0.2146 -0.1969, -0.0291 0.2146 -0.315, 0.0097 0.2163 -0.1969, 0.0097 0.2163 -0.315, 0.0482 0.2111 -0.1969, 0.0482 0.2111 -0.315, 0.0851 0.1991 -0.1969, 0.0851 0.1991 -0.315, 0.1193 0.1807 -0.1969, 0.1193 0.1807 -0.315, 0.1496 0.1565 -0.1969, 0.1496 0.1565 -0.315, 0.1752 0.1273 -0.1969, 0.1752 0.1273 -0.315, 0.1951 0.094 -0.1969, 0.1951 0.094 -0.315, 0.2087 0.0576 -0.1969, 0.2087 0.0576 -0.315, 0.2157 0.0194 -0.1969, 0.2157 0.0194 -0.315, 0.2157 -0.0194 -0.1969, 0.2157 -0.0194 -0.315, 0.2087 -0.0576 -0.1969, 0.2087 -0.0576 -0.315, 0.1951 -0.094 -0.1969, 0.1951 -0.094 -0.315, 0.1752 -0.1273 -0.1969, 0.1752 -0.1273 -0.315, 0.1496 -0.1565 -0.1969, 0.1496 -0.1565 -0.315, 0.1193 -0.1807 -0.1969, 0.1193 -0.1807 -0.315, 0.0851 -0.1991 -0.1969, 0.0851 -0.1991 -0.315, 0.0482 -0.2111 -0.1969, 0.0482 -0.2111 -0.315, 0.0097 -0.2163 -0.1969, 0.0097 -0.2163 -0.315, -0.0291 -0.2146 -0.1969, -0.0291 -0.2146 -0.315, -0.0669 -0.2059 -0.1969, -0.0669 -0.2059 -0.315, -0.1026 -0.1907 -0.1969, -0.1026 -0.1907 -0.315, -0.135 -0.1693 -0.1969, -0.135 -0.1693 -0.315, -0.1631 -0.1425 -0.1969, -0.1631 -0.1425 -0.315, -0.1859 -0.1111 -0.1969, -0.1859 -0.1111 -0.315, -0.2027 -0.0761 -0.1969, -0.2027 -0.0761 -0.315, -0.2131 -0.0387 -0.1969, -0.2131 -0.0387 -0.315, -0.1803 -0.0063 -0.1969, -0.1777 -0.0313 -0.1969, -0.1716 -0.0558 -0.1969, -0.0734 -0.1648 -0.1969, -0.0497 -0.1734 -0.1969, -0.0251 -0.1787 -0.1969, 0.0 -0.1804 -0.1969, -0.1622 -0.0791 -0.1969, -0.1496 -0.1009 -0.1969, -0.1341 -0.1207 -0.1969, -0.116 -0.1382 -0.1969, -0.0956 -0.153 -0.1969, 0.0251 -0.1787 -0.1969, 0.0497 -0.1734 -0.1969, 0.0734 -0.1648 -0.1969, 0.0956 -0.153 -0.1969, -0.1794 0.0189 -0.1969, -0.1804 0.0 -0.1969, 0.116 -0.1382 -0.1969, 0.1341 -0.1207 -0.1969, 0.1496 -0.1009 -0.1969, 0.1622 -0.0791 -0.1969, 0.1716 -0.0558 -0.1969, 0.1777 -0.0313 -0.1969, 0.1803 -0.0063 -0.1969, 0.1794 0.0189 -0.1969, 0.1751 0.0436 -0.1969, -0.0375 0.1765 -0.1969, -0.0617 0.1695 -0.1969, -0.0847 0.1593 -0.1969, -0.106 0.146 -0.1969, 0.1673 0.0676 -0.1969, 0.1562 0.0902 -0.1969, 0.1422 0.1111 -0.1969, 0.1253 0.1298 -0.1969, 0.106 0.146 -0.1969, -0.1253 0.1298 -0.1969, -0.1422 0.1111 -0.1969, -0.1562 0.0902 -0.1969, -0.1673 0.0676 -0.1969, -0.1751 0.0436 -0.1969, 0.0847 0.1593 -0.1969, 0.0617 0.1695 -0.1969, 0.0375 0.1765 -0.1969, 0.0126 0.18 -0.1969, -0.0126 0.18 -0.1969, 0.007 -0.0243 -0.3133, 0.0035 -0.025 -0.3133, 0.0 -0.0 -0.315, 0.0103 -0.0231 -0.3133, 0.0134 -0.0214 -0.3133, 0.0163 -0.0194 -0.3133, 0.0188 -0.0169 -0.3133, 0.021 -0.0141 -0.3133, 0.0227 -0.0111 -0.3133, 0.024 -0.0078 -0.3133, 0.0249 -0.0044 -0.3133, 0.0253 -0.0009 -0.3133, 0.0251 0.0026 -0.3133, 0.0245 0.0061 -0.3133, 0.0234 0.0095 -0.3133, 0.0219 0.0126 -0.3133, 0.0199 0.0156 -0.3133, 0.0176 0.0182 -0.3133, 0.0149 0.0205 -0.3133, 0.0119 0.0223 -0.3133, 0.0086 0.0238 -0.3133, 0.0053 0.0247 -0.3133, 0.0018 0.0252 -0.3133, -0.0018 0.0252 -0.3133, -0.0053 0.0247 -0.3133, -0.0086 0.0238 -0.3133, -0.0119 0.0223 -0.3133, -0.0149 0.0205 -0.3133, -0.0176 0.0182 -0.3133, -0.0199 0.0156 -0.3133, -0.0219 0.0126 -0.3133, -0.0234 0.0095 -0.3133, -0.0245 0.0061 -0.3133, -0.0251 0.0026 -0.3133, -0.0253 -0.0009 -0.3133, -0.0249 -0.0044 -0.3133, -0.024 -0.0078 -0.3133, -0.0227 -0.0111 -0.3133, -0.021 -0.0141 -0.3133, -0.0188 -0.0169 -0.3133, -0.0163 -0.0194 -0.3133, -0.0134 -0.0214 -0.3133, -0.0103 -0.0231 -0.3133, -0.007 -0.0243 -0.3133, -0.0035 -0.025 -0.3133, 0.0 -0.0253 -0.3133, -0.1679 0.0176 -0.2194, -0.1638 0.0408 -0.2194, -0.1565 0.0632 -0.2194, -0.1462 0.0844 -0.2194, -0.133 0.1039 -0.2194, -0.1173 0.1214 -0.2194, -0.0992 0.1366 -0.2194, -0.0793 0.149 -0.2194, -0.0577 0.1586 -0.2194, -0.0351 0.1651 -0.2194, -0.0118 0.1684 -0.2194, 0.0118 0.1684 -0.2194, 0.0351 0.1651 -0.2194, 0.0577 0.1586 -0.2194, 0.0793 0.149 -0.2194, 0.0992 0.1366 -0.2194, 0.1173 0.1214 -0.2194, 0.133 0.1039 -0.2194, 0.1462 0.0844 -0.2194, 0.1565 0.0632 -0.2194, 0.1638 0.0408 -0.2194, 0.1679 0.0176 -0.2194, 0.1687 -0.0059 -0.2194, 0.1662 -0.0293 -0.2194, 0.1605 -0.0522 -0.2194, 0.1517 -0.074 -0.2194, 0.1399 -0.0944 -0.2194, 0.1254 -0.113 -0.2194, 0.1085 -0.1293 -0.2194, 0.0895 -0.1432 -0.2194, 0.0687 -0.1542 -0.2194, 0.0465 -0.1623 -0.2194, 0.0235 -0.1672 -0.2194, 0.0 -0.1688 -0.2194, -0.0235 -0.1672 -0.2194, -0.0465 -0.1623 -0.2194, -0.0687 -0.1542 -0.2194, -0.0895 -0.1432 -0.2194, -0.1085 -0.1293 -0.2194, -0.1254 -0.113 -0.2194, -0.1399 -0.0944 -0.2194, -0.1517 -0.074 -0.2194, -0.1605 -0.0522 -0.2194, -0.1662 -0.0293 -0.2194, -0.1687 -0.0059 -0.2194, 0.0215 -0.1529 -0.2402, 0.0426 -0.1484 -0.2402, 0.0628 -0.1411 -0.2402, 0.0818 -0.1309 -0.2402, 0.0992 -0.1183 -0.2402, 0.1147 -0.1033 -0.2402, 0.128 -0.0863 -0.2402, 0.1388 -0.0677 -0.2402, 0.1468 -0.0477 -0.2402, 0.1521 -0.0268 -0.2402, 0.1543 -0.0054 -0.2402, 0.1536 0.0161 -0.2402, 0.1498 0.0374 -0.2402, 0.1432 0.0578 -0.2402, 0.1337 0.0772 -0.2402, 0.1217 0.0951 -0.2402, 0.1073 0.1111 -0.2402, 0.0908 0.1249 -0.2402, 0.0725 0.1363 -0.2402, 0.0528 0.1451 -0.2402, 0.0321 0.151 -0.2402, 0.0108 0.154 -0.2402, -0.0108 0.154 -0.2402, -0.0321 0.151 -0.2402, -0.0528 0.1451 -0.2402, -0.0725 0.1363 -0.2402, -0.0908 0.1249 -0.2402, -0.1073 0.1111 -0.2402, -0.1217 0.0951 -0.2402, -0.1337 0.0772 -0.2402, -0.1432 0.0578 -0.2402, -0.1498 0.0374 -0.2402, -0.1536 0.0161 -0.2402, -0.1543 -0.0054 -0.2402, -0.1521 -0.0268 -0.2402, -0.1468 -0.0477 -0.2402, -0.1388 -0.0677 -0.2402, -0.128 -0.0863 -0.2402, -0.1147 -0.1033 -0.2402, -0.0992 -0.1183 -0.2402, -0.0818 -0.1309 -0.2402, -0.0628 -0.1411 -0.2402, -0.0426 -0.1484 -0.2402, -0.0215 -0.1529 -0.2402, 0.0 -0.1544 -0.2402, 0.0191 -0.1361 -0.259, 0.0379 -0.1321 -0.259, 0.0559 -0.1256 -0.259, 0.0728 -0.1166 -0.259, 0.0883 -0.1053 -0.259, 0.1021 -0.092 -0.259, 0.1139 -0.0769 -0.259, 0.1235 -0.0602 -0.259, 0.1307 -0.0425 -0.259, 0.1353 -0.0239 -0.259, 0.1374 -0.0048 -0.259, 0.1367 0.0144 -0.259, 0.1334 0.0332 -0.259, 0.1274 0.0515 -0.259, 0.119 0.0687 -0.259, 0.1083 0.0846 -0.259, 0.0955 0.0989 -0.259, 0.0808 0.1112 -0.259, 0.0645 0.1213 -0.259, 0.047 0.1291 -0.259, 0.0286 0.1344 -0.259, 0.0096 0.1371 -0.259, -0.0096 0.1371 -0.259, -0.0286 0.1344 -0.259, -0.047 0.1291 -0.259, -0.0645 0.1213 -0.259, -0.0808 0.1112 -0.259, -0.0955 0.0989 -0.259, -0.1083 0.0846 -0.259, -0.119 0.0687 -0.259, -0.1274 0.0515 -0.259, -0.1334 0.0332 -0.259, -0.1367 0.0144 -0.259, -0.1374 -0.0048 -0.259, -0.1353 -0.0239 -0.259, -0.1307 -0.0425 -0.259, -0.1235 -0.0602 -0.259, -0.1139 -0.0769 -0.259, -0.1021 -0.092 -0.259, -0.0883 -0.1053 -0.259, -0.0728 -0.1166 -0.259, -0.0559 -0.1256 -0.259, -0.0379 -0.1321 -0.259, -0.0191 -0.1361 -0.259, 0.0 -0.1374 -0.259, 0.0164 -0.117 -0.2755, 0.0326 -0.1136 -0.2755, 0.0481 -0.108 -0.2755, 0.0626 -0.1002 -0.2755, 0.076 -0.0905 -0.2755, 0.0878 -0.0791 -0.2755, 0.098 -0.0661 -0.2755, 0.1062 -0.0518 -0.2755, 0.1124 -0.0365 -0.2755, 0.1164 -0.0205 -0.2755, 0.1181 -0.0041 -0.2755, 0.1175 0.0124 -0.2755, 0.1147 0.0286 -0.2755, 0.1096 0.0443 -0.2755, 0.1024 0.0591 -0.2755, 0.0931 0.0728 -0.2755, 0.0821 0.085 -0.2755, 0.0695 0.0956 -0.2755, 0.0555 0.1044 -0.2755, 0.0404 0.1111 -0.2755, 0.0246 0.1156 -0.2755, 0.0082 0.1179 -0.2755, -0.0082 0.1179 -0.2755, -0.0246 0.1156 -0.2755, -0.0404 0.1111 -0.2755, -0.0555 0.1044 -0.2755, -0.0695 0.0956 -0.2755, -0.0821 0.085 -0.2755, -0.0931 0.0728 -0.2755, -0.1024 0.0591 -0.2755, -0.1096 0.0443 -0.2755, -0.1147 0.0286 -0.2755, -0.1175 0.0124 -0.2755, -0.1181 -0.0041 -0.2755, -0.1164 -0.0205 -0.2755, -0.1124 -0.0365 -0.2755, -0.1062 -0.0518 -0.2755, -0.098 -0.0661 -0.2755, -0.0878 -0.0791 -0.2755, -0.076 -0.0905 -0.2755, -0.0626 -0.1002 -0.2755, -0.0481 -0.108 -0.2755, -0.0326 -0.1136 -0.2755, -0.0164 -0.117 -0.2755, 0.0 -0.1182 -0.2755, 0.0135 -0.0961 -0.2894, 0.0267 -0.0932 -0.2894, 0.0395 -0.0886 -0.2894, 0.0514 -0.0823 -0.2894, 0.0623 -0.0743 -0.2894, 0.0721 -0.0649 -0.2894, 0.0804 -0.0542 -0.2894, 0.0872 -0.0425 -0.2894, 0.0922 -0.03 -0.2894, 0.0955 -0.0168 -0.2894, 0.0969 -0.0034 -0.2894, 0.0965 0.0101 -0.2894, 0.0941 0.0235 -0.2894, 0.0899 0.0363 -0.2894, 0.084 0.0485 -0.2894, 0.0764 0.0597 -0.2894, 0.0674 0.0698 -0.2894, 0.057 0.0785 -0.2894, 0.0455 0.0856 -0.2894, 0.0332 0.0911 -0.2894, 0.0202 0.0949 -0.2894, 0.0068 0.0968 -0.2894, -0.0068 0.0968 -0.2894, -0.0202 0.0949 -0.2894, -0.0332 0.0911 -0.2894, -0.0455 0.0856 -0.2894, -0.057 0.0785 -0.2894, -0.0674 0.0698 -0.2894, -0.0764 0.0597 -0.2894, -0.084 0.0485 -0.2894, -0.0899 0.0363 -0.2894, -0.0941 0.0235 -0.2894, -0.0965 0.0101 -0.2894, -0.0969 -0.0034 -0.2894, -0.0955 -0.0168 -0.2894, -0.0922 -0.03 -0.2894, -0.0872 -0.0425 -0.2894, -0.0804 -0.0542 -0.2894, -0.0721 -0.0649 -0.2894, -0.0623 -0.0743 -0.2894, -0.0514 -0.0823 -0.2894, -0.0395 -0.0886 -0.2894, -0.0267 -0.0932 -0.2894, -0.0135 -0.0961 -0.2894, 0.0 -0.097 -0.2894, 0.0103 -0.0735 -0.3004, 0.0204 -0.0713 -0.3004, 0.0302 -0.0678 -0.3004, 0.0393 -0.0629 -0.3004, 0.0477 -0.0568 -0.3004, 0.0551 -0.0496 -0.3004, 0.0615 -0.0415 -0.3004, 0.0667 -0.0325 -0.3004, 0.0706 -0.0229 -0.3004, 0.0731 -0.0129 -0.3004, 0.0741 -0.0026 -0.3004, 0.0738 0.0078 -0.3004, 0.072 0.0179 -0.3004, 0.0688 0.0278 -0.3004, 0.0642 0.0371 -0.3004, 0.0585 0.0457 -0.3004, 0.0515 0.0534 -0.3004, 0.0436 0.06 -0.3004, 0.0348 0.0655 -0.3004, 0.0254 0.0697 -0.3004, 0.0154 0.0726 -0.3004, 0.0052 0.074 -0.3004, -0.0052 0.074 -0.3004, -0.0154 0.0726 -0.3004, -0.0254 0.0697 -0.3004, -0.0348 0.0655 -0.3004, -0.0436 0.06 -0.3004, -0.0515 0.0534 -0.3004, -0.0585 0.0457 -0.3004, -0.0642 0.0371 -0.3004, -0.0688 0.0278 -0.3004, -0.072 0.0179 -0.3004, -0.0738 0.0078 -0.3004, -0.0741 -0.0026 -0.3004, -0.0731 -0.0129 -0.3004, -0.0706 -0.0229 -0.3004, -0.0667 -0.0325 -0.3004, -0.0615 -0.0415 -0.3004, -0.0551 -0.0496 -0.3004, -0.0477 -0.0568 -0.3004, -0.0393 -0.0629 -0.3004, -0.0302 -0.0678 -0.3004, -0.0204 -0.0713 -0.3004, -0.0103 -0.0735 -0.3004, 0.0 -0.0742 -0.3004, 0.007 -0.0497 -0.3085, 0.0138 -0.0482 -0.3085, 0.0204 -0.0458 -0.3085, 0.0266 -0.0425 -0.3085, 0.0322 -0.0384 -0.3085, 0.0373 -0.0336 -0.3085, 0.0416 -0.028 -0.3085, 0.0451 -0.022 -0.3085, 0.0477 -0.0155 -0.3085, 0.0494 -0.0087 -0.3085, 0.0501 -0.0018 -0.3085, 0.0499 0.0052 -0.3085, 0.0487 0.0121 -0.3085, 0.0465 0.0188 -0.3085, 0.0434 0.0251 -0.3085, 0.0395 0.0309 -0.3085, 0.0348 0.0361 -0.3085, 0.0295 0.0406 -0.3085, 0.0235 0.0443 -0.3085, 0.0172 0.0471 -0.3085, 0.0104 0.0491 -0.3085, 0.0035 0.05 -0.3085, -0.0035 0.05 -0.3085, -0.0104 0.0491 -0.3085, -0.0172 0.0471 -0.3085, -0.0235 0.0443 -0.3085, -0.0295 0.0406 -0.3085, -0.0348 0.0361 -0.3085, -0.0395 0.0309 -0.3085, -0.0434 0.0251 -0.3085, -0.0465 0.0188 -0.3085, -0.0487 0.0121 -0.3085, -0.0499 0.0052 -0.3085, -0.0501 -0.0018 -0.3085, -0.0494 -0.0087 -0.3085, -0.0477 -0.0155 -0.3085, -0.0451 -0.022 -0.3085, -0.0416 -0.028 -0.3085, -0.0373 -0.0336 -0.3085, -0.0322 -0.0384 -0.3085, -0.0266 -0.0425 -0.3085, -0.0204 -0.0458 -0.3085, -0.0138 -0.0482 -0.3085, -0.007 -0.0497 -0.3085, 0.0 -0.0502 -0.3085
            ]
        }
        coordIndex [
            0,1,2,-1,2,1,3,-1,2,3,4,-1,4,3,5,-1,4,5,6,-1,6,5,7,-1,6,7,8,-1,8,7,9,-1,8,9,10,-1,10,9,11,-1,10,11,12,-1,12,11,13,-1,12,13,14,-1,14,13,15,-1,14,15,16,-1,16,15,17,-1,16,17,18,-1,18,17,19,-1,18,19,20,-1,20,19,21,-1,20,21,22,-1,22,21,23,-1,22,23,24,-1,24,23,25,-1,24,25,26,-1,26,25,27,-1,26,27,28,-1,28,27,29,-1,28,29,30,-1,30,29,31,-1,30,31,32,-1,32,31,33,-1,32,33,34,-1,34,33,35,-1,34,35,36,-1,36,35,37,-1,36,37,38,-1,38,37,39,-1,38,39,40,-1,40,39,41,-1,40,41,42,-1,42,41,43,-1,42,43,44,-1,44,43,45,-1,44,45,46,-1,46,45,47,-1,46,47,48,-1,48,47,49,-1,48,49,50,-1,50,49,51,-1,50,51,52,-1,52,51,53,-1,52,53,54,-1,54,53,55,-1,54,55,56,-1,56,55,57,-1,56,57,58,-1,58,57,59,-1,58,59,60,-1,60,59,61,-1,60,61,62,-1,62,61,63,-1,62,63,64,-1,64,63,65,-1,64,65,66,-1,66,65,67,-1,66,67,68,-1,68,67,69,-1,68,69,0,-1,0,69,1,-1,0,70,68,-1,68,70,71,-1,68,71,66,-1,66,71,72,-1,66,72,64,-1,58,73,56,-1,56,73,74,-1,56,74,54,-1,54,74,75,-1,54,75,52,-1,52,75,76,-1,52,76,50,-1,72,77,64,-1,64,77,78,-1,64,78,62,-1,62,78,79,-1,62,79,60,-1,60,79,80,-1,60,80,58,-1,58,80,81,-1,58,81,73,-1,76,82,50,-1,50,82,83,-1,50,83,48,-1,48,83,84,-1,48,84,46,-1,46,84,85,-1,46,85,44,-1,2,86,0,-1,0,86,87,-1,0,87,70,-1,85,88,44,-1,44,88,89,-1,44,89,42,-1,42,89,90,-1,42,90,40,-1,40,90,91,-1,40,91,38,-1,38,91,92,-1,38,92,36,-1,92,93,36,-1,36,93,94,-1,36,94,34,-1,34,94,95,-1,34,95,32,-1,32,95,96,-1,32,96,30,-1,16,97,14,-1,14,97,98,-1,14,98,12,-1,12,98,99,-1,12,99,10,-1,10,99,100,-1,10,100,8,-1,96,101,30,-1,30,101,102,-1,30,102,28,-1,28,102,103,-1,28,103,26,-1,26,103,104,-1,26,104,24,-1,24,104,105,-1,24,105,22,-1,100,106,8,-1,8,106,107,-1,8,107,6,-1,6,107,108,-1,6,108,4,-1,4,108,109,-1,4,109,2,-1,2,109,110,-1,2,110,86,-1,105,111,22,-1,22,111,112,-1,22,112,20,-1,20,112,113,-1,20,113,18,-1,18,113,114,-1,18,114,16,-1,16,114,115,-1,16,115,97,-1,116,117,118,-1,116,118,119,-1,120,119,118,-1,121,120,118,-1,122,121,118,-1,123,122,118,-1,124,123,118,-1,125,124,118,-1,126,125,118,-1,127,126,118,-1,128,127,118,-1,129,128,118,-1,130,129,118,-1,131,130,118,-1,132,131,118,-1,133,132,118,-1,134,133,118,-1,135,134,118,-1,136,135,118,-1,137,136,118,-1,138,137,118,-1,139,138,118,-1,140,139,118,-1,141,140,118,-1,142,141,118,-1,143,142,118,-1,144,143,118,-1,145,144,118,-1,146,145,118,-1,147,146,118,-1,148,147,118,-1,149,148,118,-1,150,149,118,-1,151,150,118,-1,152,151,118,-1,153,152,118,-1,154,153,118,-1,155,154,118,-1,156,155,118,-1,157,156,118,-1,158,157,118,-1,159,158,118,-1,160,159,118,-1,161,160,118,-1,117,161,118,-1,87,86,162,-1,162,86,110,-1,162,110,163,-1,163,110,109,-1,163,109,164,-1,164,109,108,-1,164,108,165,-1,165,108,107,-1,165,107,166,-1,166,107,106,-1,166,106,167,-1,167,106,100,-1,167,100,168,-1,168,100,99,-1,168,99,169,-1,169,99,98,-1,169,98,170,-1,170,98,97,-1,170,97,171,-1,171,97,115,-1,171,115,172,-1,172,115,114,-1,172,114,173,-1,173,114,113,-1,173,113,174,-1,174,113,112,-1,174,112,175,-1,175,112,111,-1,175,111,176,-1,176,111,105,-1,176,105,177,-1,177,105,104,-1,177,104,178,-1,178,104,103,-1,178,103,179,-1,179,103,102,-1,179,102,180,-1,180,102,101,-1,180,101,181,-1,181,101,96,-1,181,96,182,-1,182,96,95,-1,182,95,183,-1,183,95,94,-1,183,94,184,-1,184,94,93,-1,184,93,185,-1,185,93,92,-1,185,92,186,-1,186,92,91,-1,186,91,187,-1,187,91,90,-1,187,90,188,-1,188,90,89,-1,188,89,189,-1,189,89,88,-1,189,88,190,-1,190,88,85,-1,190,85,191,-1,191,85,84,-1,191,84,192,-1,192,84,83,-1,192,83,193,-1,193,83,82,-1,193,82,194,-1,194,82,76,-1,194,76,195,-1,195,76,75,-1,195,75,196,-1,196,75,74,-1,196,74,197,-1,197,74,73,-1,197,73,198,-1,198,73,81,-1,198,81,199,-1,199,81,80,-1,199,80,200,-1,200,80,79,-1,200,79,201,-1,201,79,78,-1,201,78,202,-1,202,78,77,-1,202,77,203,-1,203,77,72,-1,203,72,204,-1,204,72,71,-1,204,71,205,-1,205,71,70,-1,205,70,206,-1,206,70,87,-1,206,87,162,-1,195,207,194,-1,194,207,208,-1,194,208,193,-1,193,208,209,-1,193,209,192,-1,192,209,210,-1,192,210,191,-1,191,210,211,-1,191,211,190,-1,190,211,212,-1,190,212,189,-1,189,212,213,-1,189,213,188,-1,188,213,214,-1,188,214,187,-1,187,214,215,-1,187,215,186,-1,186,215,216,-1,186,216,185,-1,185,216,217,-1,185,217,184,-1,184,217,218,-1,184,218,183,-1,183,218,219,-1,183,219,182,-1,182,219,220,-1,182,220,181,-1,181,220,221,-1,181,221,180,-1,180,221,222,-1,180,222,179,-1,179,222,223,-1,179,223,178,-1,178,223,224,-1,178,224,177,-1,177,224,225,-1,177,225,176,-1,176,225,226,-1,176,226,175,-1,175,226,227,-1,175,227,174,-1,174,227,228,-1,174,228,173,-1,173,228,229,-1,173,229,172,-1,172,229,230,-1,172,230,171,-1,171,230,231,-1,171,231,170,-1,170,231,232,-1,170,232,169,-1,169,232,233,-1,169,233,168,-1,168,233,234,-1,168,234,167,-1,167,234,235,-1,167,235,166,-1,166,235,236,-1,166,236,165,-1,165,236,237,-1,165,237,164,-1,164,237,238,-1,164,238,163,-1,163,238,239,-1,163,239,162,-1,162,239,240,-1,162,240,206,-1,206,240,241,-1,206,241,205,-1,205,241,242,-1,205,242,204,-1,204,242,243,-1,204,243,203,-1,203,243,244,-1,203,244,202,-1,202,244,245,-1,202,245,201,-1,201,245,246,-1,201,246,200,-1,200,246,247,-1,200,247,199,-1,199,247,248,-1,199,248,198,-1,198,248,249,-1,198,249,197,-1,197,249,250,-1,197,250,196,-1,196,250,251,-1,196,251,195,-1,195,251,207,-1,251,252,207,-1,207,252,253,-1,207,253,208,-1,208,253,254,-1,208,254,209,-1,209,254,255,-1,209,255,210,-1,210,255,256,-1,210,256,211,-1,211,256,257,-1,211,257,212,-1,212,257,258,-1,212,258,213,-1,213,258,259,-1,213,259,214,-1,214,259,260,-1,214,260,215,-1,215,260,261,-1,215,261,216,-1,216,261,262,-1,216,262,217,-1,217,262,263,-1,217,263,218,-1,218,263,264,-1,218,264,219,-1,219,264,265,-1,219,265,220,-1,220,265,266,-1,220,266,221,-1,221,266,267,-1,221,267,222,-1,222,267,268,-1,222,268,223,-1,223,268,269,-1,223,269,224,-1,224,269,270,-1,224,270,225,-1,225,270,271,-1,225,271,226,-1,226,271,272,-1,226,272,227,-1,227,272,273,-1,227,273,228,-1,228,273,274,-1,228,274,229,-1,229,274,275,-1,229,275,230,-1,230,275,276,-1,230,276,231,-1,231,276,277,-1,231,277,232,-1,232,277,278,-1,232,278,233,-1,233,278,279,-1,233,279,234,-1,234,279,280,-1,234,280,235,-1,235,280,281,-1,235,281,236,-1,236,281,282,-1,236,282,237,-1,237,282,283,-1,237,283,238,-1,238,283,284,-1,238,284,239,-1,239,284,285,-1,239,285,240,-1,240,285,286,-1,240,286,241,-1,241,286,287,-1,241,287,242,-1,242,287,288,-1,242,288,243,-1,243,288,289,-1,243,289,244,-1,244,289,290,-1,244,290,245,-1,245,290,291,-1,245,291,246,-1,246,291,292,-1,246,292,247,-1,247,292,293,-1,247,293,248,-1,248,293,294,-1,248,294,249,-1,249,294,295,-1,249,295,250,-1,250,295,296,-1,250,296,251,-1,251,296,252,-1,296,297,252,-1,252,297,298,-1,252,298,253,-1,253,298,299,-1,253,299,254,-1,254,299,300,-1,254,300,255,-1,255,300,301,-1,255,301,256,-1,256,301,302,-1,256,302,257,-1,257,302,303,-1,257,303,258,-1,258,303,304,-1,258,304,259,-1,259,304,305,-1,259,305,260,-1,260,305,306,-1,260,306,261,-1,261,306,307,-1,261,307,262,-1,262,307,308,-1,262,308,263,-1,263,308,309,-1,263,309,264,-1,264,309,310,-1,264,310,265,-1,265,310,311,-1,265,311,266,-1,266,311,312,-1,266,312,267,-1,267,312,313,-1,267,313,268,-1,268,313,314,-1,268,314,269,-1,269,314,315,-1,269,315,270,-1,270,315,316,-1,270,316,271,-1,271,316,317,-1,271,317,272,-1,272,317,318,-1,272,318,273,-1,273,318,319,-1,273,319,274,-1,274,319,320,-1,274,320,275,-1,275,320,321,-1,275,321,276,-1,276,321,322,-1,276,322,277,-1,277,322,323,-1,277,323,278,-1,278,323,324,-1,278,324,279,-1,279,324,325,-1,279,325,280,-1,280,325,326,-1,280,326,281,-1,281,326,327,-1,281,327,282,-1,282,327,328,-1,282,328,283,-1,283,328,329,-1,283,329,284,-1,284,329,330,-1,284,330,285,-1,285,330,331,-1,285,331,286,-1,286,331,332,-1,286,332,287,-1,287,332,333,-1,287,333,288,-1,288,333,334,-1,288,334,289,-1,289,334,335,-1,289,335,290,-1,290,335,336,-1,290,336,291,-1,291,336,337,-1,291,337,292,-1,292,337,338,-1,292,338,293,-1,293,338,339,-1,293,339,294,-1,294,339,340,-1,294,340,295,-1,295,340,341,-1,295,341,296,-1,296,341,297,-1,341,342,297,-1,297,342,343,-1,297,343,298,-1,298,343,344,-1,298,344,299,-1,299,344,345,-1,299,345,300,-1,300,345,346,-1,300,346,301,-1,301,346,347,-1,301,347,302,-1,302,347,348,-1,302,348,303,-1,303,348,349,-1,303,349,304,-1,304,349,350,-1,304,350,305,-1,305,350,351,-1,305,351,306,-1,306,351,352,-1,306,352,307,-1,307,352,353,-1,307,353,308,-1,308,353,354,-1,308,354,309,-1,309,354,355,-1,309,355,310,-1,310,355,356,-1,310,356,311,-1,311,356,357,-1,311,357,312,-1,312,357,358,-1,312,358,313,-1,313,358,359,-1,313,359,314,-1,314,359,360,-1,314,360,315,-1,315,360,361,-1,315,361,316,-1,316,361,362,-1,316,362,317,-1,317,362,363,-1,317,363,318,-1,318,363,364,-1,318,364,319,-1,319,364,365,-1,319,365,320,-1,320,365,366,-1,320,366,321,-1,321,366,367,-1,321,367,322,-1,322,367,368,-1,322,368,323,-1,323,368,369,-1,323,369,324,-1,324,369,370,-1,324,370,325,-1,325,370,371,-1,325,371,326,-1,326,371,372,-1,326,372,327,-1,327,372,373,-1,327,373,328,-1,328,373,374,-1,328,374,329,-1,329,374,375,-1,329,375,330,-1,330,375,376,-1,330,376,331,-1,331,376,377,-1,331,377,332,-1,332,377,378,-1,332,378,333,-1,333,378,379,-1,333,379,334,-1,334,379,380,-1,334,380,335,-1,335,380,381,-1,335,381,336,-1,336,381,382,-1,336,382,337,-1,337,382,383,-1,337,383,338,-1,338,383,384,-1,338,384,339,-1,339,384,385,-1,339,385,340,-1,340,385,386,-1,340,386,341,-1,341,386,342,-1,386,387,342,-1,342,387,388,-1,342,388,343,-1,343,388,389,-1,343,389,344,-1,344,389,390,-1,344,390,345,-1,345,390,391,-1,345,391,346,-1,346,391,392,-1,346,392,347,-1,347,392,393,-1,347,393,348,-1,348,393,394,-1,348,394,349,-1,349,394,395,-1,349,395,350,-1,350,395,396,-1,350,396,351,-1,351,396,397,-1,351,397,352,-1,352,397,398,-1,352,398,353,-1,353,398,399,-1,353,399,354,-1,354,399,400,-1,354,400,355,-1,355,400,401,-1,355,401,356,-1,356,401,402,-1,356,402,357,-1,357,402,403,-1,357,403,358,-1,358,403,404,-1,358,404,359,-1,359,404,405,-1,359,405,360,-1,360,405,406,-1,360,406,361,-1,361,406,407,-1,361,407,362,-1,362,407,408,-1,362,408,363,-1,363,408,409,-1,363,409,364,-1,364,409,410,-1,364,410,365,-1,365,410,411,-1,365,411,366,-1,366,411,412,-1,366,412,367,-1,367,412,413,-1,367,413,368,-1,368,413,414,-1,368,414,369,-1,369,414,415,-1,369,415,370,-1,370,415,416,-1,370,416,371,-1,371,416,417,-1,371,417,372,-1,372,417,418,-1,372,418,373,-1,373,418,419,-1,373,419,374,-1,374,419,420,-1,374,420,375,-1,375,420,421,-1,375,421,376,-1,376,421,422,-1,376,422,377,-1,377,422,423,-1,377,423,378,-1,378,423,424,-1,378,424,379,-1,379,424,425,-1,379,425,380,-1,380,425,426,-1,380,426,381,-1,381,426,427,-1,381,427,382,-1,382,427,428,-1,382,428,383,-1,383,428,429,-1,383,429,384,-1,384,429,430,-1,384,430,385,-1,385,430,431,-1,385,431,386,-1,386,431,387,-1,431,432,387,-1,387,432,433,-1,387,433,388,-1,388,433,434,-1,388,434,389,-1,389,434,435,-1,389,435,390,-1,390,435,436,-1,390,436,391,-1,391,436,437,-1,391,437,392,-1,392,437,438,-1,392,438,393,-1,393,438,439,-1,393,439,394,-1,394,439,440,-1,394,440,395,-1,395,440,441,-1,395,441,396,-1,396,441,442,-1,396,442,397,-1,397,442,443,-1,397,443,398,-1,398,443,444,-1,398,444,399,-1,399,444,445,-1,399,445,400,-1,400,445,446,-1,400,446,401,-1,401,446,447,-1,401,447,402,-1,402,447,448,-1,402,448,403,-1,403,448,449,-1,403,449,404,-1,404,449,450,-1,404,450,405,-1,405,450,451,-1,405,451,406,-1,406,451,452,-1,406,452,407,-1,407,452,453,-1,407,453,408,-1,408,453,454,-1,408,454,409,-1,409,454,455,-1,409,455,410,-1,410,455,456,-1,410,456,411,-1,411,456,457,-1,411,457,412,-1,412,457,458,-1,412,458,413,-1,413,458,459,-1,413,459,414,-1,414,459,460,-1,414,460,415,-1,415,460,461,-1,415,461,416,-1,416,461,462,-1,416,462,417,-1,417,462,463,-1,417,463,418,-1,418,463,464,-1,418,464,419,-1,419,464,465,-1,419,465,420,-1,420,465,466,-1,420,466,421,-1,421,466,467,-1,421,467,422,-1,422,467,468,-1,422,468,423,-1,423,468,469,-1,423,469,424,-1,424,469,470,-1,424,470,425,-1,425,470,471,-1,425,471,426,-1,426,471,472,-1,426,472,427,-1,427,472,473,-1,427,473,428,-1,428,473,474,-1,428,474,429,-1,429,474,475,-1,429,475,430,-1,430,475,476,-1,430,476,431,-1,431,476,432,-1,476,117,432,-1,432,117,116,-1,432,116,433,-1,433,116,119,-1,433,119,434,-1,434,119,120,-1,434,120,435,-1,435,120,121,-1,435,121,436,-1,436,121,122,-1,436,122,437,-1,437,122,123,-1,437,123,438,-1,438,123,124,-1,438,124,439,-1,439,124,125,-1,439,125,440,-1,440,125,126,-1,440,126,441,-1,441,126,127,-1,441,127,442,-1,442,127,128,-1,442,128,443,-1,443,128,129,-1,443,129,444,-1,444,129,130,-1,444,130,445,-1,445,130,131,-1,445,131,446,-1,446,131,132,-1,446,132,447,-1,447,132,133,-1,447,133,448,-1,448,133,134,-1,448,134,449,-1,449,134,135,-1,449,135,450,-1,450,135,136,-1,450,136,451,-1,451,136,137,-1,451,137,452,-1,452,137,138,-1,452,138,453,-1,453,138,139,-1,453,139,454,-1,454,139,140,-1,454,140,455,-1,455,140,141,-1,455,141,456,-1,456,141,142,-1,456,142,457,-1,457,142,143,-1,457,143,458,-1,458,143,144,-1,458,144,459,-1,459,144,145,-1,459,145,460,-1,460,145,146,-1,460,146,461,-1,461,146,147,-1,461,147,462,-1,462,147,148,-1,462,148,463,-1,463,148,149,-1,463,149,464,-1,464,149,150,-1,464,150,465,-1,465,150,151,-1,465,151,466,-1,466,151,152,-1,466,152,467,-1,467,152,153,-1,467,153,468,-1,468,153,154,-1,468,154,469,-1,469,154,155,-1,469,155,470,-1,470,155,156,-1,470,156,471,-1,471,156,157,-1,471,157,472,-1,472,157,158,-1,472,158,473,-1,473,158,159,-1,473,159,474,-1,474,159,160,-1,474,160,475,-1,475,160,161,-1,475,161,476,-1,476,161,117,-1,
        ]
    }
}
Shape{
    appearance Appearance {
        material  Material {
            diffuseColor 0.0 0.0 0.0
            specularColor 0.0 0.0 0.0
            ambientIntensity 0.0
            transparency 0.0
            shininess 0.5
        }
    }
    geometry IndexedFaceSet {
        ccw TRUE
        solid FALSE
        coord DEF co Coordinate {
            point [
                0.0046 0.2555 0.122, 0.0046 0.2513 0.122, 0.0046 0.2555 0.1181, 0.0046 0.2513 0.1181, -0.0102 0.2555 0.122, -0.0102 0.2555 0.1181, -0.0102 0.2884 0.122, -0.0102 0.2884 0.1181, -0.0149 0.2884 0.122, -0.0149 0.2884 0.1181, -0.0149 0.2513 0.122, -0.0149 0.2513 0.1181, 0.0236 0.2507 0.122, 0.0236 0.2507 0.1181, 0.0293 0.2512 0.122, 0.0269 0.251 0.1181, 0.0293 0.2512 0.1181, 0.0332 0.2525 0.1181, 0.0332 0.2525 0.122, 0.0339 0.2528 0.1181, 0.0339 0.2528 0.122, 0.0339 0.2574 0.122, 0.0339 0.2574 0.1181, 0.0302 0.2558 0.1181, 0.0302 0.2558 0.122, 0.0261 0.255 0.1181, 0.0261 0.255 0.122, 0.0243 0.2549 0.1181, 0.0243 0.2549 0.122, 0.0206 0.2554 0.1181, 0.0206 0.2554 0.122, 0.0179 0.2564 0.1181, 0.0179 0.2564 0.122, 0.0155 0.2581 0.1181, 0.0155 0.2581 0.122, 0.0148 0.2589 0.1181, 0.0148 0.2589 0.122, 0.013 0.2614 0.1181, 0.013 0.2614 0.122, 0.0118 0.2643 0.1181, 0.0118 0.2643 0.122, 0.0112 0.2681 0.1181, 0.0112 0.2681 0.122, 0.0111 0.2694 0.1181, 0.0111 0.2694 0.122, 0.0117 0.2741 0.1181, 0.0117 0.2741 0.122, 0.0128 0.2774 0.1181, 0.0128 0.2774 0.122, 0.0146 0.28 0.1181, 0.0146 0.28 0.122, 0.015 0.2806 0.1181, 0.015 0.2806 0.122, 0.0176 0.2827 0.1181, 0.0176 0.2827 0.122, 0.0205 0.284 0.1181, 0.0205 0.284 0.122, 0.0237 0.2846 0.1181, 0.0237 0.2846 0.122, 0.0251 0.2847 0.1181, 0.0251 0.2847 0.122, 0.0297 0.2841 0.1181, 0.0297 0.2841 0.122, 0.0335 0.2827 0.1181, 0.0335 0.2827 0.122, 0.0339 0.2825 0.1181, 0.0339 0.2825 0.122, 0.0339 0.2875 0.122, 0.0339 0.2875 0.1181, 0.0251 0.289 0.1181, 0.0251 0.289 0.122, 0.0252 0.289 0.122, 0.03 0.2886 0.1181, 0.03 0.2886 0.122, 0.029 0.2887 0.1181, 0.0252 0.289 0.1181, 0.0225 0.2887 0.1181, 0.0197 0.2883 0.122, 0.0197 0.2883 0.1181, 0.0158 0.2868 0.1181, 0.0158 0.2868 0.122, 0.0123 0.2844 0.1181, 0.0123 0.2844 0.122, 0.0115 0.2835 0.1181, 0.0115 0.2835 0.122, 0.0088 0.28 0.1181, 0.0088 0.28 0.122, 0.0078 0.2777 0.1181, 0.007 0.2759 0.122, 0.007 0.2759 0.1181, 0.0062 0.2711 0.1181, 0.0062 0.2711 0.122, 0.0061 0.2691 0.1181, 0.0061 0.2691 0.122, 0.0067 0.2636 0.1181, 0.0067 0.2636 0.122, 0.0078 0.2607 0.1181, 0.0082 0.2596 0.122, 0.0082 0.2596 0.1181, 0.0103 0.2564 0.1181, 0.0103 0.2564 0.122, 0.0109 0.2557 0.1181, 0.0109 0.2557 0.122, 0.0214 0.2508 0.122, 0.0139 0.2533 0.1181, 0.0139 0.2533 0.122, 0.0174 0.2516 0.1181, 0.0174 0.2516 0.122, 0.0204 0.251 0.1181, 0.0214 0.2508 0.1181, 0.0612 0.2555 0.122, 0.0612 0.2513 0.122, 0.0612 0.2555 0.1181, 0.0612 0.2513 0.1181, 0.0461 0.2555 0.1181, 0.0461 0.2555 0.122, 0.0561 0.2555 0.1181, 0.0461 0.268 0.122, 0.0461 0.268 0.1181, 0.0593 0.268 0.122, 0.0561 0.268 0.1181, 0.0593 0.268 0.1181, 0.0593 0.2722 0.122, 0.0593 0.2722 0.1181, 0.0461 0.2722 0.1181, 0.0461 0.2722 0.122, 0.0561 0.2722 0.1181, 0.0461 0.2841 0.122, 0.0461 0.2841 0.1181, 0.0604 0.2841 0.122, 0.0561 0.2841 0.1181, 0.0604 0.2841 0.1181, 0.0604 0.2884 0.122, 0.0604 0.2884 0.1181, 0.0413 0.2884 0.1181, 0.0413 0.2884 0.122, 0.0561 0.2884 0.1181, 0.0413 0.2513 0.122, 0.0413 0.2513 0.1181, 0.0561 0.2513 0.1181, 0.0913 0.2617 0.122, 0.0894 0.2594 0.122, 0.0928 0.2565 0.122, 0.0887 0.2588 0.122, 0.089 0.2538 0.122, 0.0863 0.2572 0.122, 0.0848 0.2521 0.122, 0.0831 0.256 0.122, 0.0784 0.2513 0.122, 0.0784 0.2555 0.122, 0.0682 0.2513 0.122, 0.073 0.2555 0.122, 0.0682 0.2884 0.122, 0.073 0.2841 0.122, 0.0788 0.2884 0.122, 0.0786 0.2841 0.122, 0.0845 0.2878 0.122, 0.0834 0.2836 0.122, 0.0889 0.2861 0.122, 0.0866 0.2824 0.122, 0.0928 0.2835 0.122, 0.0893 0.2806 0.122, 0.0941 0.2822 0.122, 0.0905 0.2794 0.122, 0.0964 0.279 0.122, 0.0919 0.2773 0.122, 0.0978 0.2755 0.122, 0.0929 0.2745 0.122, 0.0984 0.2703 0.122, 0.0934 0.2702 0.122, 0.0983 0.268 0.122, 0.0933 0.2678 0.122, 0.0974 0.2636 0.122, 0.0925 0.2644 0.122, 0.0956 0.2598 0.122, 0.0784 0.2513 0.1181, 0.0682 0.2513 0.1181, 0.0928 0.2565 0.1181, 0.0848 0.2521 0.1181, 0.0852 0.2523 0.1181, 0.089 0.2538 0.1181, 0.0956 0.2598 0.1181, 0.0974 0.2636 0.1181, 0.0983 0.268 0.1181, 0.0984 0.2703 0.1181, 0.0978 0.2755 0.1181, 0.0964 0.279 0.1181, 0.0941 0.2822 0.1181, 0.0928 0.2835 0.1181, 0.0788 0.2884 0.1181, 0.0889 0.2861 0.1181, 0.0852 0.2875 0.1181, 0.0845 0.2878 0.1181, 0.0682 0.2884 0.1181, 0.0786 0.2841 0.1181, 0.073 0.2841 0.1181, 0.073 0.2555 0.1181, 0.0784 0.2555 0.1181, 0.0894 0.2594 0.1181, 0.0887 0.2588 0.1181, 0.0863 0.2572 0.1181, 0.0831 0.256 0.1181, 0.0934 0.2702 0.1181, 0.0933 0.2678 0.1181, 0.0925 0.2644 0.1181, 0.0913 0.2617 0.1181, 0.0893 0.2806 0.1181, 0.0905 0.2794 0.1181, 0.0919 0.2773 0.1181, 0.0929 0.2745 0.1181, 0.0834 0.2836 0.1181, 0.0866 0.2824 0.1181
            ]
        }
        coordIndex [
            0,1,2,-1,2,1,3,-1,4,0,5,-1,5,0,2,-1,6,4,7,-1,7,4,5,-1,8,6,9,-1,9,6,7,-1,10,8,11,-1,11,8,9,-1,1,10,3,-1,3,10,11,-1,6,8,4,-1,4,8,10,-1,4,10,0,-1,0,10,1,-1,12,13,14,-1,14,13,15,-1,15,16,14,-1,14,16,17,-1,14,17,18,-1,18,17,19,-1,18,19,20,-1,21,20,22,-1,22,20,19,-1,21,22,23,-1,21,23,24,-1,24,23,25,-1,24,25,26,-1,26,25,27,-1,26,27,28,-1,28,27,29,-1,28,29,30,-1,30,29,31,-1,30,31,32,-1,32,31,33,-1,32,33,34,-1,34,33,35,-1,34,35,36,-1,36,35,37,-1,36,37,38,-1,38,37,39,-1,38,39,40,-1,40,39,41,-1,40,41,42,-1,42,41,43,-1,42,43,44,-1,44,43,45,-1,44,45,46,-1,46,45,47,-1,46,47,48,-1,48,47,49,-1,48,49,50,-1,50,49,51,-1,50,51,52,-1,52,51,53,-1,52,53,54,-1,54,53,55,-1,54,55,56,-1,56,55,57,-1,56,57,58,-1,58,57,59,-1,58,59,60,-1,60,59,61,-1,60,61,62,-1,62,61,63,-1,62,63,64,-1,64,63,65,-1,64,65,66,-1,67,66,68,-1,68,66,65,-1,69,70,71,-1,67,68,72,-1,67,72,73,-1,73,72,74,-1,73,74,71,-1,71,74,75,-1,71,75,69,-1,70,69,76,-1,70,76,77,-1,76,78,77,-1,77,78,79,-1,77,79,80,-1,80,79,81,-1,80,81,82,-1,82,81,83,-1,82,83,84,-1,84,83,85,-1,84,85,86,-1,86,85,87,-1,86,87,88,-1,87,89,88,-1,88,89,90,-1,88,90,91,-1,91,90,92,-1,91,92,93,-1,93,92,94,-1,93,94,95,-1,95,94,96,-1,95,96,97,-1,96,98,97,-1,97,98,99,-1,97,99,100,-1,100,99,101,-1,100,101,102,-1,13,12,103,-1,102,101,104,-1,102,104,105,-1,105,104,106,-1,105,106,107,-1,107,106,108,-1,107,108,103,-1,103,108,109,-1,103,109,13,-1,64,66,67,-1,46,48,86,-1,64,67,62,-1,62,67,73,-1,62,73,60,-1,60,73,71,-1,60,71,58,-1,58,71,70,-1,58,70,56,-1,56,70,77,-1,56,77,54,-1,20,21,18,-1,18,21,24,-1,18,24,14,-1,14,24,26,-1,14,26,12,-1,12,26,28,-1,12,28,103,-1,103,28,30,-1,103,30,107,-1,107,30,32,-1,107,32,105,-1,105,32,34,-1,105,34,102,-1,102,34,36,-1,102,36,100,-1,100,36,38,-1,100,38,97,-1,86,48,84,-1,77,80,54,-1,54,80,82,-1,54,82,52,-1,52,82,84,-1,52,84,50,-1,50,84,48,-1,93,44,91,-1,91,44,46,-1,91,46,88,-1,88,46,86,-1,97,38,95,-1,95,38,40,-1,95,40,93,-1,93,40,42,-1,93,42,44,-1,110,111,112,-1,112,111,113,-1,114,115,116,-1,116,115,110,-1,116,110,112,-1,117,115,118,-1,118,115,114,-1,117,118,119,-1,119,118,120,-1,119,120,121,-1,122,119,123,-1,123,119,121,-1,124,125,126,-1,126,125,122,-1,126,122,123,-1,127,125,128,-1,128,125,124,-1,127,128,129,-1,129,128,130,-1,129,130,131,-1,132,129,133,-1,133,129,131,-1,134,135,136,-1,136,135,132,-1,136,132,133,-1,137,135,138,-1,138,135,134,-1,137,138,111,-1,111,138,139,-1,111,139,113,-1,137,111,110,-1,110,115,137,-1,137,115,117,-1,137,117,135,-1,129,132,127,-1,127,132,135,-1,127,135,125,-1,125,135,117,-1,125,117,122,-1,122,117,119,-1,140,141,142,-1,142,141,143,-1,142,143,144,-1,144,143,145,-1,144,145,146,-1,146,145,147,-1,146,147,148,-1,148,147,149,-1,148,149,150,-1,150,149,151,-1,150,151,152,-1,152,151,153,-1,152,153,154,-1,154,153,155,-1,154,155,156,-1,156,155,157,-1,156,157,158,-1,158,157,159,-1,158,159,160,-1,160,159,161,-1,160,161,162,-1,162,161,163,-1,162,163,164,-1,164,163,165,-1,164,165,166,-1,166,165,167,-1,166,167,168,-1,168,167,169,-1,168,169,170,-1,170,169,171,-1,170,171,172,-1,172,171,173,-1,172,173,174,-1,174,173,140,-1,174,140,142,-1,148,150,175,-1,175,150,176,-1,177,142,144,-1,148,175,178,-1,148,178,146,-1,146,178,179,-1,146,179,144,-1,144,179,180,-1,144,180,177,-1,142,177,181,-1,142,181,174,-1,174,181,182,-1,174,182,172,-1,172,182,183,-1,172,183,170,-1,170,183,184,-1,170,184,168,-1,168,184,185,-1,168,185,166,-1,166,185,186,-1,166,186,164,-1,164,186,187,-1,164,187,162,-1,162,187,188,-1,162,188,160,-1,189,154,156,-1,160,188,190,-1,160,190,158,-1,158,190,191,-1,158,191,156,-1,156,191,192,-1,156,192,189,-1,152,154,193,-1,193,154,189,-1,150,152,176,-1,176,152,193,-1,155,153,194,-1,194,153,195,-1,153,151,195,-1,195,151,196,-1,151,149,196,-1,196,149,197,-1,141,198,199,-1,141,199,143,-1,143,199,200,-1,143,200,145,-1,145,200,201,-1,145,201,147,-1,147,201,197,-1,147,197,149,-1,169,202,203,-1,169,203,171,-1,171,203,204,-1,171,204,173,-1,173,204,205,-1,173,205,140,-1,140,205,198,-1,140,198,141,-1,161,206,207,-1,161,207,163,-1,163,207,208,-1,163,208,165,-1,165,208,209,-1,165,209,167,-1,167,209,202,-1,167,202,169,-1,155,194,210,-1,155,210,157,-1,157,210,211,-1,157,211,159,-1,159,211,206,-1,159,206,161,-1,
        ]
    }
}
Shape{
    appearance Appearance {
        material  Material {
            diffuseColor 1.0 1.0 1.0
            specularColor 0.5019607843137255 0.5019607843137255 0.5019607843137255
            ambientIntensity 1.0
            transparency 0.0
            shininess 0.5
        }
    }
    geometry IndexedFaceSet {
        ccw TRUE
        solid FALSE
        coord DEF co Coordinate {
            point [
                0.073 0.2841 0.1181, 0.073 0.2555 0.1181, 0.0786 0.2841 0.1181, 0.0784 0.2555 0.1181, 0.0831 0.256 0.1181, 0.0863 0.2572 0.1181, 0.0887 0.2588 0.1181, 0.0894 0.2594 0.1181, 0.0913 0.2617 0.1181, 0.0925 0.2644 0.1181, 0.0933 0.2678 0.1181, 0.0934 0.2702 0.1181, 0.0929 0.2745 0.1181, 0.0919 0.2773 0.1181, 0.0905 0.2794 0.1181, 0.0893 0.2806 0.1181, 0.0834 0.2836 0.1181, 0.0866 0.2824 0.1181
            ]
        }
        coordIndex [
            0,1,2,-1,2,1,3,-1,2,3,4,-1,4,5,2,-1,2,5,6,-1,2,6,7,-1,7,8,2,-1,2,8,9,-1,2,9,10,-1,10,11,2,-1,2,11,12,-1,2,12,13,-1,13,14,2,-1,2,14,15,-1,2,15,16,-1,16,15,17,-1,
        ]
    }
}
Shape{
    appearance Appearance {
        material  Material {
            diffuseColor 0.0 0.0 0.0
            specularColor 0.0 0.0 0.0
            ambientIntensity 0.0
            transparency 0.0
            shininess 0.5
        }
    }
    geometry IndexedFaceSet {
        ccw TRUE
        solid FALSE
        coord DEF co Coordinate {
            point [
                0.1108 0.2656 0.122, 0.1093 0.2614 0.122, 0.1233 0.2656 0.122, 0.1248 0.2614 0.122, 0.1164 0.281 0.122, 0.1146 0.2884 0.122, 0.1005 0.2513 0.122, 0.1058 0.2513 0.122, 0.1167 0.2821 0.122, 0.117 0.2836 0.122, 0.1197 0.2884 0.122, 0.1171 0.2836 0.122, 0.1174 0.2821 0.122, 0.1177 0.281 0.122, 0.1338 0.2513 0.122, 0.1285 0.2513 0.122, 0.1197 0.2884 0.1181, 0.1338 0.2513 0.1181, 0.1146 0.2884 0.1181, 0.1005 0.2513 0.1181, 0.1058 0.2513 0.1181, 0.1093 0.2614 0.1181, 0.1248 0.2614 0.1181, 0.1285 0.2513 0.1181, 0.1108 0.2656 0.1181, 0.1233 0.2656 0.1181, 0.1177 0.281 0.1181, 0.1171 0.2836 0.1181, 0.1174 0.2821 0.1181, 0.117 0.2836 0.1181, 0.1164 0.281 0.1181, 0.1167 0.2821 0.1181
            ]
        }
        coordIndex [
            0,1,2,-1,2,1,3,-1,4,5,0,-1,0,5,6,-1,0,6,1,-1,1,6,7,-1,4,8,5,-1,5,8,9,-1,5,9,10,-1,10,9,11,-1,10,11,12,-1,12,13,10,-1,10,13,2,-1,10,2,14,-1,14,2,3,-1,14,3,15,-1,10,14,16,-1,16,14,17,-1,5,10,18,-1,18,10,16,-1,6,5,19,-1,19,5,18,-1,7,6,20,-1,20,6,19,-1,1,7,21,-1,21,7,20,-1,3,1,22,-1,22,1,21,-1,15,3,23,-1,23,3,22,-1,14,15,17,-1,17,15,23,-1,0,2,24,-1,24,2,25,-1,2,13,25,-1,25,13,26,-1,11,27,28,-1,11,28,12,-1,12,28,26,-1,12,26,13,-1,11,9,27,-1,27,9,29,-1,4,30,31,-1,4,31,8,-1,8,31,29,-1,8,29,9,-1,4,0,30,-1,30,0,24,-1,
        ]
    }
}
Shape{
    appearance Appearance {
        material  Material {
            diffuseColor 1.0 1.0 1.0
            specularColor 0.5019607843137255 0.5019607843137255 0.5019607843137255
            ambientIntensity 1.0
            transparency 0.0
            shininess 0.5
        }
    }
    geometry IndexedFaceSet {
        ccw TRUE
        solid FALSE
        coord DEF co Coordinate {
            point [
                0.1171 0.2836 0.1181, 0.117 0.2836 0.1181, 0.1174 0.2821 0.1181, 0.1167 0.2821 0.1181, 0.1177 0.281 0.1181, 0.1164 0.281 0.1181, 0.1233 0.2656 0.1181, 0.1108 0.2656 0.1181
            ]
        }
        coordIndex [
            0,1,2,-1,2,1,3,-1,2,3,4,-1,4,3,5,-1,4,5,6,-1,6,5,7,-1,
        ]
    }
}
Shape{
    appearance Appearance {
        material  Material {
            diffuseColor 0.0 0.0 0.0
            specularColor 0.0 0.0 0.0
            ambientIntensity 0.0
            transparency 0.0
            shininess 0.5
        }
    }
    geometry IndexedFaceSet {
        ccw TRUE
        solid FALSE
        coord DEF co Coordinate {
            point [
                0.005 0.1967 0.122, 0.005 0.1925 0.122, 0.005 0.1967 0.1181, 0.005 0.1925 0.1181, -0.0102 0.1967 0.122, -0.0102 0.1967 0.1181, -0.0102 0.2092 0.122, -0.0102 0.2092 0.1181, 0.0031 0.2092 0.122, 0.0031 0.2092 0.1181, 0.0031 0.2134 0.122, 0.0031 0.2134 0.1181, -0.0102 0.2134 0.122, -0.0102 0.2134 0.1181, -0.0102 0.2253 0.1181, -0.0102 0.2253 0.122, -0.0102 0.2246 0.1181, 0.0041 0.2253 0.122, 0.0041 0.2253 0.1181, 0.0041 0.2296 0.122, 0.0041 0.2296 0.1181, -0.0149 0.2296 0.122, -0.0149 0.2296 0.1181, -0.0149 0.1925 0.1181, -0.0149 0.1925 0.122, -0.0149 0.2246 0.1181, 0.0199 0.205 0.122, 0.0261 0.2058 0.122, 0.0307 0.2095 0.122, 0.0261 0.1925 0.122, 0.0307 0.1925 0.122, 0.0261 0.1966 0.122, 0.0261 0.2093 0.122, 0.016 0.2038 0.122, 0.0171 0.2043 0.122, 0.0259 0.1966 0.122, 0.0236 0.1973 0.122, 0.0251 0.1954 0.122, 0.0223 0.1964 0.122, 0.0261 0.2032 0.122, 0.0258 0.2009 0.122, 0.0251 0.1993 0.122, 0.0241 0.1978 0.122, 0.0146 0.1981 0.122, 0.0111 0.1946 0.122, 0.0151 0.1973 0.122, 0.0117 0.194 0.122, 0.0155 0.1969 0.122, 0.0132 0.1929 0.122, 0.0164 0.1962 0.122, 0.0149 0.1922 0.122, 0.0175 0.1959 0.122, 0.0171 0.1919 0.122, 0.0178 0.1919 0.122, 0.019 0.1957 0.122, 0.02 0.1921 0.122, 0.0209 0.1959 0.122, 0.0219 0.1927 0.122, 0.0236 0.1938 0.122, 0.0259 0.2113 0.122, 0.0303 0.2131 0.122, 0.0254 0.213 0.122, 0.0296 0.2152 0.122, 0.0249 0.214 0.122, 0.0287 0.2167 0.122, 0.0242 0.2147 0.122, 0.0274 0.2179 0.122, 0.0234 0.2153 0.122, 0.0259 0.2188 0.122, 0.0223 0.2156 0.122, 0.0239 0.2193 0.122, 0.0207 0.2158 0.122, 0.0211 0.2196 0.122, 0.0182 0.2156 0.122, 0.0164 0.219 0.122, 0.0152 0.2146 0.122, 0.0129 0.2177 0.122, 0.012 0.2126 0.122, 0.012 0.2171 0.122, 0.0142 0.2007 0.122, 0.0094 0.2001 0.122, 0.0141 0.2 0.122, 0.0094 0.1996 0.122, 0.0143 0.1989 0.122, 0.0097 0.1975 0.122, 0.0102 0.196 0.122, 0.0182 0.2082 0.122, 0.0147 0.2074 0.122, 0.0154 0.2033 0.122, 0.0127 0.2064 0.122, 0.0148 0.2026 0.122, 0.0113 0.2051 0.122, 0.0144 0.2018 0.122, 0.0104 0.2038 0.122, 0.0097 0.2021 0.122, 0.0211 0.2196 0.1181, 0.0164 0.219 0.1181, 0.0129 0.2177 0.1181, 0.012 0.2171 0.1181, 0.012 0.2126 0.1181, 0.0152 0.2146 0.1181, 0.0182 0.2156 0.1181, 0.0207 0.2158 0.1181, 0.0223 0.2156 0.1181, 0.0234 0.2153 0.1181, 0.0242 0.2147 0.1181, 0.0249 0.214 0.1181, 0.0254 0.213 0.1181, 0.0259 0.2113 0.1181, 0.0261 0.2093 0.1181, 0.0182 0.2082 0.1181, 0.0147 0.2074 0.1181, 0.0127 0.2064 0.1181, 0.0113 0.2051 0.1181, 0.0104 0.2038 0.1181, 0.0097 0.2021 0.1181, 0.0094 0.2001 0.1181, 0.0094 0.1996 0.1181, 0.0097 0.1975 0.1181, 0.0102 0.196 0.1181, 0.0111 0.1946 0.1181, 0.0117 0.194 0.1181, 0.0178 0.1919 0.1181, 0.0132 0.1929 0.1181, 0.0149 0.1922 0.1181, 0.0152 0.1922 0.1181, 0.0171 0.1919 0.1181, 0.02 0.1921 0.1181, 0.0203 0.1922 0.1181, 0.0219 0.1927 0.1181, 0.0236 0.1938 0.1181, 0.0251 0.1954 0.1181, 0.0259 0.1966 0.1181, 0.0261 0.1966 0.1181, 0.0261 0.1925 0.1181, 0.0307 0.1925 0.1181, 0.0307 0.2095 0.1181, 0.0303 0.2131 0.1181, 0.0296 0.2152 0.1181, 0.0287 0.2167 0.1181, 0.0274 0.2179 0.1181, 0.0259 0.2188 0.1181, 0.0239 0.2193 0.1181, 0.0154 0.2033 0.1181, 0.016 0.2038 0.1181, 0.0171 0.2043 0.1181, 0.0199 0.205 0.1181, 0.0141 0.2 0.1181, 0.0142 0.2007 0.1181, 0.0144 0.2018 0.1181, 0.0148 0.2026 0.1181, 0.0155 0.1969 0.1181, 0.0151 0.1973 0.1181, 0.0146 0.1981 0.1181, 0.0143 0.1989 0.1181, 0.019 0.1957 0.1181, 0.0175 0.1959 0.1181, 0.0164 0.1962 0.1181, 0.0241 0.1978 0.1181, 0.0236 0.1973 0.1181, 0.0223 0.1964 0.1181, 0.0209 0.1959 0.1181, 0.0261 0.2032 0.1181, 0.0258 0.2009 0.1181, 0.0251 0.1993 0.1181, 0.0261 0.2058 0.1181
            ]
        }
        coordIndex [
            0,1,2,-1,2,1,3,-1,4,0,5,-1,5,0,2,-1,6,4,7,-1,7,4,5,-1,8,6,9,-1,9,6,7,-1,10,8,11,-1,11,8,9,-1,12,10,13,-1,13,10,11,-1,14,15,16,-1,16,15,12,-1,16,12,13,-1,17,15,18,-1,18,15,14,-1,19,17,20,-1,20,17,18,-1,21,19,22,-1,22,19,20,-1,23,24,25,-1,25,24,21,-1,25,21,22,-1,1,24,3,-1,3,24,23,-1,24,1,0,-1,0,4,24,-1,24,4,6,-1,24,6,21,-1,17,19,15,-1,15,19,21,-1,15,21,12,-1,12,21,6,-1,12,6,10,-1,10,6,8,-1,26,27,28,-1,29,30,31,-1,31,30,28,-1,32,33,34,-1,35,36,37,-1,37,36,38,-1,27,39,28,-1,28,39,40,-1,28,40,31,-1,31,40,41,-1,31,41,35,-1,35,41,42,-1,35,42,36,-1,43,44,45,-1,45,44,46,-1,45,46,47,-1,47,46,48,-1,47,48,49,-1,49,48,50,-1,49,50,51,-1,50,52,51,-1,51,52,53,-1,51,53,54,-1,54,53,55,-1,54,55,56,-1,56,55,57,-1,56,57,38,-1,38,57,58,-1,38,58,37,-1,34,26,32,-1,32,26,28,-1,32,28,59,-1,59,28,60,-1,59,60,61,-1,61,60,62,-1,61,62,63,-1,63,62,64,-1,63,64,65,-1,65,64,66,-1,65,66,67,-1,67,66,68,-1,67,68,69,-1,69,68,70,-1,69,70,71,-1,71,70,72,-1,71,72,73,-1,73,72,74,-1,73,74,75,-1,75,74,76,-1,75,76,77,-1,77,76,78,-1,79,80,81,-1,81,80,82,-1,81,82,83,-1,83,82,84,-1,83,84,43,-1,43,84,85,-1,43,85,44,-1,32,86,33,-1,33,86,87,-1,33,87,88,-1,88,87,89,-1,88,89,90,-1,90,89,91,-1,90,91,92,-1,92,91,93,-1,92,93,79,-1,79,93,94,-1,79,94,80,-1,72,95,96,-1,72,96,74,-1,74,96,97,-1,74,97,76,-1,76,97,98,-1,76,98,78,-1,77,78,99,-1,99,78,98,-1,77,99,100,-1,77,100,75,-1,75,100,101,-1,75,101,73,-1,73,101,102,-1,73,102,71,-1,71,102,103,-1,71,103,69,-1,69,103,104,-1,69,104,67,-1,67,104,105,-1,67,105,65,-1,65,105,106,-1,65,106,63,-1,63,106,107,-1,63,107,61,-1,61,107,108,-1,61,108,59,-1,59,108,109,-1,59,109,32,-1,86,32,110,-1,110,32,109,-1,86,110,111,-1,86,111,87,-1,87,111,112,-1,87,112,89,-1,89,112,113,-1,89,113,91,-1,91,113,114,-1,91,114,93,-1,93,114,115,-1,93,115,94,-1,94,115,116,-1,94,116,80,-1,80,116,117,-1,80,117,82,-1,82,117,118,-1,82,118,84,-1,84,118,119,-1,84,119,85,-1,85,119,120,-1,85,120,44,-1,44,120,121,-1,44,121,46,-1,122,53,52,-1,46,121,123,-1,46,123,48,-1,48,123,124,-1,48,124,50,-1,50,124,125,-1,50,125,52,-1,52,125,126,-1,52,126,122,-1,53,122,127,-1,53,127,55,-1,55,127,128,-1,55,128,57,-1,128,129,57,-1,57,129,130,-1,57,130,58,-1,58,130,131,-1,58,131,37,-1,37,131,132,-1,37,132,35,-1,31,35,133,-1,133,35,132,-1,29,31,134,-1,134,31,133,-1,30,29,135,-1,135,29,134,-1,28,30,136,-1,136,30,135,-1,28,136,137,-1,28,137,60,-1,60,137,138,-1,60,138,62,-1,62,138,139,-1,62,139,64,-1,64,139,140,-1,64,140,66,-1,66,140,141,-1,66,141,68,-1,68,141,142,-1,68,142,70,-1,70,142,95,-1,70,95,72,-1,88,143,144,-1,88,144,33,-1,33,144,145,-1,33,145,34,-1,34,145,146,-1,34,146,26,-1,81,147,148,-1,81,148,79,-1,79,148,149,-1,79,149,92,-1,92,149,150,-1,92,150,90,-1,90,150,143,-1,90,143,88,-1,47,151,152,-1,47,152,45,-1,45,152,153,-1,45,153,43,-1,43,153,154,-1,43,154,83,-1,83,154,147,-1,83,147,81,-1,54,155,156,-1,54,156,51,-1,51,156,157,-1,51,157,49,-1,49,157,151,-1,49,151,47,-1,42,158,159,-1,42,159,36,-1,36,159,160,-1,36,160,38,-1,38,160,161,-1,38,161,56,-1,56,161,155,-1,56,155,54,-1,39,162,163,-1,39,163,40,-1,40,163,164,-1,40,164,41,-1,41,164,158,-1,41,158,42,-1,39,27,162,-1,162,27,165,-1,27,26,165,-1,165,26,146,-1,
        ]
    }
}
Shape{
    appearance Appearance {
        material  Material {
            diffuseColor 1.0 1.0 1.0
            specularColor 0.5019607843137255 0.5019607843137255 0.5019607843137255
            ambientIntensity 1.0
            transparency 0.0
            shininess 0.5
        }
    }
    geometry IndexedFaceSet {
        ccw TRUE
        solid FALSE
        coord DEF co Coordinate {
            point [
                0.0236 0.1973 0.1181, 0.0241 0.1978 0.1181, 0.0199 0.205 0.1181, 0.0251 0.1993 0.1181, 0.0209 0.1959 0.1181, 0.0171 0.2043 0.1181, 0.016 0.2038 0.1181, 0.0223 0.1964 0.1181, 0.0258 0.2009 0.1181, 0.0261 0.2032 0.1181, 0.0261 0.2058 0.1181, 0.0144 0.2018 0.1181, 0.0142 0.2007 0.1181, 0.0141 0.2 0.1181, 0.0143 0.1989 0.1181, 0.0164 0.1962 0.1181, 0.0175 0.1959 0.1181, 0.0155 0.1969 0.1181, 0.019 0.1957 0.1181, 0.0154 0.2033 0.1181, 0.0148 0.2026 0.1181, 0.0146 0.1981 0.1181, 0.0151 0.1973 0.1181
            ]
        }
        coordIndex [
            0,1,2,-1,2,1,3,-1,4,5,6,-1,5,4,2,-1,2,4,7,-1,2,7,0,-1,3,8,2,-1,2,8,9,-1,2,9,10,-1,11,12,4,-1,4,12,13,-1,4,13,14,-1,15,16,17,-1,17,16,18,-1,17,18,4,-1,6,19,4,-1,4,19,20,-1,4,20,11,-1,14,21,4,-1,4,21,22,-1,4,22,17,-1,
        ]
    }
}
Shape{
    appearance Appearance {
        material  Material {
            diffuseColor 0.0 0.0 0.0
            specularColor 0.0 0.0 0.0
            ambientIntensity 0.0
            transparency 0.0
            shininess 0.5
        }
    }
    geometry IndexedFaceSet {
        ccw TRUE
        solid FALSE
        coord DEF co Coordinate {
            point [
                0.037 0.1982 0.1181, 0.037 0.1982 0.122, 0.0387 0.1972 0.122, 0.0446 0.1957 0.122, 0.0446 0.1957 0.1181, 0.0416 0.196 0.1181, 0.0416 0.196 0.122, 0.0391 0.197 0.1181, 0.0387 0.1972 0.1181, 0.037 0.1934 0.122, 0.037 0.1934 0.1181, 0.0391 0.1927 0.1181, 0.0402 0.1923 0.122, 0.0442 0.1919 0.1181, 0.0442 0.1919 0.122, 0.0412 0.1922 0.1181, 0.0402 0.1923 0.1181, 0.0471 0.1922 0.1181, 0.048 0.1923 0.122, 0.048 0.1923 0.1181, 0.0506 0.1932 0.1181, 0.0506 0.1932 0.122, 0.0519 0.194 0.1181, 0.0519 0.194 0.122, 0.0533 0.1952 0.1181, 0.0533 0.1952 0.122, 0.0541 0.1964 0.1181, 0.0541 0.1964 0.122, 0.0547 0.1979 0.1181, 0.0547 0.1979 0.122, 0.0549 0.1997 0.1181, 0.0549 0.1997 0.122, 0.0547 0.2015 0.1181, 0.0547 0.2015 0.122, 0.0542 0.2029 0.1181, 0.0542 0.2029 0.122, 0.0533 0.2041 0.1181, 0.0533 0.2041 0.122, 0.0522 0.2051 0.1181, 0.0522 0.2051 0.122, 0.0491 0.2068 0.1181, 0.0491 0.2068 0.122, 0.0473 0.2075 0.1181, 0.0473 0.2075 0.122, 0.0445 0.2088 0.1181, 0.0445 0.2088 0.122, 0.0428 0.2098 0.1181, 0.0428 0.2098 0.122, 0.0424 0.2103 0.1181, 0.0424 0.2103 0.122, 0.042 0.2109 0.1181, 0.042 0.2109 0.122, 0.0419 0.2116 0.1181, 0.0419 0.2116 0.122, 0.0418 0.2122 0.1181, 0.0418 0.2122 0.122, 0.0419 0.213 0.1181, 0.0419 0.213 0.122, 0.0421 0.2136 0.1181, 0.0421 0.2136 0.122, 0.0425 0.2142 0.1181, 0.0425 0.2142 0.122, 0.0432 0.2148 0.1181, 0.0432 0.2148 0.122, 0.0443 0.2154 0.1181, 0.0443 0.2154 0.122, 0.0455 0.2157 0.1181, 0.0455 0.2157 0.122, 0.0469 0.2158 0.1181, 0.0469 0.2158 0.122, 0.0501 0.2154 0.1181, 0.0501 0.2154 0.122, 0.0528 0.2144 0.1181, 0.0528 0.2144 0.122, 0.0536 0.2139 0.1181, 0.0536 0.2139 0.122, 0.0536 0.2184 0.122, 0.0536 0.2184 0.1181, 0.0506 0.2193 0.1181, 0.0506 0.2193 0.122, 0.0473 0.2196 0.1181, 0.0473 0.2196 0.122, 0.0436 0.2191 0.1181, 0.0436 0.2191 0.122, 0.0411 0.2182 0.1181, 0.0411 0.2182 0.122, 0.04 0.2175 0.1181, 0.04 0.2175 0.122, 0.0391 0.2167 0.1181, 0.0386 0.2162 0.122, 0.0386 0.2162 0.1181, 0.0377 0.2149 0.1181, 0.0377 0.2149 0.122, 0.0372 0.2134 0.1181, 0.0372 0.2134 0.122, 0.037 0.2118 0.1181, 0.037 0.2118 0.122, 0.0372 0.21 0.1181, 0.0372 0.21 0.122, 0.0378 0.2086 0.1181, 0.0378 0.2086 0.122, 0.0383 0.2076 0.1181, 0.0383 0.2076 0.122, 0.0441 0.2041 0.1181, 0.0441 0.2041 0.122, 0.0413 0.2054 0.122, 0.0391 0.2068 0.1181, 0.0391 0.2068 0.122, 0.0391 0.2068 0.1181, 0.0413 0.2054 0.1181, 0.0471 0.2029 0.1181, 0.0471 0.2029 0.122, 0.0489 0.2018 0.1181, 0.0489 0.2018 0.122, 0.0495 0.2012 0.1181, 0.0495 0.2012 0.122, 0.0499 0.2006 0.1181, 0.0499 0.2006 0.122, 0.0501 0.1998 0.1181, 0.0501 0.1998 0.122, 0.0501 0.1992 0.1181, 0.0501 0.1992 0.122, 0.05 0.1984 0.1181, 0.05 0.1984 0.122, 0.0498 0.1977 0.1181, 0.0498 0.1977 0.122, 0.0494 0.1971 0.1181, 0.0494 0.1971 0.122, 0.0488 0.1966 0.1181, 0.0488 0.1966 0.122, 0.0484 0.1964 0.1181, 0.0484 0.1964 0.122, 0.0472 0.1959 0.1181, 0.0472 0.1959 0.122, 0.0448 0.1957 0.1181, 0.0448 0.1957 0.122, 0.0779 0.219 0.122, 0.0827 0.219 0.122, 0.0779 0.219 0.1181, 0.0827 0.219 0.1181, 0.0707 0.199 0.122, 0.0707 0.199 0.1181, 0.0703 0.1978 0.1181, 0.0703 0.1978 0.122, 0.0701 0.1969 0.1181, 0.0701 0.1969 0.122, 0.07 0.1969 0.122, 0.07 0.1969 0.1181, 0.0694 0.1991 0.122, 0.0694 0.1991 0.1181, 0.0625 0.219 0.122, 0.0647 0.2125 0.1181, 0.0625 0.219 0.1181, 0.0573 0.219 0.122, 0.0573 0.219 0.1181, 0.0677 0.1926 0.122, 0.0647 0.2001 0.1181, 0.0677 0.1926 0.1181, 0.0656 0.1877 0.1181, 0.0656 0.1877 0.122, 0.0675 0.1922 0.1181, 0.0647 0.1861 0.1181, 0.0647 0.186 0.122, 0.0647 0.186 0.1181, 0.0638 0.185 0.1181, 0.0638 0.185 0.122, 0.0633 0.1847 0.1181, 0.0633 0.1847 0.122, 0.0623 0.1842 0.1181, 0.0623 0.1842 0.122, 0.0612 0.184 0.1181, 0.0612 0.184 0.122, 0.0609 0.184 0.1181, 0.0609 0.184 0.122, 0.0592 0.1842 0.1181, 0.0592 0.1842 0.122, 0.0583 0.1845 0.1181, 0.0583 0.1845 0.122, 0.0583 0.1804 0.122, 0.0583 0.1804 0.1181, 0.0596 0.1801 0.1181, 0.0596 0.1801 0.122, 0.0612 0.18 0.1181, 0.0612 0.18 0.122, 0.0631 0.1802 0.1181, 0.0631 0.1802 0.122, 0.0647 0.1809 0.1181, 0.065 0.1809 0.122, 0.065 0.1809 0.1181, 0.0666 0.1821 0.1181, 0.0666 0.1821 0.122, 0.0669 0.1824 0.1181, 0.0669 0.1824 0.122, 0.0686 0.1844 0.1181, 0.0686 0.1844 0.122, 0.0707 0.1885 0.1181, 0.0707 0.1885 0.122, 0.0721 0.1922 0.1181, 0.1077 0.1967 0.122, 0.1077 0.1925 0.122, 0.1077 0.1967 0.1181, 0.1077 0.1925 0.1181, 0.0925 0.1967 0.122, 0.0994 0.1967 0.1181, 0.0925 0.1967 0.1181, 0.0925 0.2092 0.122, 0.0925 0.2092 0.1181, 0.1058 0.2092 0.122, 0.0994 0.2092 0.1181, 0.1058 0.2092 0.1181, 0.1058 0.2134 0.122, 0.1058 0.2134 0.1181, 0.0925 0.2134 0.1181, 0.0925 0.2134 0.122, 0.0994 0.2134 0.1181, 0.0925 0.2253 0.1181, 0.0925 0.2253 0.122, 0.0925 0.2246 0.1181, 0.1068 0.2253 0.1181, 0.1068 0.2253 0.122, 0.0994 0.2253 0.1181, 0.1068 0.2296 0.122, 0.1068 0.2296 0.1181, 0.0877 0.2296 0.1181, 0.0877 0.2296 0.122, 0.0994 0.2296 0.1181, 0.0877 0.1925 0.1181, 0.0877 0.1925 0.122, 0.0877 0.2246 0.1181, 0.0994 0.1925 0.1181, 0.1377 0.2029 0.122, 0.1358 0.2006 0.122, 0.1392 0.1977 0.122, 0.1352 0.2 0.122, 0.1354 0.195 0.122, 0.1327 0.1984 0.122, 0.1312 0.1933 0.122, 0.1295 0.1972 0.122, 0.1248 0.1925 0.122, 0.1248 0.1967 0.122, 0.1147 0.1925 0.122, 0.1194 0.1967 0.122, 0.1147 0.2296 0.122, 0.1194 0.2253 0.122, 0.1252 0.2296 0.122, 0.125 0.2253 0.122, 0.1309 0.2289 0.122, 0.1298 0.2248 0.122, 0.1354 0.2273 0.122, 0.133 0.2236 0.122, 0.1392 0.2247 0.122, 0.1357 0.2218 0.122, 0.1405 0.2234 0.122, 0.137 0.2206 0.122, 0.1428 0.2202 0.122, 0.1383 0.2185 0.122, 0.1442 0.2167 0.122, 0.1393 0.2156 0.122, 0.1448 0.2115 0.122, 0.1398 0.2114 0.122, 0.1447 0.2092 0.122, 0.1397 0.209 0.122, 0.1438 0.2048 0.122, 0.139 0.2056 0.122, 0.142 0.201 0.122, 0.1248 0.1925 0.1181, 0.1147 0.1925 0.1181, 0.1312 0.1933 0.1181, 0.1354 0.195 0.1181, 0.1392 0.1977 0.1181, 0.142 0.201 0.1181, 0.1438 0.2048 0.1181, 0.1447 0.2092 0.1181, 0.1448 0.2115 0.1181, 0.1392 0.2247 0.1181, 0.1393 0.2246 0.1181, 0.1405 0.2234 0.1181, 0.1428 0.2202 0.1181, 0.1442 0.2167 0.1181, 0.1354 0.2273 0.1181, 0.1309 0.2289 0.1181, 0.1252 0.2296 0.1181, 0.1147 0.2296 0.1181, 0.1147 0.2246 0.1181, 0.125 0.2253 0.1181, 0.1194 0.2253 0.1181, 0.1194 0.1967 0.1181, 0.1248 0.1967 0.1181, 0.1358 0.2006 0.1181, 0.1352 0.2 0.1181, 0.1327 0.1984 0.1181, 0.1295 0.1972 0.1181, 0.1398 0.2114 0.1181, 0.1397 0.209 0.1181, 0.139 0.2056 0.1181, 0.1377 0.2029 0.1181, 0.1357 0.2218 0.1181, 0.137 0.2206 0.1181, 0.1383 0.2185 0.1181, 0.1393 0.2156 0.1181, 0.1298 0.2248 0.1181, 0.133 0.2236 0.1181
            ]
        }
        coordIndex [
            0,1,2,-1,3,4,5,-1,3,5,6,-1,6,5,7,-1,6,7,2,-1,2,7,8,-1,2,8,0,-1,9,1,10,-1,10,1,0,-1,10,11,9,-1,9,11,12,-1,13,14,15,-1,15,14,12,-1,15,12,16,-1,16,12,11,-1,13,17,14,-1,14,17,18,-1,17,19,18,-1,18,19,20,-1,18,20,21,-1,21,20,22,-1,21,22,23,-1,23,22,24,-1,23,24,25,-1,25,24,26,-1,25,26,27,-1,27,26,28,-1,27,28,29,-1,29,28,30,-1,29,30,31,-1,31,30,32,-1,31,32,33,-1,33,32,34,-1,33,34,35,-1,35,34,36,-1,35,36,37,-1,37,36,38,-1,37,38,39,-1,39,38,40,-1,39,40,41,-1,41,40,42,-1,41,42,43,-1,43,42,44,-1,43,44,45,-1,45,44,46,-1,45,46,47,-1,47,46,48,-1,47,48,49,-1,49,48,50,-1,49,50,51,-1,51,50,52,-1,51,52,53,-1,53,52,54,-1,53,54,55,-1,55,54,56,-1,55,56,57,-1,57,56,58,-1,57,58,59,-1,59,58,60,-1,59,60,61,-1,61,60,62,-1,61,62,63,-1,63,62,64,-1,63,64,65,-1,65,64,66,-1,65,66,67,-1,67,66,68,-1,67,68,69,-1,69,68,70,-1,69,70,71,-1,71,70,72,-1,71,72,73,-1,73,72,74,-1,73,74,75,-1,76,75,77,-1,77,75,74,-1,76,77,78,-1,76,78,79,-1,79,78,80,-1,79,80,81,-1,81,80,82,-1,81,82,83,-1,83,82,84,-1,83,84,85,-1,85,84,86,-1,85,86,87,-1,86,88,87,-1,87,88,89,-1,88,90,89,-1,89,90,91,-1,89,91,92,-1,92,91,93,-1,92,93,94,-1,94,93,95,-1,94,95,96,-1,96,95,97,-1,96,97,98,-1,98,97,99,-1,98,99,100,-1,100,99,101,-1,100,101,102,-1,103,104,105,-1,102,101,106,-1,102,106,107,-1,107,106,108,-1,107,108,105,-1,105,108,109,-1,105,109,103,-1,104,103,110,-1,104,110,111,-1,111,110,112,-1,111,112,113,-1,113,112,114,-1,113,114,115,-1,115,114,116,-1,115,116,117,-1,117,116,118,-1,117,118,119,-1,119,118,120,-1,119,120,121,-1,121,120,122,-1,121,122,123,-1,123,122,124,-1,123,124,125,-1,125,124,126,-1,125,126,127,-1,127,126,128,-1,127,128,129,-1,129,128,130,-1,129,130,131,-1,131,130,132,-1,131,132,133,-1,133,132,134,-1,133,134,135,-1,135,134,4,-1,135,4,3,-1,59,61,87,-1,87,61,85,-1,85,61,63,-1,85,63,83,-1,125,25,27,-1,111,43,104,-1,104,43,45,-1,125,27,123,-1,123,27,29,-1,123,29,121,-1,121,29,31,-1,121,31,119,-1,119,31,33,-1,119,33,117,-1,117,33,35,-1,117,35,115,-1,115,35,37,-1,115,37,113,-1,113,37,39,-1,113,39,111,-1,111,39,41,-1,111,41,43,-1,25,125,23,-1,23,125,127,-1,23,127,21,-1,14,3,12,-1,12,3,6,-1,12,6,9,-1,9,6,2,-1,9,2,1,-1,63,65,83,-1,83,65,67,-1,83,67,81,-1,81,67,69,-1,81,69,79,-1,79,69,71,-1,79,71,76,-1,76,71,73,-1,76,73,75,-1,127,129,21,-1,21,129,131,-1,21,131,18,-1,18,131,133,-1,18,133,14,-1,14,133,135,-1,14,135,3,-1,87,89,59,-1,59,89,92,-1,59,92,57,-1,57,92,94,-1,57,94,55,-1,55,94,96,-1,55,96,53,-1,53,96,98,-1,53,98,51,-1,51,98,100,-1,51,100,49,-1,49,100,102,-1,49,102,47,-1,47,102,107,-1,47,107,45,-1,45,107,105,-1,45,105,104,-1,136,137,138,-1,138,137,139,-1,140,136,141,-1,141,136,138,-1,140,141,142,-1,140,142,143,-1,143,142,144,-1,143,144,145,-1,146,145,147,-1,147,145,144,-1,148,146,149,-1,149,146,147,-1,148,149,150,-1,150,149,151,-1,150,151,152,-1,153,150,154,-1,154,150,152,-1,153,154,155,-1,155,154,156,-1,155,156,157,-1,158,159,160,-1,160,159,155,-1,160,155,157,-1,158,161,159,-1,159,161,162,-1,161,163,162,-1,162,163,164,-1,162,164,165,-1,165,164,166,-1,165,166,167,-1,167,166,168,-1,167,168,169,-1,169,168,170,-1,169,170,171,-1,171,170,172,-1,171,172,173,-1,173,172,174,-1,173,174,175,-1,175,174,176,-1,175,176,177,-1,178,177,179,-1,179,177,176,-1,178,179,180,-1,178,180,181,-1,181,180,182,-1,181,182,183,-1,183,182,184,-1,183,184,185,-1,185,184,186,-1,185,186,187,-1,186,188,187,-1,187,188,189,-1,187,189,190,-1,190,189,191,-1,190,191,192,-1,192,191,193,-1,192,193,194,-1,194,193,195,-1,194,195,196,-1,139,137,197,-1,197,137,196,-1,197,196,195,-1,143,145,196,-1,137,136,196,-1,196,136,140,-1,196,140,143,-1,150,153,148,-1,148,153,155,-1,148,155,146,-1,165,167,187,-1,183,173,181,-1,181,173,175,-1,181,175,178,-1,178,175,177,-1,145,146,196,-1,196,146,155,-1,196,155,194,-1,187,167,185,-1,185,167,169,-1,185,169,183,-1,183,169,171,-1,183,171,173,-1,155,159,194,-1,194,159,162,-1,194,162,192,-1,192,162,165,-1,192,165,190,-1,190,165,187,-1,198,199,200,-1,200,199,201,-1,198,200,202,-1,202,200,203,-1,202,203,204,-1,205,202,206,-1,206,202,204,-1,205,206,207,-1,207,206,208,-1,207,208,209,-1,210,207,211,-1,211,207,209,-1,212,213,214,-1,214,213,210,-1,214,210,211,-1,215,216,217,-1,217,216,213,-1,217,213,212,-1,218,219,220,-1,220,219,216,-1,220,216,215,-1,221,219,222,-1,222,219,218,-1,223,224,225,-1,225,224,221,-1,225,221,222,-1,226,227,228,-1,228,227,224,-1,228,224,223,-1,227,226,199,-1,199,226,229,-1,199,229,201,-1,227,199,198,-1,198,202,227,-1,227,202,205,-1,227,205,224,-1,219,221,216,-1,216,221,224,-1,216,224,213,-1,213,224,205,-1,213,205,210,-1,210,205,207,-1,230,231,232,-1,232,231,233,-1,232,233,234,-1,234,233,235,-1,234,235,236,-1,236,235,237,-1,236,237,238,-1,238,237,239,-1,238,239,240,-1,240,239,241,-1,240,241,242,-1,242,241,243,-1,242,243,244,-1,244,243,245,-1,244,245,246,-1,246,245,247,-1,246,247,248,-1,248,247,249,-1,248,249,250,-1,250,249,251,-1,250,251,252,-1,252,251,253,-1,252,253,254,-1,254,253,255,-1,254,255,256,-1,256,255,257,-1,256,257,258,-1,258,257,259,-1,258,259,260,-1,260,259,261,-1,260,261,262,-1,262,261,263,-1,262,263,264,-1,264,263,230,-1,264,230,232,-1,238,240,265,-1,265,240,266,-1,238,265,267,-1,238,267,236,-1,236,267,268,-1,236,268,234,-1,234,268,269,-1,234,269,232,-1,232,269,270,-1,232,270,264,-1,264,270,271,-1,264,271,262,-1,262,271,272,-1,262,272,260,-1,260,272,273,-1,260,273,258,-1,274,250,275,-1,275,250,252,-1,275,252,276,-1,276,252,254,-1,276,254,277,-1,277,254,256,-1,277,256,278,-1,278,256,258,-1,278,258,273,-1,250,274,279,-1,250,279,248,-1,248,279,280,-1,248,280,246,-1,246,280,281,-1,246,281,244,-1,242,244,282,-1,282,244,281,-1,266,240,283,-1,283,240,242,-1,283,242,282,-1,245,243,284,-1,284,243,285,-1,243,241,285,-1,285,241,286,-1,241,239,286,-1,286,239,287,-1,231,288,289,-1,231,289,233,-1,233,289,290,-1,233,290,235,-1,235,290,291,-1,235,291,237,-1,237,291,287,-1,237,287,239,-1,259,292,293,-1,259,293,261,-1,261,293,294,-1,261,294,263,-1,263,294,295,-1,263,295,230,-1,230,295,288,-1,230,288,231,-1,251,296,297,-1,251,297,253,-1,253,297,298,-1,253,298,255,-1,255,298,299,-1,255,299,257,-1,257,299,292,-1,257,292,259,-1,245,284,300,-1,245,300,247,-1,247,300,301,-1,247,301,249,-1,249,301,296,-1,249,296,251,-1,
        ]
    }
}
Shape{
    appearance Appearance {
        material  Material {
            diffuseColor 1.0 1.0 1.0
            specularColor 0.5019607843137255 0.5019607843137255 0.5019607843137255
            ambientIntensity 1.0
            transparency 0.0
            shininess 0.5
        }
    }
    geometry IndexedFaceSet {
        ccw TRUE
        solid FALSE
        coord DEF co Coordinate {
            point [
                0.1194 0.2253 0.1181, 0.1194 0.1967 0.1181, 0.125 0.2253 0.1181, 0.1248 0.1967 0.1181, 0.1295 0.1972 0.1181, 0.1327 0.1984 0.1181, 0.1352 0.2 0.1181, 0.1358 0.2006 0.1181, 0.1377 0.2029 0.1181, 0.139 0.2056 0.1181, 0.1397 0.209 0.1181, 0.1398 0.2114 0.1181, 0.1393 0.2156 0.1181, 0.1383 0.2185 0.1181, 0.137 0.2206 0.1181, 0.1357 0.2218 0.1181, 0.1298 0.2248 0.1181, 0.133 0.2236 0.1181
            ]
        }
        coordIndex [
            0,1,2,-1,2,1,3,-1,2,3,4,-1,4,5,2,-1,2,5,6,-1,2,6,7,-1,7,8,2,-1,2,8,9,-1,2,9,10,-1,10,11,2,-1,2,11,12,-1,2,12,13,-1,13,14,2,-1,2,14,15,-1,2,15,16,-1,16,15,17,-1,
        ]
    }
}
Shape{
    appearance Appearance {
        material  Material {
            diffuseColor 0.0 0.0 0.0
            specularColor 0.0 0.0 0.0
            ambientIntensity 0.0
            transparency 0.0
            shininess 0.5
        }
    }
    geometry IndexedFaceSet {
        ccw TRUE
        solid FALSE
        coord DEF co Coordinate {
            point [
                0.1573 0.2068 0.122, 0.1557 0.2026 0.122, 0.1697 0.2068 0.122, 0.1712 0.2026 0.122, 0.1628 0.2222 0.122, 0.161 0.2296 0.122, 0.1469 0.1925 0.122, 0.1522 0.1925 0.122, 0.1631 0.2233 0.122, 0.1634 0.2248 0.122, 0.1661 0.2296 0.122, 0.1635 0.2248 0.122, 0.1638 0.2233 0.122, 0.1641 0.2222 0.122, 0.1802 0.1925 0.122, 0.175 0.1925 0.122, 0.1802 0.1925 0.1181, 0.168 0.2246 0.1181, 0.1661 0.2296 0.1181, 0.161 0.2296 0.1181, 0.1469 0.1925 0.1181, 0.1591 0.2246 0.1181, 0.1522 0.1925 0.1181, 0.1557 0.2026 0.1181, 0.1712 0.2026 0.1181, 0.175 0.1925 0.1181, 0.1573 0.2068 0.1181, 0.1697 0.2068 0.1181, 0.1641 0.2222 0.1181, 0.1635 0.2248 0.1181, 0.1638 0.2233 0.1181, 0.1634 0.2248 0.1181, 0.1628 0.2222 0.1181, 0.1631 0.2233 0.1181
            ]
        }
        coordIndex [
            0,1,2,-1,2,1,3,-1,4,5,0,-1,0,5,6,-1,0,6,1,-1,1,6,7,-1,4,8,5,-1,5,8,9,-1,5,9,10,-1,10,9,11,-1,10,11,12,-1,12,13,10,-1,10,13,2,-1,10,2,14,-1,14,2,3,-1,14,3,15,-1,14,16,10,-1,10,16,17,-1,10,17,18,-1,5,10,19,-1,19,10,18,-1,20,6,21,-1,21,6,5,-1,21,5,19,-1,7,6,22,-1,22,6,20,-1,1,7,23,-1,23,7,22,-1,3,1,24,-1,24,1,23,-1,15,3,25,-1,25,3,24,-1,14,15,16,-1,16,15,25,-1,0,2,26,-1,26,2,27,-1,2,13,27,-1,27,13,28,-1,11,29,30,-1,11,30,12,-1,12,30,28,-1,12,28,13,-1,11,9,29,-1,29,9,31,-1,4,32,33,-1,4,33,8,-1,8,33,31,-1,8,31,9,-1,4,0,32,-1,32,0,26,-1,
        ]
    }
}
Shape{
    appearance Appearance {
        material  Material {
            diffuseColor 1.0 1.0 1.0
            specularColor 0.5019607843137255 0.5019607843137255 0.5019607843137255
            ambientIntensity 1.0
            transparency 0.0
            shininess 0.5
        }
    }
    geometry IndexedFaceSet {
        ccw TRUE
        solid FALSE
        coord DEF co Coordinate {
            point [
                0.1635 0.2248 0.1181, 0.1634 0.2248 0.1181, 0.1638 0.2233 0.1181, 0.1631 0.2233 0.1181, 0.1641 0.2222 0.1181, 0.1628 0.2222 0.1181, 0.1697 0.2068 0.1181, 0.1573 0.2068 0.1181
            ]
        }
        coordIndex [
            0,1,2,-1,2,1,3,-1,2,3,4,-1,4,3,5,-1,4,5,6,-1,6,5,7,-1,
        ]
    }
}
Shape{
    appearance Appearance {
        material  Material {
            diffuseColor 0.0 0.0 0.0
            specularColor 0.0 0.0 0.0
            ambientIntensity 0.0
            transparency 0.0
            shininess 0.5
        }
    }
    geometry IndexedFaceSet {
        ccw TRUE
        solid FALSE
        coord DEF co Coordinate {
            point [
                -0.1787 0.1873 0.122, -0.1748 0.1824 0.122, -0.181 0.2106 0.122, -0.1856 0.2564 0.122, -0.1797 0.2595 0.122, -0.1812 0.2757 0.122, -0.1299 0.2013 0.122, -0.1299 0.204 0.122, -0.1523 0.2104 0.122, -0.1547 0.2112 0.122, -0.1708 0.277 0.122, -0.1483 0.2072 0.122, -0.1471 0.2051 0.122, -0.13 0.1986 0.122, -0.093 0.2235 0.122, -0.1012 0.2374 0.122, -0.1365 0.219 0.122, -0.1565 0.2113 0.122, -0.159 0.211 0.122, -0.1625 0.2272 0.122, -0.1613 0.2102 0.122, -0.1684 0.225 0.122, -0.1634 0.2087 0.122, -0.1737 0.2212 0.122, -0.1647 0.2073 0.122, -0.1781 0.2162 0.122, -0.166 0.2051 0.122, -0.1667 0.2026 0.122, -0.1467 0.2262 0.122, -0.153 0.2278 0.122, -0.1563 0.228 0.122, -0.1647 0.2764 0.122, -0.1565 0.2572 0.122, -0.1531 0.2646 0.122, -0.1868 0.2141 0.122, -0.1847 0.1939 0.122, -0.1813 0.1929 0.122, -0.1501 0.2091 0.122, -0.1634 0.1935 0.122, -0.1614 0.192 0.122, -0.1696 0.1785 0.122, -0.1589 0.1911 0.122, -0.1593 0.2827 0.122, -0.1474 0.2718 0.122, -0.1531 0.288 0.122, -0.1402 0.2774 0.122, -0.1467 0.292 0.122, -0.1732 0.261 0.122, -0.1705 0.2612 0.122, -0.1677 0.2768 0.122, -0.1644 0.2604 0.122, -0.1585 0.2583 0.122, -0.1411 0.2232 0.122, -0.0843 0.2496 0.122, -0.0822 0.2496 0.122, -0.0714 0.2638 0.122, -0.0772 0.249 0.122, -0.0693 0.2631 0.122, -0.0726 0.2472 0.122, -0.0615 0.259 0.122, -0.0685 0.2443 0.122, -0.0545 0.2528 0.122, -0.0654 0.2409 0.122, -0.0493 0.2452 0.122, -0.063 0.2363 0.122, -0.0463 0.2371 0.122, -0.0618 0.2313 0.122, -0.0453 0.2293 0.122, -0.0616 0.229 0.122, -0.0453 0.2275 0.122, -0.0623 0.2239 0.122, -0.0955 0.1925 0.122, -0.0946 0.1924 0.122, -0.0925 0.2085 0.122, -0.1345 0.2967 0.122, -0.1316 0.2811 0.122, -0.1215 0.2983 0.122, -0.0856 0.2846 0.122, -0.0937 0.2703 0.122, -0.077 0.2747 0.122, -0.0884 0.2627 0.122, -0.0851 0.2538 0.122, -0.1961 0.2412 0.122, -0.2134 0.2367 0.122, -0.1968 0.2348 0.122, -0.2135 0.2343 0.122, -0.1965 0.2308 0.122, -0.2122 0.2239 0.122, -0.1947 0.2243 0.122, -0.2084 0.2141 0.122, -0.1915 0.2189 0.122, -0.2024 0.2056 0.122, -0.1942 0.1986 0.122, -0.1651 0.1954 0.122, -0.1662 0.1976 0.122, -0.1668 0.2 0.122, -0.0806 0.2085 0.122, -0.079 0.1924 0.122, -0.0759 0.2093 0.122, -0.0712 0.1939 0.122, -0.0713 0.2115 0.122, -0.063 0.1977 0.122, -0.0674 0.2147 0.122, -0.0561 0.2032 0.122, -0.067 0.2151 0.122, -0.0551 0.2042 0.122, -0.0641 0.2192 0.122, -0.0503 0.2107 0.122, -0.0468 0.2189 0.122, -0.1909 0.2719 0.122, -0.1993 0.266 0.122, -0.1902 0.2523 0.122, -0.2011 0.2643 0.122, -0.1938 0.247 0.122, -0.2074 0.2561 0.122, -0.2116 0.2466 0.122, -0.1464 0.2027 0.122, -0.1463 0.2002 0.122, -0.1316 0.1921 0.122, -0.1468 0.1976 0.122, -0.1347 0.1863 0.122, -0.148 0.1953 0.122, -0.1388 0.1817 0.122, -0.1497 0.1934 0.122, -0.144 0.178 0.122, -0.1517 0.192 0.122, -0.1499 0.1758 0.122, -0.154 0.1911 0.122, -0.1563 0.175 0.122, -0.1565 0.1908 0.122, -0.1573 0.175 0.122, -0.1635 0.176 0.122, -0.1229 0.2825 0.122, -0.1212 0.2825 0.122, -0.1106 0.2972 0.122, -0.1132 0.2816 0.122, -0.0974 0.2925 0.122, -0.1049 0.2787 0.122, -0.0974 0.2738 0.122, -0.1022 0.2014 0.122, -0.1022 0.2005 0.122, -0.0938 0.2087 0.122, -0.102 0.1988 0.122, -0.1014 0.197 0.122, -0.1003 0.1953 0.122, -0.0991 0.1941 0.122, -0.093 0.2085 0.122, -0.0973 0.193 0.122, -0.0941 0.2087 0.122, -0.0959 0.2085 0.122, -0.0977 0.2078 0.122, -0.0994 0.2067 0.122, -0.1007 0.2052 0.122, -0.1017 0.2034 0.122, -0.0453 0.2293 0.1181, -0.0463 0.2371 0.1181, -0.0493 0.2452 0.1181, -0.0533 0.251 0.1181, -0.0545 0.2528 0.1181, -0.0615 0.259 0.1181, -0.0693 0.2631 0.1181, -0.0714 0.2638 0.1181, -0.077 0.2747 0.1181, -0.0856 0.2846 0.1181, -0.0917 0.2887 0.1181, -0.0974 0.2925 0.1181, -0.1106 0.2972 0.1181, -0.1215 0.2983 0.1181, -0.1531 0.288 0.1181, -0.1521 0.2887 0.1181, -0.1467 0.292 0.1181, -0.1345 0.2967 0.1181, -0.1593 0.2827 0.1181, -0.1647 0.2764 0.1181, -0.1677 0.2768 0.1181, -0.1708 0.277 0.1181, -0.1812 0.2757 0.1181, -0.1909 0.2719 0.1181, -0.1993 0.266 0.1181, -0.2011 0.2643 0.1181, -0.2074 0.2561 0.1181, -0.2097 0.251 0.1181, -0.2116 0.2466 0.1181, -0.2134 0.2367 0.1181, -0.2135 0.2343 0.1181, -0.2122 0.2246 0.1181, -0.2122 0.2239 0.1181, -0.2084 0.2141 0.1181, -0.2024 0.2056 0.1181, -0.1942 0.1986 0.1181, -0.1847 0.1939 0.1181, -0.1813 0.1929 0.1181, -0.181 0.1922 0.1181, -0.1787 0.1873 0.1181, -0.1748 0.1824 0.1181, -0.1696 0.1785 0.1181, -0.1672 0.1775 0.1181, -0.1635 0.176 0.1181, -0.1573 0.175 0.1181, -0.1563 0.175 0.1181, -0.1299 0.2013 0.1181, -0.1499 0.1758 0.1181, -0.1453 0.1775 0.1181, -0.144 0.178 0.1181, -0.1388 0.1817 0.1181, -0.1347 0.1863 0.1181, -0.1316 0.1921 0.1181, -0.1316 0.1922 0.1181, -0.13 0.1986 0.1181, -0.1299 0.204 0.1181, -0.093 0.2235 0.1181, -0.1012 0.2374 0.1181, -0.0937 0.2246 0.1181, -0.1258 0.2246 0.1181, -0.1365 0.219 0.1181, -0.1411 0.2232 0.1181, -0.1437 0.2246 0.1181, -0.1467 0.2262 0.1181, -0.153 0.2278 0.1181, -0.1563 0.228 0.1181, -0.1625 0.2272 0.1181, -0.1684 0.225 0.1181, -0.1689 0.2246 0.1181, -0.1737 0.2212 0.1181, -0.1781 0.2162 0.1181, -0.181 0.2106 0.1181, -0.1968 0.2348 0.1181, -0.1868 0.2141 0.1181, -0.1915 0.2189 0.1181, -0.1947 0.2243 0.1181, -0.1947 0.2246 0.1181, -0.1965 0.2308 0.1181, -0.1961 0.2412 0.1181, -0.1938 0.247 0.1181, -0.1911 0.251 0.1181, -0.1902 0.2523 0.1181, -0.1856 0.2564 0.1181, -0.1797 0.2595 0.1181, -0.1732 0.261 0.1181, -0.1705 0.2612 0.1181, -0.1644 0.2604 0.1181, -0.1585 0.2583 0.1181, -0.1565 0.2572 0.1181, -0.1531 0.2646 0.1181, -0.1474 0.2718 0.1181, -0.1402 0.2774 0.1181, -0.1316 0.2811 0.1181, -0.1229 0.2825 0.1181, -0.1212 0.2825 0.1181, -0.0843 0.2496 0.1181, -0.0846 0.251 0.1181, -0.0851 0.2538 0.1181, -0.0884 0.2627 0.1181, -0.0937 0.2703 0.1181, -0.0974 0.2738 0.1181, -0.1049 0.2787 0.1181, -0.1132 0.2816 0.1181, -0.0822 0.2496 0.1181, -0.0772 0.249 0.1181, -0.0726 0.2472 0.1181, -0.0685 0.2443 0.1181, -0.0654 0.2409 0.1181, -0.063 0.2363 0.1181, -0.0618 0.2313 0.1181, -0.0616 0.229 0.1181, -0.0622 0.2246 0.1181, -0.0623 0.2239 0.1181, -0.0641 0.2192 0.1181, -0.067 0.2151 0.1181, -0.0674 0.2147 0.1181, -0.0713 0.2115 0.1181, -0.0759 0.2093 0.1181, -0.0806 0.2085 0.1181, -0.0925 0.2085 0.1181, -0.093 0.2085 0.1181, -0.0938 0.2087 0.1181, -0.0941 0.2087 0.1181, -0.0959 0.2085 0.1181, -0.0977 0.2078 0.1181, -0.0994 0.2067 0.1181, -0.1007 0.2052 0.1181, -0.1017 0.2034 0.1181, -0.1022 0.2014 0.1181, -0.1022 0.2005 0.1181, -0.102 0.1988 0.1181, -0.1014 0.197 0.1181, -0.1003 0.1953 0.1181, -0.0991 0.1941 0.1181, -0.0973 0.193 0.1181, -0.0955 0.1925 0.1181, -0.0946 0.1924 0.1181, -0.079 0.1924 0.1181, -0.0712 0.1939 0.1181, -0.063 0.1977 0.1181, -0.0561 0.2032 0.1181, -0.0551 0.2042 0.1181, -0.0468 0.2189 0.1181, -0.0503 0.2107 0.1181, -0.0458 0.2246 0.1181, -0.0453 0.2275 0.1181, -0.1565 0.2113 0.1181, -0.1547 0.2112 0.1181, -0.1523 0.2104 0.1181, -0.1501 0.2091 0.1181, -0.1483 0.2072 0.1181, -0.1471 0.2051 0.1181, -0.1464 0.2027 0.1181, -0.1463 0.2002 0.1181, -0.1468 0.1976 0.1181, -0.148 0.1953 0.1181, -0.1497 0.1934 0.1181, -0.1517 0.192 0.1181, -0.154 0.1911 0.1181, -0.1565 0.1908 0.1181, -0.1589 0.1911 0.1181, -0.1614 0.192 0.1181, -0.1634 0.1935 0.1181, -0.1651 0.1954 0.1181, -0.1662 0.1976 0.1181, -0.1668 0.2 0.1181, -0.1667 0.2026 0.1181, -0.166 0.2051 0.1181, -0.1647 0.2073 0.1181, -0.1634 0.2087 0.1181, -0.1613 0.2102 0.1181, -0.159 0.211 0.1181
            ]
        }
        coordIndex [
            0,1,2,-1,3,4,5,-1,6,7,8,-1,8,7,9,-1,5,4,10,-1,11,12,13,-1,14,15,7,-1,7,15,16,-1,7,16,9,-1,9,16,17,-1,18,19,20,-1,20,19,21,-1,20,21,22,-1,22,21,23,-1,22,23,24,-1,24,23,25,-1,24,25,26,-1,26,25,2,-1,26,2,27,-1,28,29,18,-1,18,29,30,-1,18,30,19,-1,31,32,33,-1,34,35,2,-1,2,35,36,-1,2,36,0,-1,6,8,13,-1,13,8,37,-1,13,37,11,-1,38,1,39,-1,39,1,40,-1,39,40,41,-1,31,33,42,-1,42,33,43,-1,42,43,44,-1,44,43,45,-1,44,45,46,-1,4,47,10,-1,10,47,48,-1,10,48,49,-1,49,48,50,-1,49,50,31,-1,31,50,51,-1,31,51,32,-1,17,16,18,-1,18,16,52,-1,18,52,28,-1,53,54,55,-1,55,54,56,-1,55,56,57,-1,57,56,58,-1,57,58,59,-1,59,58,60,-1,59,60,61,-1,61,60,62,-1,61,62,63,-1,63,62,64,-1,63,64,65,-1,65,64,66,-1,65,66,67,-1,67,66,68,-1,67,68,69,-1,69,68,70,-1,71,72,73,-1,46,45,74,-1,74,45,75,-1,74,75,76,-1,77,78,79,-1,79,78,80,-1,79,80,55,-1,55,80,81,-1,55,81,53,-1,82,83,84,-1,84,83,85,-1,84,85,86,-1,86,85,87,-1,86,87,88,-1,88,87,89,-1,88,89,90,-1,90,89,91,-1,90,91,34,-1,34,91,92,-1,34,92,35,-1,38,93,1,-1,1,93,94,-1,1,94,2,-1,2,94,95,-1,2,95,27,-1,73,72,96,-1,96,72,97,-1,96,97,98,-1,98,97,99,-1,98,99,100,-1,100,99,101,-1,100,101,102,-1,102,101,103,-1,102,103,104,-1,104,103,105,-1,104,105,106,-1,106,105,107,-1,106,107,70,-1,70,107,108,-1,70,108,69,-1,5,109,3,-1,3,109,110,-1,3,110,111,-1,111,110,112,-1,111,112,113,-1,113,112,114,-1,113,114,82,-1,82,114,115,-1,82,115,83,-1,12,116,13,-1,13,116,117,-1,13,117,118,-1,118,117,119,-1,118,119,120,-1,120,119,121,-1,120,121,122,-1,122,121,123,-1,122,123,124,-1,124,123,125,-1,124,125,126,-1,126,125,127,-1,126,127,128,-1,128,127,129,-1,128,129,130,-1,130,129,41,-1,130,41,131,-1,131,41,40,-1,75,132,76,-1,76,132,133,-1,76,133,134,-1,134,133,135,-1,134,135,136,-1,136,135,137,-1,136,137,77,-1,77,137,138,-1,77,138,78,-1,139,140,141,-1,141,140,142,-1,142,143,141,-1,141,143,144,-1,141,144,145,-1,73,146,71,-1,71,146,141,-1,71,141,147,-1,147,141,145,-1,141,148,139,-1,139,148,149,-1,139,149,150,-1,150,151,139,-1,139,151,152,-1,139,152,153,-1,67,154,155,-1,67,155,65,-1,65,155,156,-1,65,156,63,-1,63,156,157,-1,63,157,61,-1,157,158,61,-1,61,158,159,-1,61,159,59,-1,59,159,160,-1,59,160,57,-1,57,160,161,-1,57,161,55,-1,55,161,162,-1,55,162,79,-1,79,162,163,-1,79,163,77,-1,77,163,136,-1,136,163,164,-1,164,165,136,-1,136,165,166,-1,136,166,134,-1,134,166,167,-1,134,167,76,-1,168,44,169,-1,169,44,46,-1,169,46,170,-1,170,46,74,-1,170,74,171,-1,171,74,76,-1,171,76,167,-1,44,168,172,-1,44,172,42,-1,42,172,173,-1,42,173,31,-1,31,173,174,-1,31,174,49,-1,49,174,175,-1,49,175,10,-1,10,175,176,-1,10,176,5,-1,5,176,177,-1,5,177,109,-1,109,177,178,-1,109,178,110,-1,110,178,179,-1,110,179,112,-1,112,179,180,-1,181,115,180,-1,180,115,114,-1,180,114,112,-1,181,182,115,-1,115,182,183,-1,115,183,83,-1,83,183,184,-1,83,184,85,-1,184,185,85,-1,85,185,87,-1,185,186,87,-1,87,186,187,-1,87,187,89,-1,89,187,188,-1,89,188,91,-1,91,188,189,-1,91,189,92,-1,92,189,190,-1,92,190,35,-1,35,190,191,-1,35,191,36,-1,36,191,192,-1,36,192,0,-1,192,193,0,-1,0,193,194,-1,0,194,1,-1,1,194,195,-1,1,195,40,-1,40,195,196,-1,40,196,131,-1,196,197,131,-1,131,197,198,-1,131,198,130,-1,130,198,199,-1,130,199,128,-1,200,6,13,-1,128,199,201,-1,128,201,126,-1,126,201,202,-1,126,202,124,-1,202,203,124,-1,124,203,204,-1,124,204,122,-1,122,204,205,-1,122,205,120,-1,120,205,206,-1,120,206,118,-1,118,206,207,-1,118,207,13,-1,13,207,208,-1,13,208,200,-1,7,6,209,-1,209,6,200,-1,14,7,210,-1,210,7,209,-1,211,15,212,-1,212,15,14,-1,212,14,210,-1,15,211,16,-1,16,211,213,-1,16,213,214,-1,16,214,215,-1,16,215,52,-1,52,215,216,-1,52,216,28,-1,216,217,28,-1,28,217,218,-1,28,218,29,-1,29,218,219,-1,29,219,30,-1,30,219,220,-1,30,220,19,-1,19,220,221,-1,19,221,21,-1,21,221,222,-1,21,222,23,-1,222,223,23,-1,23,223,224,-1,23,224,25,-1,25,224,225,-1,25,225,2,-1,226,84,86,-1,2,225,227,-1,2,227,34,-1,34,227,228,-1,34,228,90,-1,90,228,229,-1,90,229,88,-1,88,229,230,-1,88,230,86,-1,86,230,231,-1,86,231,226,-1,84,226,232,-1,84,232,82,-1,82,232,233,-1,82,233,113,-1,113,233,234,-1,113,234,111,-1,234,235,111,-1,111,235,236,-1,111,236,3,-1,3,236,237,-1,3,237,4,-1,4,237,238,-1,4,238,47,-1,47,238,239,-1,47,239,48,-1,48,239,240,-1,48,240,50,-1,50,240,241,-1,50,241,51,-1,51,241,242,-1,51,242,32,-1,32,242,243,-1,32,243,33,-1,33,243,244,-1,33,244,43,-1,43,244,245,-1,43,245,45,-1,45,245,246,-1,45,246,75,-1,75,246,247,-1,75,247,132,-1,132,247,248,-1,132,248,133,-1,249,53,250,-1,250,53,81,-1,250,81,251,-1,251,81,80,-1,251,80,252,-1,252,80,78,-1,252,78,253,-1,253,78,138,-1,253,138,254,-1,254,138,137,-1,254,137,255,-1,255,137,135,-1,255,135,256,-1,256,135,133,-1,256,133,248,-1,54,53,257,-1,257,53,249,-1,54,257,258,-1,54,258,56,-1,56,258,259,-1,56,259,58,-1,58,259,260,-1,58,260,60,-1,60,260,261,-1,60,261,62,-1,62,261,262,-1,62,262,64,-1,64,262,263,-1,64,263,66,-1,66,263,264,-1,66,264,68,-1,264,265,68,-1,68,265,70,-1,265,266,70,-1,70,266,267,-1,70,267,106,-1,106,267,268,-1,106,268,104,-1,104,268,269,-1,104,269,102,-1,102,269,270,-1,102,270,100,-1,100,270,271,-1,100,271,98,-1,98,271,272,-1,98,272,96,-1,73,96,273,-1,273,96,272,-1,73,273,274,-1,73,274,146,-1,146,274,275,-1,146,275,141,-1,141,275,276,-1,141,276,148,-1,148,276,277,-1,148,277,149,-1,149,277,278,-1,149,278,150,-1,150,278,279,-1,150,279,151,-1,151,279,280,-1,151,280,152,-1,152,280,281,-1,152,281,153,-1,153,281,282,-1,153,282,139,-1,139,282,283,-1,139,283,140,-1,140,283,284,-1,140,284,142,-1,142,284,285,-1,142,285,143,-1,143,285,286,-1,143,286,144,-1,144,286,287,-1,144,287,145,-1,145,287,288,-1,145,288,147,-1,147,288,289,-1,147,289,71,-1,71,289,290,-1,71,290,72,-1,97,72,291,-1,291,72,290,-1,97,291,292,-1,97,292,99,-1,99,292,293,-1,99,293,101,-1,101,293,294,-1,101,294,103,-1,103,294,295,-1,103,295,105,-1,296,107,297,-1,297,107,105,-1,297,105,295,-1,298,69,296,-1,296,69,108,-1,296,108,107,-1,298,299,69,-1,69,299,154,-1,69,154,67,-1,17,300,301,-1,17,301,9,-1,9,301,302,-1,9,302,8,-1,8,302,303,-1,8,303,37,-1,37,303,304,-1,37,304,11,-1,11,304,305,-1,11,305,12,-1,12,305,306,-1,12,306,116,-1,116,306,307,-1,116,307,117,-1,117,307,308,-1,117,308,119,-1,119,308,309,-1,119,309,121,-1,121,309,310,-1,121,310,123,-1,123,310,311,-1,123,311,125,-1,125,311,312,-1,125,312,127,-1,127,312,313,-1,127,313,129,-1,129,313,314,-1,129,314,41,-1,41,314,315,-1,41,315,39,-1,39,315,316,-1,39,316,38,-1,38,316,317,-1,38,317,93,-1,93,317,318,-1,93,318,94,-1,94,318,319,-1,94,319,95,-1,95,319,320,-1,95,320,27,-1,27,320,321,-1,27,321,26,-1,26,321,322,-1,26,322,24,-1,24,322,323,-1,24,323,22,-1,22,323,324,-1,22,324,20,-1,20,324,325,-1,20,325,18,-1,18,325,300,-1,18,300,17,-1,
        ]
    }
}
Shape{
    appearance Appearance {
        material  Material {
            diffuseColor 1.0 1.0 1.0
            specularColor 0.5019607843137255 0.5019607843137255 0.5019607843137255
            ambientIntensity 1.0
            transparency 0.0
            shininess 0.5
        }
    }
    geometry IndexedFaceSet {
        ccw TRUE
        solid FALSE
        coord DEF co Coordinate {
            point [
                -0.1565 0.1908 0.1181, -0.1634 0.2087 0.1181, -0.1647 0.2073 0.1181, -0.1565 0.2113 0.1181, -0.1547 0.2112 0.1181, -0.154 0.1911 0.1181, -0.159 0.211 0.1181, -0.1613 0.2102 0.1181, -0.1497 0.1934 0.1181, -0.1483 0.2072 0.1181, -0.1501 0.2091 0.1181, -0.1662 0.1976 0.1181, -0.1651 0.1954 0.1181, -0.1634 0.1935 0.1181, -0.1517 0.192 0.1181, -0.1523 0.2104 0.1181, -0.166 0.2051 0.1181, -0.1667 0.2026 0.1181, -0.1668 0.2 0.1181, -0.1614 0.192 0.1181, -0.1589 0.1911 0.1181, -0.1468 0.1976 0.1181, -0.1463 0.2002 0.1181, -0.148 0.1953 0.1181, -0.1464 0.2027 0.1181, -0.1471 0.2051 0.1181
            ]
        }
        coordIndex [
            0,1,2,-1,3,0,4,-1,4,0,5,-1,3,6,0,-1,0,6,7,-1,0,7,1,-1,8,9,10,-1,11,12,2,-1,2,12,13,-1,5,14,4,-1,4,14,8,-1,4,8,15,-1,15,8,10,-1,16,17,2,-1,2,17,18,-1,2,18,11,-1,13,19,2,-1,2,19,20,-1,2,20,0,-1,21,22,23,-1,23,22,24,-1,23,24,8,-1,8,24,25,-1,8,25,9,-1,
        ]
    }
}