#VRML V2.0 utf8
# 3D model generated by kicad-lcsc-manager
# Based on easyeda2kicad.py v1.0.1

Shape{
    appearance Appearance {
        material  Material {
            diffuseColor 1.0 1.0 0.0
            specularColor 0.5019607843137255 0.5019607843137255 0.0
            ambientIntensity 0.886
            transparency 0.0
            shininess 0.5
        }
    }
    geometry IndexedFaceSet {
        ccw TRUE
        solid FALSE
        coord DEF co Coordinate {
            point [
                -0.2559 -0.1573 0.0, -0.2559 -0.1573 0.0039, -0.2564 -0.1496 0.0, -0.2564 -0.1496 0.0039, -0.2579 -0.142 0.0, -0.2579 -0.142 0.0039, -0.2604 -0.1347 0.0, -0.2604 -0.1347 0.0039, -0.2638 -0.1278 0.0, -0.2638 -0.1278 0.0039, -0.2681 -0.1213 0.0, -0.2681 -0.1213 0.0039, -0.2732 -0.1155 0.0, -0.2732 -0.1155 0.0039, -0.279 -0.1104 0.0, -0.279 -0.1104 0.0039, -0.2854 -0.1061 0.0, -0.2854 -0.1061 0.0039, -0.2924 -0.1027 0.0, -0.2924 -0.1027 0.0039, -0.2997 -0.1002 0.0, -0.2997 -0.1002 0.0039, -0.3073 -0.0987 0.0, -0.3073 -0.0987 0.0039, -0.315 -0.0982 0.0, -0.315 -0.0982 0.0039, -0.315 -0.0608 0.0, -0.315 -0.0608 0.0039, -0.3082 -0.0611 0.0039, -0.3082 -0.0611 0.0, -0.3014 -0.0618 0.0039, -0.3014 -0.0618 0.0, -0.3014 -0.049 0.0, -0.3014 -0.049 0.0039, -0.1378 -0.049 0.0, -0.1378 -0.049 0.0039, -0.1378 -0.1493 0.0, -0.1378 -0.1493 0.0039, -0.2188 -0.1493 0.0, -0.2188 -0.1493 0.0039, -0.2185 -0.1573 0.0039, -0.2185 -0.1573 0.0, 0.315 -0.0982 0.0, 0.315 -0.0982 0.0039, 0.3073 -0.0987 0.0, 0.3073 -0.0987 0.0039, 0.2997 -0.1002 0.0, 0.2997 -0.1002 0.0039, 0.2924 -0.1027 0.0, 0.2924 -0.1027 0.0039, 0.2854 -0.1061 0.0, 0.2854 -0.1061 0.0039, 0.279 -0.1104 0.0, 0.279 -0.1104 0.0039, 0.2732 -0.1155 0.0, 0.2732 -0.1155 0.0039, 0.2681 -0.1213 0.0, 0.2681 -0.1213 0.0039, 0.2638 -0.1278 0.0, 0.2638 -0.1278 0.0039, 0.2604 -0.1347 0.0, 0.2604 -0.1347 0.0039, 0.2579 -0.142 0.0, 0.2579 -0.142 0.0039, 0.2564 -0.1496 0.0, 0.2564 -0.1496 0.0039, 0.2559 -0.1573 0.0, 0.2559 -0.1573 0.0039, 0.315 -0.0608 0.0, 0.315 -0.0608 0.0039, 0.3014 -0.0618 0.0, 0.3014 -0.0618 0.0039, 0.3082 -0.0611 0.0039, 0.3082 -0.0611 0.0, 0.3014 -0.049 0.0, 0.3014 -0.049 0.0039, 0.1378 -0.049 0.0, 0.1378 -0.049 0.0039, 0.1378 -0.1493 0.0, 0.1378 -0.1493 0.0039, 0.2188 -0.1493 0.0, 0.2188 -0.1493 0.0039, 0.2185 -0.1573 0.0039, 0.2185 -0.1573 0.0, -0.315 0.0986 0.0, -0.315 0.0986 0.0039, -0.3073 0.0991 0.0, -0.3073 0.0991 0.0039, -0.2997 0.1006 0.0, -0.2997 0.1006 0.0039, -0.2924 0.1031 0.0, -0.2924 0.1031 0.0039, -0.2854 0.1065 0.0, -0.2854 0.1065 0.0039, -0.279 0.1108 0.0, -0.279 0.1108 0.0039, -0.2732 0.1159 0.0, -0.2732 0.1159 0.0039, -0.2681 0.1217 0.0, -0.2681 0.1217 0.0039, -0.2638 0.1281 0.0, -0.2638 0.1281 0.0039, -0.2604 0.1351 0.0, -0.2604 0.1351 0.0039, -0.2579 0.1424 0.0, -0.2579 0.1424 0.0039, -0.2564 0.15 0.0, -0.2564 0.15 0.0039, -0.2559 0.1577 0.0, -0.2559 0.1577 0.0039, -0.315 0.0612 0.0, -0.315 0.0612 0.0039, -0.3014 0.0622 0.0, -0.3014 0.0622 0.0039, -0.3082 0.0614 0.0039, -0.3082 0.0614 0.0, -0.3014 0.0494 0.0, -0.3014 0.0494 0.0039, -0.1378 0.0494 0.0, -0.1378 0.0494 0.0039, -0.1378 0.1497 0.0, -0.1378 0.1497 0.0039, -0.2188 0.1497 0.0, -0.2188 0.1497 0.0039, -0.2185 0.1577 0.0039, -0.2185 0.1577 0.0, 0.2559 0.1577 0.0, 0.2559 0.1577 0.0039, 0.2564 0.15 0.0, 0.2564 0.15 0.0039, 0.2579 0.1424 0.0, 0.2579 0.1424 0.0039, 0.2604 0.1351 0.0, 0.2604 0.1351 0.0039, 0.2638 0.1281 0.0, 0.2638 0.1281 0.0039, 0.2681 0.1217 0.0, 0.2681 0.1217 0.0039, 0.2732 0.1159 0.0, 0.2732 0.1159 0.0039, 0.279 0.1108 0.0, 0.279 0.1108 0.0039, 0.2854 0.1065 0.0, 0.2854 0.1065 0.0039, 0.2924 0.1031 0.0, 0.2924 0.1031 0.0039, 0.2997 0.1006 0.0, 0.2997 0.1006 0.0039, 0.3073 0.0991 0.0, 0.3073 0.0991 0.0039, 0.315 0.0986 0.0, 0.315 0.0986 0.0039, 0.315 0.0612 0.0, 0.315 0.0612 0.0039, 0.3082 0.0614 0.0039, 0.3082 0.0614 0.0, 0.3014 0.0622 0.0039, 0.3014 0.0622 0.0, 0.3014 0.0494 0.0, 0.3014 0.0494 0.0039, 0.1378 0.0494 0.0, 0.1378 0.0494 0.0039, 0.1378 0.1497 0.0, 0.1378 0.1497 0.0039, 0.2188 0.1497 0.0, 0.2188 0.1497 0.0039, 0.2185 0.1577 0.0039, 0.2185 0.1577 0.0
            ]
        }
        coordIndex [
            0,1,2,-1,2,1,3,-1,2,3,4,-1,4,3,5,-1,4,5,6,-1,6,5,7,-1,6,7,8,-1,8,7,9,-1,8,9,10,-1,10,9,11,-1,10,11,12,-1,12,11,13,-1,12,13,14,-1,14,13,15,-1,14,15,16,-1,16,15,17,-1,16,17,18,-1,18,17,19,-1,18,19,20,-1,20,19,21,-1,20,21,22,-1,22,21,23,-1,22,23,24,-1,24,23,25,-1,26,24,27,-1,27,24,25,-1,26,27,28,-1,26,28,29,-1,29,28,30,-1,29,30,31,-1,32,31,33,-1,33,31,30,-1,34,32,35,-1,35,32,33,-1,36,34,37,-1,37,34,35,-1,38,36,39,-1,39,36,37,-1,39,40,38,-1,38,40,41,-1,0,41,1,-1,1,41,40,-1,38,41,31,-1,20,22,31,-1,31,22,29,-1,29,22,24,-1,29,24,26,-1,36,38,34,-1,34,38,31,-1,34,31,32,-1,0,2,41,-1,41,2,4,-1,41,4,6,-1,14,16,31,-1,31,16,18,-1,31,18,20,-1,6,8,41,-1,41,8,10,-1,41,10,31,-1,31,10,12,-1,31,12,14,-1,30,40,39,-1,39,37,30,-1,30,37,35,-1,30,35,33,-1,7,5,40,-1,40,5,3,-1,40,3,1,-1,27,25,28,-1,28,25,23,-1,28,23,30,-1,30,23,21,-1,21,19,30,-1,30,19,17,-1,30,17,15,-1,15,13,30,-1,30,13,11,-1,30,11,40,-1,40,11,9,-1,40,9,7,-1,42,43,44,-1,44,43,45,-1,44,45,46,-1,46,45,47,-1,46,47,48,-1,48,47,49,-1,48,49,50,-1,50,49,51,-1,50,51,52,-1,52,51,53,-1,52,53,54,-1,54,53,55,-1,54,55,56,-1,56,55,57,-1,56,57,58,-1,58,57,59,-1,58,59,60,-1,60,59,61,-1,60,61,62,-1,62,61,63,-1,62,63,64,-1,64,63,65,-1,64,65,66,-1,66,65,67,-1,42,68,43,-1,43,68,69,-1,70,71,72,-1,70,72,73,-1,73,72,69,-1,73,69,68,-1,70,74,71,-1,71,74,75,-1,74,76,75,-1,75,76,77,-1,76,78,77,-1,77,78,79,-1,78,80,79,-1,79,80,81,-1,82,81,83,-1,83,81,80,-1,83,66,82,-1,82,66,67,-1,70,83,80,-1,60,62,83,-1,83,62,64,-1,83,64,66,-1,80,78,70,-1,70,78,76,-1,70,76,74,-1,68,42,73,-1,73,42,44,-1,73,44,70,-1,70,44,46,-1,46,48,70,-1,70,48,50,-1,70,50,52,-1,52,54,70,-1,70,54,56,-1,70,56,83,-1,83,56,58,-1,83,58,60,-1,81,82,71,-1,67,65,82,-1,82,65,63,-1,82,63,61,-1,79,81,77,-1,77,81,71,-1,77,71,75,-1,47,45,71,-1,71,45,72,-1,72,45,43,-1,72,43,69,-1,61,59,82,-1,82,59,57,-1,82,57,71,-1,71,57,55,-1,71,55,53,-1,53,51,71,-1,71,51,49,-1,71,49,47,-1,84,85,86,-1,86,85,87,-1,86,87,88,-1,88,87,89,-1,88,89,90,-1,90,89,91,-1,90,91,92,-1,92,91,93,-1,92,93,94,-1,94,93,95,-1,94,95,96,-1,96,95,97,-1,96,97,98,-1,98,97,99,-1,98,99,100,-1,100,99,101,-1,100,101,102,-1,102,101,103,-1,102,103,104,-1,104,103,105,-1,104,105,106,-1,106,105,107,-1,106,107,108,-1,108,107,109,-1,84,110,85,-1,85,110,111,-1,112,113,114,-1,112,114,115,-1,115,114,111,-1,115,111,110,-1,112,116,113,-1,113,116,117,-1,116,118,117,-1,117,118,119,-1,118,120,119,-1,119,120,121,-1,120,122,121,-1,121,122,123,-1,124,123,125,-1,125,123,122,-1,125,108,124,-1,124,108,109,-1,112,125,122,-1,122,120,112,-1,112,120,118,-1,112,118,116,-1,110,84,115,-1,115,84,86,-1,115,86,112,-1,112,86,88,-1,88,90,112,-1,112,90,92,-1,112,92,94,-1,102,104,125,-1,125,104,106,-1,125,106,108,-1,94,96,112,-1,112,96,98,-1,112,98,125,-1,125,98,100,-1,125,100,102,-1,123,124,113,-1,95,93,113,-1,113,87,114,-1,114,87,85,-1,114,85,111,-1,121,123,119,-1,119,123,113,-1,119,113,117,-1,93,91,113,-1,113,91,89,-1,113,89,87,-1,109,107,124,-1,124,107,105,-1,124,105,103,-1,103,101,124,-1,124,101,99,-1,124,99,113,-1,113,99,97,-1,113,97,95,-1,126,127,128,-1,128,127,129,-1,128,129,130,-1,130,129,131,-1,130,131,132,-1,132,131,133,-1,132,133,134,-1,134,133,135,-1,134,135,136,-1,136,135,137,-1,136,137,138,-1,138,137,139,-1,138,139,140,-1,140,139,141,-1,140,141,142,-1,142,141,143,-1,142,143,144,-1,144,143,145,-1,144,145,146,-1,146,145,147,-1,146,147,148,-1,148,147,149,-1,148,149,150,-1,150,149,151,-1,152,150,153,-1,153,150,151,-1,152,153,154,-1,152,154,155,-1,155,154,156,-1,155,156,157,-1,158,157,159,-1,159,157,156,-1,160,158,161,-1,161,158,159,-1,162,160,163,-1,163,160,161,-1,164,162,165,-1,165,162,163,-1,165,166,164,-1,164,166,167,-1,126,167,127,-1,127,167,166,-1,164,167,157,-1,157,148,155,-1,155,148,150,-1,155,150,152,-1,162,164,160,-1,160,164,157,-1,160,157,158,-1,126,128,167,-1,167,128,130,-1,167,130,132,-1,157,140,142,-1,132,134,167,-1,167,134,136,-1,167,136,157,-1,157,136,138,-1,157,138,140,-1,142,144,157,-1,157,144,146,-1,157,146,148,-1,156,166,165,-1,165,163,156,-1,156,163,161,-1,156,161,159,-1,133,131,166,-1,166,131,129,-1,166,129,127,-1,153,151,154,-1,154,151,149,-1,154,149,156,-1,156,149,147,-1,147,145,156,-1,156,145,143,-1,156,143,141,-1,141,139,156,-1,156,139,137,-1,156,137,166,-1,166,137,135,-1,166,135,133,-1,
        ]
    }
}
Shape{
    appearance Appearance {
        material  Material {
            diffuseColor 1.0 1.0 0.5019607843137255
            specularColor 0.8784313725490196 0.8784313725490196 0.44313725490196076
            ambientIntensity 0.9432
            transparency 0.0
            shininess 0.5
        }
    }
    geometry IndexedFaceSet {
        ccw TRUE
        solid FALSE
        coord DEF co Coordinate {
            point [
                -0.315 -0.1573 0.122, -0.315 0.1577 0.122, -0.315 -0.1573 0.0748, -0.315 0.1577 0.0748, 0.315 -0.1573 0.122, 0.315 -0.1573 0.0748, 0.315 0.1577 0.122, 0.315 0.1577 0.0748
            ]
        }
        coordIndex [
            0,1,2,-1,2,1,3,-1,4,0,5,-1,5,0,2,-1,6,4,7,-1,7,4,5,-1,1,6,3,-1,3,6,7,-1,4,6,0,-1,0,6,1,-1,7,5,3,-1,3,5,2,-1,
        ]
    }
}
Shape{
    appearance Appearance {
        material  Material {
            diffuseColor 1.0 1.0 0.0
            specularColor 0.5019607843137255 0.5019607843137255 0.0
            ambientIntensity 0.886
            transparency 0.0
            shininess 0.5
        }
    }
    geometry IndexedFaceSet {
        ccw TRUE
        solid FALSE
        coord DEF co Coordinate {
            point [
                -0.2165 -0.1573 0.0787, -0.315 -0.1573 0.0787, -0.2165 -0.1573 0.0748, -0.315 -0.1573 0.0748, -0.2173 -0.1451 0.0748, -0.2173 -0.1451 0.0787, -0.2196 -0.133 0.0748, -0.2196 -0.133 0.0787, -0.2233 -0.1214 0.0748, -0.2233 -0.1214 0.0787, -0.2285 -0.1103 0.0748, -0.2285 -0.1103 0.0787, -0.235 -0.0999 0.0748, -0.235 -0.0999 0.0787, -0.2427 -0.0904 0.0748, -0.2427 -0.0904 0.0787, -0.2516 -0.082 0.0748, -0.2516 -0.082 0.0787, -0.2614 -0.0747 0.0748, -0.2614 -0.0747 0.0787, -0.2721 -0.0687 0.0748, -0.2721 -0.0687 0.0787, -0.2835 -0.064 0.0748, -0.2835 -0.064 0.0787, -0.2953 -0.0608 0.0748, -0.2953 -0.0608 0.0787, -0.2953 0.0612 0.0787, -0.2953 0.0612 0.0748, -0.2835 0.0644 0.0748, -0.2835 0.0644 0.0787, -0.2721 0.0691 0.0748, -0.2721 0.0691 0.0787, -0.2614 0.0751 0.0748, -0.2614 0.0751 0.0787, -0.2516 0.0824 0.0748, -0.2516 0.0824 0.0787, -0.2427 0.0908 0.0748, -0.2427 0.0908 0.0787, -0.235 0.1003 0.0748, -0.235 0.1003 0.0787, -0.2285 0.1107 0.0748, -0.2285 0.1107 0.0787, -0.2233 0.1218 0.0748, -0.2233 0.1218 0.0787, -0.2196 0.1334 0.0748, -0.2196 0.1334 0.0787, -0.2173 0.1455 0.0748, -0.2173 0.1455 0.0787, -0.2165 0.1577 0.0748, -0.2165 0.1577 0.0787, -0.315 0.1577 0.0787, -0.315 0.1577 0.0748, 0.2165 0.1577 0.0787, 0.2165 0.1577 0.0748, 0.2169 0.1495 0.0748, 0.2169 0.1495 0.0787, 0.2179 0.1415 0.0748, 0.2179 0.1415 0.0787, 0.2195 0.1335 0.0748, 0.2195 0.1335 0.0787, 0.2219 0.1257 0.0748, 0.2219 0.1257 0.0787, 0.2248 0.1181 0.0748, 0.2248 0.1181 0.0787, 0.2284 0.1108 0.0748, 0.2284 0.1108 0.0787, 0.2326 0.1038 0.0748, 0.2326 0.1038 0.0787, 0.2373 0.0972 0.0748, 0.2373 0.0972 0.0787, 0.2425 0.091 0.0748, 0.2425 0.091 0.0787, 0.2483 0.0853 0.0748, 0.2483 0.0853 0.0787, 0.2545 0.08 0.0748, 0.2545 0.08 0.0787, 0.2611 0.0753 0.0748, 0.2611 0.0753 0.0787, 0.2681 0.0711 0.0748, 0.2681 0.0711 0.0787, 0.2754 0.0675 0.0748, 0.2754 0.0675 0.0787, 0.283 0.0646 0.0748, 0.283 0.0646 0.0787, 0.2908 0.0623 0.0748, 0.2908 0.0623 0.0787, 0.2988 0.0606 0.0748, 0.2988 0.0606 0.0787, 0.3068 0.0596 0.0748, 0.3068 0.0596 0.0787, 0.315 0.0593 0.0748, 0.315 0.0593 0.0787, 0.315 0.1577 0.0787, 0.315 0.1577 0.0748, 0.315 -0.0589 0.0787, 0.315 -0.0589 0.0748, 0.3068 -0.0592 0.0748, 0.3068 -0.0592 0.0787, 0.2988 -0.0602 0.0748, 0.2988 -0.0602 0.0787, 0.2908 -0.0619 0.0748, 0.2908 -0.0619 0.0787, 0.283 -0.0642 0.0748, 0.283 -0.0642 0.0787, 0.2754 -0.0671 0.0748, 0.2754 -0.0671 0.0787, 0.2681 -0.0707 0.0748, 0.2681 -0.0707 0.0787, 0.2611 -0.0749 0.0748, 0.2611 -0.0749 0.0787, 0.2545 -0.0796 0.0748, 0.2545 -0.0796 0.0787, 0.2483 -0.0849 0.0748, 0.2483 -0.0849 0.0787, 0.2425 -0.0906 0.0748, 0.2425 -0.0906 0.0787, 0.2373 -0.0968 0.0748, 0.2373 -0.0968 0.0787, 0.2326 -0.1035 0.0748, 0.2326 -0.1035 0.0787, 0.2284 -0.1104 0.0748, 0.2284 -0.1104 0.0787, 0.2248 -0.1177 0.0748, 0.2248 -0.1177 0.0787, 0.2219 -0.1253 0.0748, 0.2219 -0.1253 0.0787, 0.2195 -0.1331 0.0748, 0.2195 -0.1331 0.0787, 0.2179 -0.1411 0.0748, 0.2179 -0.1411 0.0787, 0.2169 -0.1492 0.0748, 0.2169 -0.1492 0.0787, 0.2165 -0.1573 0.0748, 0.2165 -0.1573 0.0787, 0.315 -0.1573 0.0787, 0.315 -0.1573 0.0748
            ]
        }
        coordIndex [
            0,1,2,-1,2,1,3,-1,0,2,4,-1,0,4,5,-1,5,4,6,-1,5,6,7,-1,7,6,8,-1,7,8,9,-1,9,8,10,-1,9,10,11,-1,11,10,12,-1,11,12,13,-1,13,12,14,-1,13,14,15,-1,15,14,16,-1,15,16,17,-1,17,16,18,-1,17,18,19,-1,19,18,20,-1,19,20,21,-1,21,20,22,-1,21,22,23,-1,23,22,24,-1,23,24,25,-1,26,25,27,-1,27,25,24,-1,26,27,28,-1,26,28,29,-1,29,28,30,-1,29,30,31,-1,31,30,32,-1,31,32,33,-1,33,32,34,-1,33,34,35,-1,35,34,36,-1,35,36,37,-1,37,36,38,-1,37,38,39,-1,39,38,40,-1,39,40,41,-1,41,40,42,-1,41,42,43,-1,43,42,44,-1,43,44,45,-1,45,44,46,-1,45,46,47,-1,47,46,48,-1,47,48,49,-1,50,49,51,-1,51,49,48,-1,1,50,3,-1,3,50,51,-1,47,49,50,-1,0,5,1,-1,1,5,7,-1,1,7,9,-1,9,11,1,-1,1,11,13,-1,1,13,15,-1,26,50,25,-1,25,50,1,-1,25,1,23,-1,23,1,21,-1,39,41,50,-1,15,17,1,-1,1,17,19,-1,1,19,21,-1,41,43,50,-1,50,43,45,-1,50,45,47,-1,26,29,50,-1,50,29,31,-1,50,31,33,-1,33,35,50,-1,50,35,37,-1,50,37,39,-1,4,2,3,-1,12,10,3,-1,48,46,51,-1,51,46,44,-1,51,44,42,-1,22,20,3,-1,3,20,18,-1,10,8,3,-1,3,8,6,-1,3,6,4,-1,42,40,51,-1,51,40,38,-1,51,38,36,-1,30,28,51,-1,51,28,27,-1,51,27,3,-1,3,27,24,-1,3,24,22,-1,18,16,3,-1,3,16,14,-1,3,14,12,-1,36,34,51,-1,51,34,32,-1,51,32,30,-1,52,53,54,-1,52,54,55,-1,55,54,56,-1,55,56,57,-1,57,56,58,-1,57,58,59,-1,59,58,60,-1,59,60,61,-1,61,60,62,-1,61,62,63,-1,63,62,64,-1,63,64,65,-1,65,64,66,-1,65,66,67,-1,67,66,68,-1,67,68,69,-1,69,68,70,-1,69,70,71,-1,71,70,72,-1,71,72,73,-1,73,72,74,-1,73,74,75,-1,75,74,76,-1,75,76,77,-1,77,76,78,-1,77,78,79,-1,79,78,80,-1,79,80,81,-1,81,80,82,-1,81,82,83,-1,83,82,84,-1,83,84,85,-1,85,84,86,-1,85,86,87,-1,87,86,88,-1,87,88,89,-1,89,88,90,-1,89,90,91,-1,92,91,93,-1,93,91,90,-1,52,92,53,-1,53,92,93,-1,89,91,92,-1,89,92,87,-1,57,92,55,-1,55,92,52,-1,92,63,65,-1,65,67,92,-1,92,67,69,-1,92,69,71,-1,57,59,92,-1,92,59,61,-1,92,61,63,-1,81,92,79,-1,79,92,77,-1,71,73,92,-1,92,73,75,-1,92,75,77,-1,81,83,92,-1,92,83,85,-1,92,85,87,-1,54,53,93,-1,68,66,93,-1,66,64,93,-1,93,64,62,-1,93,62,60,-1,60,58,93,-1,93,58,56,-1,93,56,54,-1,90,88,93,-1,93,88,86,-1,93,86,84,-1,78,76,93,-1,93,76,74,-1,84,82,93,-1,93,82,80,-1,93,80,78,-1,74,72,93,-1,93,72,70,-1,93,70,68,-1,94,95,96,-1,94,96,97,-1,97,96,98,-1,97,98,99,-1,99,98,100,-1,99,100,101,-1,101,100,102,-1,101,102,103,-1,103,102,104,-1,103,104,105,-1,105,104,106,-1,105,106,107,-1,107,106,108,-1,107,108,109,-1,109,108,110,-1,109,110,111,-1,111,110,112,-1,111,112,113,-1,113,112,114,-1,113,114,115,-1,115,114,116,-1,115,116,117,-1,117,116,118,-1,117,118,119,-1,119,118,120,-1,119,120,121,-1,121,120,122,-1,121,122,123,-1,123,122,124,-1,123,124,125,-1,125,124,126,-1,125,126,127,-1,127,126,128,-1,127,128,129,-1,129,128,130,-1,129,130,131,-1,131,130,132,-1,131,132,133,-1,134,133,135,-1,135,133,132,-1,94,134,95,-1,95,134,135,-1,127,134,125,-1,125,134,123,-1,127,129,134,-1,134,129,131,-1,134,131,133,-1,115,117,134,-1,117,119,134,-1,134,119,121,-1,134,121,123,-1,94,97,134,-1,134,97,99,-1,134,99,101,-1,134,107,109,-1,109,111,134,-1,134,111,113,-1,134,113,115,-1,101,103,134,-1,134,103,105,-1,134,105,107,-1,96,95,135,-1,128,135,130,-1,130,135,132,-1,128,126,135,-1,135,126,124,-1,135,124,122,-1,96,135,98,-1,122,120,135,-1,135,120,118,-1,135,118,116,-1,116,114,135,-1,135,114,112,-1,135,112,110,-1,110,108,135,-1,135,108,106,-1,135,106,104,-1,104,102,135,-1,135,102,100,-1,135,100,98,-1,
        ]
    }
}
Shape{
    appearance Appearance {
        material  Material {
            diffuseColor 0.0 1.0 0.0
            specularColor 0.0 0.5019607843137255 0.0
            ambientIntensity 0.587
            transparency 0.0
            shininess 0.5
        }
    }
    geometry IndexedFaceSet {
        ccw TRUE
        solid FALSE
        coord DEF co Coordinate {
            point [
                -0.315 -0.0982 0.0354, -0.315 -0.1573 0.0354, -0.315 -0.0982 0.0748, -0.315 -0.1573 0.0748, -0.3098 -0.0985 0.0748, -0.3098 -0.0985 0.0354, -0.3047 -0.0991 0.0748, -0.3047 -0.0991 0.0354, -0.2997 -0.1002 0.0748, -0.2997 -0.1002 0.0354, -0.2948 -0.1018 0.0748, -0.2948 -0.1018 0.0354, -0.29 -0.1038 0.0748, -0.29 -0.1038 0.0354, -0.2854 -0.1061 0.0748, -0.2854 -0.1061 0.0354, -0.2811 -0.1089 0.0748, -0.2811 -0.1089 0.0354, -0.277 -0.112 0.0748, -0.277 -0.112 0.0354, -0.2732 -0.1155 0.0748, -0.2732 -0.1155 0.0354, -0.2697 -0.1193 0.0748, -0.2697 -0.1193 0.0354, -0.2666 -0.1234 0.0748, -0.2666 -0.1234 0.0354, -0.2638 -0.1278 0.0748, -0.2638 -0.1278 0.0354, -0.2614 -0.1323 0.0748, -0.2614 -0.1323 0.0354, -0.2595 -0.1371 0.0748, -0.2595 -0.1371 0.0354, -0.2579 -0.142 0.0748, -0.2579 -0.142 0.0354, -0.2568 -0.147 0.0748, -0.2568 -0.147 0.0354, -0.2561 -0.1521 0.0748, -0.2561 -0.1521 0.0354, -0.2559 -0.1573 0.0748, -0.2559 -0.1573 0.0354, -0.2559 0.1577 0.0354, -0.2559 0.1577 0.0748, -0.2561 0.1525 0.0748, -0.2561 0.1525 0.0354, -0.2568 0.1474 0.0748, -0.2568 0.1474 0.0354, -0.2579 0.1424 0.0748, -0.2579 0.1424 0.0354, -0.2595 0.1375 0.0748, -0.2595 0.1375 0.0354, -0.2614 0.1327 0.0748, -0.2614 0.1327 0.0354, -0.2638 0.1281 0.0748, -0.2638 0.1281 0.0354, -0.2666 0.1238 0.0748, -0.2666 0.1238 0.0354, -0.2697 0.1197 0.0748, -0.2697 0.1197 0.0354, -0.2732 0.1159 0.0748, -0.2732 0.1159 0.0354, -0.277 0.1124 0.0748, -0.277 0.1124 0.0354, -0.2811 0.1093 0.0748, -0.2811 0.1093 0.0354, -0.2854 0.1065 0.0748, -0.2854 0.1065 0.0354, -0.29 0.1042 0.0748, -0.29 0.1042 0.0354, -0.2948 0.1022 0.0748, -0.2948 0.1022 0.0354, -0.2997 0.1006 0.0748, -0.2997 0.1006 0.0354, -0.3047 0.0995 0.0748, -0.3047 0.0995 0.0354, -0.3098 0.0988 0.0748, -0.3098 0.0988 0.0354, -0.315 0.0986 0.0748, -0.315 0.0986 0.0354, -0.315 0.1577 0.0354, -0.315 0.1577 0.0748, 0.315 0.0986 0.0354, 0.315 0.1577 0.0354, 0.315 0.0986 0.0748, 0.315 0.1577 0.0748, 0.3098 0.0988 0.0748, 0.3098 0.0988 0.0354, 0.3047 0.0995 0.0748, 0.3047 0.0995 0.0354, 0.2997 0.1006 0.0748, 0.2997 0.1006 0.0354, 0.2948 0.1022 0.0748, 0.2948 0.1022 0.0354, 0.29 0.1042 0.0748, 0.29 0.1042 0.0354, 0.2854 0.1065 0.0748, 0.2854 0.1065 0.0354, 0.2811 0.1093 0.0748, 0.2811 0.1093 0.0354, 0.277 0.1124 0.0748, 0.277 0.1124 0.0354, 0.2732 0.1159 0.0748, 0.2732 0.1159 0.0354, 0.2697 0.1197 0.0748, 0.2697 0.1197 0.0354, 0.2666 0.1238 0.0748, 0.2666 0.1238 0.0354, 0.2638 0.1281 0.0748, 0.2638 0.1281 0.0354, 0.2614 0.1327 0.0748, 0.2614 0.1327 0.0354, 0.2595 0.1375 0.0748, 0.2595 0.1375 0.0354, 0.2579 0.1424 0.0748, 0.2579 0.1424 0.0354, 0.2568 0.1474 0.0748, 0.2568 0.1474 0.0354, 0.2561 0.1525 0.0748, 0.2561 0.1525 0.0354, 0.2559 0.1577 0.0748, 0.2559 0.1577 0.0354, 0.2559 -0.1573 0.0354, 0.2559 -0.1573 0.0748, 0.2561 -0.1521 0.0748, 0.2561 -0.1521 0.0354, 0.2568 -0.147 0.0748, 0.2568 -0.147 0.0354, 0.2579 -0.142 0.0748, 0.2579 -0.142 0.0354, 0.2595 -0.1371 0.0748, 0.2595 -0.1371 0.0354, 0.2614 -0.1323 0.0748, 0.2614 -0.1323 0.0354, 0.2638 -0.1278 0.0748, 0.2638 -0.1278 0.0354, 0.2666 -0.1234 0.0748, 0.2666 -0.1234 0.0354, 0.2697 -0.1193 0.0748, 0.2697 -0.1193 0.0354, 0.2732 -0.1155 0.0748, 0.2732 -0.1155 0.0354, 0.277 -0.112 0.0748, 0.277 -0.112 0.0354, 0.2811 -0.1089 0.0748, 0.2811 -0.1089 0.0354, 0.2854 -0.1061 0.0748, 0.2854 -0.1061 0.0354, 0.29 -0.1038 0.0748, 0.29 -0.1038 0.0354, 0.2948 -0.1018 0.0748, 0.2948 -0.1018 0.0354, 0.2997 -0.1002 0.0748, 0.2997 -0.1002 0.0354, 0.3047 -0.0991 0.0748, 0.3047 -0.0991 0.0354, 0.3098 -0.0985 0.0748, 0.3098 -0.0985 0.0354, 0.315 -0.0982 0.0748, 0.315 -0.0982 0.0354, 0.315 -0.1573 0.0354, 0.315 -0.1573 0.0748, -0.0375 -0.1573 0.0035, 0.0334 -0.1573 0.0035, -0.0375 -0.1573 0.0039, 0.0334 -0.1573 0.0039, -0.0375 -0.1103 0.0035, -0.0375 -0.1103 0.0039, -0.1378 -0.1103 0.0035, -0.1378 -0.1103 0.0039, -0.1378 -0.049 0.0035, -0.1378 -0.049 0.0039, -0.0375 -0.049 0.0035, -0.0375 -0.049 0.0039, -0.0375 0.1577 0.0035, -0.0375 0.1577 0.0039, 0.0334 0.1577 0.0035, 0.0334 0.1577 0.0039
            ]
        }
        coordIndex [
            0,1,2,-1,2,1,3,-1,0,2,4,-1,0,4,5,-1,5,4,6,-1,5,6,7,-1,7,6,8,-1,7,8,9,-1,9,8,10,-1,9,10,11,-1,11,10,12,-1,11,12,13,-1,13,12,14,-1,13,14,15,-1,15,14,16,-1,15,16,17,-1,17,16,18,-1,17,18,19,-1,19,18,20,-1,19,20,21,-1,21,20,22,-1,21,22,23,-1,23,22,24,-1,23,24,25,-1,25,24,26,-1,25,26,27,-1,27,26,28,-1,27,28,29,-1,29,28,30,-1,29,30,31,-1,31,30,32,-1,31,32,33,-1,33,32,34,-1,33,34,35,-1,35,34,36,-1,35,36,37,-1,37,36,38,-1,37,38,39,-1,1,39,3,-1,3,39,38,-1,37,39,1,-1,21,23,1,-1,23,25,1,-1,1,25,27,-1,1,27,29,-1,11,13,1,-1,1,13,15,-1,37,1,35,-1,1,0,5,-1,15,17,1,-1,1,17,19,-1,1,19,21,-1,5,7,1,-1,1,7,9,-1,1,9,11,-1,29,31,1,-1,1,31,33,-1,1,33,35,-1,26,24,3,-1,3,24,22,-1,3,22,20,-1,20,18,3,-1,3,18,16,-1,3,16,14,-1,14,12,3,-1,3,12,10,-1,3,10,8,-1,38,36,3,-1,3,36,34,-1,3,34,32,-1,8,6,3,-1,3,6,4,-1,3,4,2,-1,32,30,3,-1,3,30,28,-1,3,28,26,-1,40,41,42,-1,40,42,43,-1,43,42,44,-1,43,44,45,-1,45,44,46,-1,45,46,47,-1,47,46,48,-1,47,48,49,-1,49,48,50,-1,49,50,51,-1,51,50,52,-1,51,52,53,-1,53,52,54,-1,53,54,55,-1,55,54,56,-1,55,56,57,-1,57,56,58,-1,57,58,59,-1,59,58,60,-1,59,60,61,-1,61,60,62,-1,61,62,63,-1,63,62,64,-1,63,64,65,-1,65,64,66,-1,65,66,67,-1,67,66,68,-1,67,68,69,-1,69,68,70,-1,69,70,71,-1,71,70,72,-1,71,72,73,-1,73,72,74,-1,73,74,75,-1,75,74,76,-1,75,76,77,-1,78,77,79,-1,79,77,76,-1,40,78,41,-1,41,78,79,-1,40,43,78,-1,78,43,45,-1,45,47,78,-1,78,47,49,-1,78,49,51,-1,78,69,71,-1,71,73,78,-1,78,73,75,-1,78,75,77,-1,51,53,78,-1,78,53,55,-1,78,55,57,-1,57,59,78,-1,78,59,61,-1,78,61,63,-1,63,65,78,-1,78,65,67,-1,78,67,69,-1,48,46,79,-1,48,79,50,-1,72,79,74,-1,74,79,76,-1,60,58,79,-1,79,58,56,-1,46,44,79,-1,79,44,42,-1,79,42,41,-1,72,70,79,-1,79,70,68,-1,79,68,66,-1,56,54,79,-1,79,54,52,-1,79,52,50,-1,66,64,79,-1,79,64,62,-1,79,62,60,-1,80,81,82,-1,82,81,83,-1,80,82,84,-1,80,84,85,-1,85,84,86,-1,85,86,87,-1,87,86,88,-1,87,88,89,-1,89,88,90,-1,89,90,91,-1,91,90,92,-1,91,92,93,-1,93,92,94,-1,93,94,95,-1,95,94,96,-1,95,96,97,-1,97,96,98,-1,97,98,99,-1,99,98,100,-1,99,100,101,-1,101,100,102,-1,101,102,103,-1,103,102,104,-1,103,104,105,-1,105,104,106,-1,105,106,107,-1,107,106,108,-1,107,108,109,-1,109,108,110,-1,109,110,111,-1,111,110,112,-1,111,112,113,-1,113,112,114,-1,113,114,115,-1,115,114,116,-1,115,116,117,-1,117,116,118,-1,117,118,119,-1,81,119,83,-1,83,119,118,-1,117,119,81,-1,107,109,81,-1,117,81,115,-1,80,85,81,-1,81,85,87,-1,81,87,89,-1,109,111,81,-1,81,111,113,-1,81,113,115,-1,89,91,81,-1,81,91,93,-1,81,93,95,-1,101,103,81,-1,81,103,105,-1,81,105,107,-1,95,97,81,-1,81,97,99,-1,81,99,101,-1,106,104,83,-1,118,116,83,-1,83,116,114,-1,83,114,112,-1,112,110,83,-1,83,110,108,-1,83,108,106,-1,82,83,84,-1,84,83,86,-1,104,102,83,-1,83,102,100,-1,83,100,98,-1,98,96,83,-1,83,96,94,-1,83,94,92,-1,92,90,83,-1,83,90,88,-1,83,88,86,-1,120,121,122,-1,120,122,123,-1,123,122,124,-1,123,124,125,-1,125,124,126,-1,125,126,127,-1,127,126,128,-1,127,128,129,-1,129,128,130,-1,129,130,131,-1,131,130,132,-1,131,132,133,-1,133,132,134,-1,133,134,135,-1,135,134,136,-1,135,136,137,-1,137,136,138,-1,137,138,139,-1,139,138,140,-1,139,140,141,-1,141,140,142,-1,141,142,143,-1,143,142,144,-1,143,144,145,-1,145,144,146,-1,145,146,147,-1,147,146,148,-1,147,148,149,-1,149,148,150,-1,149,150,151,-1,151,150,152,-1,151,152,153,-1,153,152,154,-1,153,154,155,-1,155,154,156,-1,155,156,157,-1,158,157,159,-1,159,157,156,-1,120,158,121,-1,121,158,159,-1,151,153,158,-1,158,153,155,-1,158,155,157,-1,125,158,123,-1,123,158,120,-1,125,127,158,-1,158,127,129,-1,158,129,131,-1,131,133,158,-1,158,133,135,-1,158,135,137,-1,158,143,145,-1,137,139,158,-1,158,139,141,-1,158,141,143,-1,145,147,158,-1,158,147,149,-1,158,149,151,-1,159,156,154,-1,159,134,132,-1,126,124,159,-1,159,124,122,-1,159,122,121,-1,154,152,159,-1,159,152,150,-1,159,150,148,-1,159,142,140,-1,132,130,159,-1,159,130,128,-1,159,128,126,-1,148,146,159,-1,159,146,144,-1,159,144,142,-1,140,138,159,-1,159,138,136,-1,159,136,134,-1,160,161,162,-1,162,161,163,-1,164,160,165,-1,165,160,162,-1,166,164,167,-1,167,164,165,-1,168,166,169,-1,169,166,167,-1,170,168,171,-1,171,168,169,-1,172,170,173,-1,173,170,171,-1,174,172,175,-1,175,172,173,-1,161,174,163,-1,163,174,175,-1,174,161,164,-1,164,161,160,-1,172,174,170,-1,170,174,164,-1,170,164,168,-1,168,164,166,-1,175,173,163,-1,163,173,171,-1,162,163,165,-1,165,163,171,-1,165,171,167,-1,167,171,169,-1,
        ]
    }
}
Shape{
    appearance Appearance {
        material  Material {
            diffuseColor 1.0 1.0 1.0
            specularColor 0.5019607843137255 0.5019607843137255 0.5019607843137255
            ambientIntensity 1.0
            transparency 0.0
            shininess 0.5
        }
    }
    geometry IndexedFaceSet {
        ccw TRUE
        solid FALSE
        coord DEF co Coordinate {
            point [
                -0.0187 -0.1002 0.0748, -0.098 -0.1002 0.0748, -0.2559 -0.1573 0.0748, 0.3018 -0.0997 0.0748, 0.315 -0.0982 0.0748, 0.315 0.0986 0.0748, -0.0187 0.0257 0.0748, -0.098 0.0257 0.0748, -0.098 -0.0253 0.0748, -0.3018 -0.0997 0.0748, -0.2688 0.1209 0.0748, -0.2781 0.1115 0.0748, -0.2893 -0.1041 0.0748, -0.2781 -0.1111 0.0748, 0.2559 -0.1573 0.0748, 0.2574 -0.1441 0.0748, -0.0187 -0.0253 0.0748, 0.2618 -0.1317 0.0748, 0.2688 -0.1205 0.0748, 0.2559 0.1577 0.0748, 0.2781 -0.1111 0.0748, 0.2574 0.1445 0.0748, 0.2893 -0.1041 0.0748, 0.3018 0.1001 0.0748, 0.2893 0.1045 0.0748, 0.2781 0.1115 0.0748, 0.2688 0.1209 0.0748, 0.2618 0.1321 0.0748, -0.315 0.0986 0.0748, -0.315 -0.0982 0.0748, -0.3018 0.1001 0.0748, -0.2893 0.1045 0.0748, -0.2688 -0.1205 0.0748, -0.2618 -0.1317 0.0748, -0.2574 -0.1441 0.0748, -0.0187 0.1006 0.0748, -0.2559 0.1577 0.0748, -0.098 0.1006 0.0748, -0.2574 0.1445 0.0748, -0.2618 0.1321 0.0748, 0.315 -0.0982 0.0039, 0.315 0.0986 0.0039, 0.2559 0.1577 0.0039, -0.2559 0.1577 0.0039, -0.315 0.0986 0.0039, -0.315 -0.0982 0.0039, 0.2559 -0.1573 0.0039, -0.2559 -0.1573 0.0039, 0.2574 -0.1441 0.0039, -0.2688 0.1209 0.0039, 0.2574 0.1445 0.0039, 0.2618 0.1321 0.0039, 0.3018 -0.0997 0.0039, 0.2688 0.1209 0.0039, 0.2781 0.1115 0.0039, 0.3018 0.1001 0.0039, 0.2893 0.1045 0.0039, -0.2574 -0.1441 0.0039, -0.3018 -0.0997 0.0039, -0.3018 0.1001 0.0039, -0.2893 0.1045 0.0039, -0.2781 0.1115 0.0039, -0.2893 -0.1041 0.0039, -0.2618 -0.1317 0.0039, -0.2688 -0.1205 0.0039, -0.2781 -0.1111 0.0039, -0.2618 0.1321 0.0039, 0.2688 -0.1205 0.0039, 0.2618 -0.1317 0.0039, 0.2893 -0.1041 0.0039, 0.2781 -0.1111 0.0039, -0.2574 0.1445 0.0039
            ]
        }
        coordIndex [
            0,1,2,-1,3,4,5,-1,6,7,8,-1,9,10,11,-1,12,13,8,-1,2,14,0,-1,0,14,15,-1,0,15,16,-1,15,17,16,-1,16,17,18,-1,16,18,19,-1,19,18,20,-1,19,20,21,-1,21,20,22,-1,21,22,3,-1,5,23,3,-1,3,23,24,-1,3,24,25,-1,25,26,3,-1,3,26,27,-1,3,27,21,-1,28,29,30,-1,30,29,9,-1,30,9,31,-1,31,9,11,-1,13,32,8,-1,8,32,33,-1,8,33,1,-1,1,33,34,-1,1,34,2,-1,8,16,6,-1,6,16,19,-1,6,19,35,-1,35,19,36,-1,35,36,37,-1,37,36,38,-1,37,38,7,-1,7,38,39,-1,7,39,8,-1,8,39,10,-1,8,10,12,-1,12,10,9,-1,40,41,4,-1,4,41,5,-1,42,43,19,-1,19,43,36,-1,44,45,28,-1,28,45,29,-1,14,2,46,-1,46,2,47,-1,48,46,49,-1,50,51,52,-1,52,51,53,-1,52,53,54,-1,41,40,55,-1,55,40,52,-1,55,52,56,-1,56,52,54,-1,46,47,57,-1,45,44,58,-1,58,44,59,-1,58,59,60,-1,43,42,50,-1,60,61,58,-1,58,61,49,-1,58,49,62,-1,57,63,46,-1,46,63,64,-1,46,64,49,-1,49,64,65,-1,49,65,62,-1,66,67,49,-1,49,67,68,-1,49,68,48,-1,52,69,50,-1,50,69,70,-1,50,70,43,-1,43,70,67,-1,43,67,71,-1,71,67,66,-1,47,2,57,-1,57,2,34,-1,57,34,63,-1,63,34,33,-1,63,33,64,-1,64,33,32,-1,64,32,65,-1,65,32,13,-1,65,13,62,-1,62,13,12,-1,62,12,58,-1,58,12,9,-1,58,9,45,-1,45,9,29,-1,44,28,59,-1,59,28,30,-1,59,30,60,-1,60,30,31,-1,60,31,61,-1,61,31,11,-1,61,11,49,-1,49,11,10,-1,49,10,66,-1,66,10,39,-1,66,39,71,-1,71,39,38,-1,71,38,43,-1,43,38,36,-1,42,19,50,-1,50,19,21,-1,50,21,51,-1,51,21,27,-1,51,27,53,-1,53,27,26,-1,53,26,54,-1,54,26,25,-1,54,25,56,-1,56,25,24,-1,56,24,55,-1,55,24,23,-1,55,23,41,-1,41,23,5,-1,40,4,52,-1,52,4,3,-1,52,3,69,-1,69,3,22,-1,69,22,70,-1,70,22,20,-1,70,20,67,-1,67,20,18,-1,67,18,68,-1,68,18,17,-1,68,17,48,-1,48,17,15,-1,48,15,46,-1,46,15,14,-1,
        ]
    }
}
Shape{
    appearance Appearance {
        material  Material {
            diffuseColor 0.5019607843137255 0.5019607843137255 0.5019607843137255
            specularColor 0.25098039215686274 0.25098039215686274 0.25098039215686274
            ambientIntensity 0.502
            transparency 0.0
            shininess 0.5
        }
    }
    geometry IndexedFaceSet {
        ccw TRUE
        solid FALSE
        coord DEF co Coordinate {
            point [
                -0.0187 0.1006 0.1142, -0.0187 0.0257 0.1142, -0.0187 0.1006 0.0748, -0.0187 0.0257 0.0748, -0.098 0.1006 0.1142, -0.098 0.1006 0.0748, -0.098 0.0257 0.1142, -0.098 0.0257 0.0748, -0.098 -0.1002 0.1142, -0.098 -0.0253 0.1142, -0.098 -0.1002 0.0748, -0.098 -0.0253 0.0748, -0.0187 -0.1002 0.1142, -0.0187 -0.1002 0.0748, -0.0187 -0.0253 0.1142, -0.0187 -0.0253 0.0748
            ]
        }
        coordIndex [
            0,1,2,-1,2,1,3,-1,4,0,5,-1,5,0,2,-1,6,4,7,-1,7,4,5,-1,1,6,3,-1,3,6,7,-1,4,6,0,-1,0,6,1,-1,8,9,10,-1,10,9,11,-1,12,8,13,-1,13,8,10,-1,14,12,15,-1,15,12,13,-1,9,14,11,-1,11,14,15,-1,12,14,8,-1,8,14,9,-1,
        ]
    }
}
Shape{
    appearance Appearance {
        material  Material {
            diffuseColor 0.0 0.0 0.0
            specularColor 0.0 0.0 0.0
            ambientIntensity 0.0
            transparency 0.0
            shininess 0.5
        }
    }
    geometry IndexedFaceSet {
        ccw TRUE
        solid FALSE
        coord DEF co Coordinate {
            point [
                -0.0306 -0.1577 0.0492, -0.0306 -0.1577 0.0471, -0.0306 -0.1573 0.0492, -0.0306 -0.1573 0.0471, -0.038 -0.1577 0.0492, -0.038 -0.1573 0.0492, -0.038 -0.1577 0.0657, -0.038 -0.1573 0.0657, -0.0404 -0.1577 0.0657, -0.0404 -0.1573 0.0657, -0.0404 -0.1577 0.0471, -0.0404 -0.1573 0.0471, -0.021 -0.1577 0.0467, -0.021 -0.1573 0.0467, -0.0198 -0.1573 0.0468, -0.0198 -0.1577 0.0468, -0.0188 -0.1573 0.0469, -0.0188 -0.1577 0.0469, -0.0178 -0.1573 0.0471, -0.0178 -0.1577 0.0471, -0.017 -0.1573 0.0473, -0.017 -0.1577 0.0473, -0.0162 -0.1573 0.0476, -0.0162 -0.1577 0.0476, -0.0158 -0.1573 0.0478, -0.0158 -0.1577 0.0478, -0.0158 -0.1577 0.0501, -0.0158 -0.1573 0.0501, -0.0165 -0.1573 0.0498, -0.0165 -0.1577 0.0498, -0.0172 -0.1573 0.0494, -0.0172 -0.1577 0.0494, -0.018 -0.1573 0.0492, -0.018 -0.1577 0.0492, -0.0189 -0.1573 0.049, -0.0189 -0.1577 0.049, -0.0198 -0.1573 0.0489, -0.0198 -0.1577 0.0489, -0.0206 -0.1573 0.0489, -0.0206 -0.1577 0.0489, -0.0214 -0.1573 0.0489, -0.0214 -0.1577 0.0489, -0.0222 -0.1573 0.049, -0.0222 -0.1577 0.049, -0.0229 -0.1573 0.0492, -0.0229 -0.1577 0.0492, -0.0236 -0.1573 0.0495, -0.0236 -0.1577 0.0495, -0.0242 -0.1573 0.0498, -0.0242 -0.1577 0.0498, -0.0247 -0.1573 0.0502, -0.0247 -0.1577 0.0502, -0.0252 -0.1573 0.0507, -0.0252 -0.1577 0.0507, -0.0254 -0.1573 0.0509, -0.0254 -0.1577 0.0509, -0.0259 -0.1573 0.0514, -0.0259 -0.1577 0.0514, -0.0263 -0.1573 0.052, -0.0263 -0.1577 0.052, -0.0266 -0.1573 0.0526, -0.0266 -0.1577 0.0526, -0.0268 -0.1573 0.0533, -0.0268 -0.1577 0.0533, -0.027 -0.1573 0.0541, -0.027 -0.1577 0.0541, -0.0272 -0.1573 0.0549, -0.0272 -0.1577 0.0549, -0.0272 -0.1573 0.0558, -0.0272 -0.1577 0.0558, -0.0273 -0.1573 0.0562, -0.0273 -0.1577 0.0562, -0.0272 -0.1573 0.0572, -0.0272 -0.1577 0.0572, -0.0271 -0.1573 0.0581, -0.0271 -0.1577 0.0581, -0.0269 -0.1573 0.0589, -0.0269 -0.1577 0.0589, -0.0267 -0.1573 0.0596, -0.0267 -0.1577 0.0596, -0.0263 -0.1573 0.0603, -0.0263 -0.1577 0.0603, -0.026 -0.1573 0.061, -0.026 -0.1577 0.061, -0.0255 -0.1573 0.0616, -0.0255 -0.1577 0.0616, -0.0253 -0.1573 0.0618, -0.0253 -0.1577 0.0618, -0.0248 -0.1573 0.0623, -0.0248 -0.1577 0.0623, -0.0242 -0.1573 0.0628, -0.0242 -0.1577 0.0628, -0.0236 -0.1573 0.0631, -0.0236 -0.1577 0.0631, -0.0229 -0.1573 0.0634, -0.0229 -0.1577 0.0634, -0.0222 -0.1573 0.0636, -0.0222 -0.1577 0.0636, -0.0215 -0.1573 0.0638, -0.0215 -0.1577 0.0638, -0.0207 -0.1573 0.0639, -0.0207 -0.1577 0.0639, -0.0202 -0.1573 0.0639, -0.0202 -0.1577 0.0639, -0.0193 -0.1573 0.0638, -0.0193 -0.1577 0.0638, -0.0184 -0.1573 0.0637, -0.0184 -0.1577 0.0637, -0.0176 -0.1573 0.0635, -0.0176 -0.1577 0.0635, -0.0168 -0.1573 0.0633, -0.0168 -0.1577 0.0633, -0.0161 -0.1573 0.0629, -0.0161 -0.1577 0.0629, -0.0158 -0.1573 0.0628, -0.0158 -0.1577 0.0628, -0.0158 -0.1577 0.0653, -0.0158 -0.1573 0.0653, -0.0165 -0.1573 0.0656, -0.0165 -0.1577 0.0656, -0.0173 -0.1573 0.0658, -0.0173 -0.1577 0.0658, -0.0182 -0.1573 0.0659, -0.0182 -0.1577 0.0659, -0.0192 -0.1573 0.066, -0.0192 -0.1577 0.066, -0.0202 -0.1573 0.0661, -0.0202 -0.1577 0.0661, -0.0212 -0.1573 0.066, -0.0212 -0.1577 0.066, -0.0221 -0.1573 0.0659, -0.0221 -0.1577 0.0659, -0.023 -0.1573 0.0657, -0.023 -0.1577 0.0657, -0.0238 -0.1573 0.0654, -0.0238 -0.1577 0.0654, -0.0246 -0.1573 0.0651, -0.0246 -0.1577 0.0651, -0.0253 -0.1573 0.0647, -0.0253 -0.1577 0.0647, -0.026 -0.1573 0.0642, -0.026 -0.1577 0.0642, -0.0267 -0.1573 0.0637, -0.0267 -0.1577 0.0637, -0.0271 -0.1573 0.0633, -0.0271 -0.1577 0.0633, -0.0277 -0.1573 0.0627, -0.0277 -0.1577 0.0627, -0.0282 -0.1573 0.062, -0.0282 -0.1577 0.062, -0.0286 -0.1573 0.0613, -0.0286 -0.1577 0.0613, -0.029 -0.1573 0.0605, -0.029 -0.1577 0.0605, -0.0293 -0.1573 0.0597, -0.0293 -0.1577 0.0597, -0.0295 -0.1573 0.0588, -0.0295 -0.1577 0.0588, -0.0297 -0.1573 0.0579, -0.0297 -0.1577 0.0579, -0.0298 -0.1573 0.0569, -0.0298 -0.1577 0.0569, -0.0298 -0.1573 0.056, -0.0298 -0.1577 0.056, -0.0297 -0.1573 0.055, -0.0297 -0.1577 0.055, -0.0296 -0.1573 0.054, -0.0296 -0.1577 0.054, -0.0294 -0.1573 0.0531, -0.0294 -0.1577 0.0531, -0.0292 -0.1573 0.0522, -0.0292 -0.1577 0.0522, -0.0289 -0.1573 0.0515, -0.0289 -0.1577 0.0515, -0.0285 -0.1573 0.0507, -0.0285 -0.1577 0.0507, -0.028 -0.1573 0.0501, -0.028 -0.1577 0.0501, -0.0275 -0.1573 0.0495, -0.0275 -0.1577 0.0495, -0.0274 -0.1573 0.0493, -0.0274 -0.1577 0.0493, -0.0268 -0.1573 0.0487, -0.0268 -0.1577 0.0487, -0.0262 -0.1573 0.0482, -0.0262 -0.1577 0.0482, -0.0255 -0.1573 0.0478, -0.0255 -0.1577 0.0478, -0.0248 -0.1573 0.0475, -0.0248 -0.1577 0.0475, -0.0241 -0.1573 0.0472, -0.0241 -0.1577 0.0472, -0.0233 -0.1573 0.047, -0.0233 -0.1577 0.047, -0.0224 -0.1573 0.0468, -0.0224 -0.1577 0.0468, -0.0215 -0.1573 0.0468, -0.0215 -0.1577 0.0468, -0.002 -0.1577 0.0492, -0.002 -0.1577 0.0471, -0.002 -0.1573 0.0492, -0.002 -0.1573 0.0471, -0.0096 -0.1577 0.0492, -0.0096 -0.1573 0.0492, -0.0096 -0.1577 0.0555, -0.0096 -0.1573 0.0555, -0.003 -0.1577 0.0555, -0.003 -0.1573 0.0555, -0.003 -0.1577 0.0576, -0.003 -0.1573 0.0576, -0.0096 -0.1577 0.0576, -0.0096 -0.1573 0.0576, -0.0096 -0.1577 0.0636, -0.0096 -0.1573 0.0636, -0.0024 -0.1577 0.0636, -0.0024 -0.1573 0.0636, -0.0024 -0.1577 0.0657, -0.0024 -0.1573 0.0657, -0.0121 -0.1577 0.0657, -0.0121 -0.1573 0.0657, -0.0121 -0.1577 0.0471, -0.0121 -0.1573 0.0471, 0.0101 -0.1577 0.0498, 0.0114 -0.1577 0.048, 0.0108 -0.1577 0.0501, 0.0122 -0.1577 0.0484, 0.0114 -0.1577 0.0505, 0.0129 -0.1577 0.0489, 0.012 -0.1577 0.0509, 0.0136 -0.1577 0.0494, 0.0122 -0.1577 0.0511, 0.0139 -0.1577 0.0497, 0.0127 -0.1577 0.0516, 0.0145 -0.1577 0.0503, 0.0131 -0.1577 0.0522, 0.015 -0.1577 0.0509, 0.0134 -0.1577 0.0528, 0.0155 -0.1577 0.0516, 0.0137 -0.1577 0.0535, 0.014 -0.1577 0.0584, 0.0164 -0.1577 0.0594, 0.0138 -0.1577 0.0591, 0.0161 -0.1577 0.0601, 0.0136 -0.1577 0.0598, 0.0158 -0.1577 0.0609, 0.0133 -0.1577 0.0605, 0.0154 -0.1577 0.0616, 0.0129 -0.1577 0.061, 0.0149 -0.1577 0.0622, 0.0144 -0.1577 0.0628, 0.0125 -0.1577 0.0615, 0.0139 -0.1577 0.0633, 0.0121 -0.1577 0.0618, 0.0132 -0.1577 0.0638, 0.0116 -0.1577 0.0623, 0.0125 -0.1577 0.0643, 0.0109 -0.1577 0.0627, 0.0117 -0.1577 0.0647, 0.0103 -0.1577 0.063, 0.0109 -0.1577 0.0651, 0.0095 -0.1577 0.0632, 0.0101 -0.1577 0.0653, 0.0087 -0.1577 0.0634, 0.0092 -0.1577 0.0655, 0.0079 -0.1577 0.0635, 0.0082 -0.1577 0.0657, 0.007 -0.1577 0.0636, 0.0072 -0.1577 0.0657, 0.0068 -0.1577 0.0636, 0.0068 -0.1577 0.0657, 0.0039 -0.1577 0.0636, 0.0015 -0.1577 0.0657, 0.0039 -0.1577 0.0492, 0.0015 -0.1577 0.0471, 0.0066 -0.1577 0.0492, 0.0067 -0.1577 0.0471, 0.0076 -0.1577 0.0492, 0.0077 -0.1577 0.0471, 0.0085 -0.1577 0.0493, 0.0087 -0.1577 0.0472, 0.0094 -0.1577 0.0495, 0.0097 -0.1577 0.0474, 0.0106 -0.1577 0.0477, 0.0159 -0.1577 0.0524, 0.0162 -0.1577 0.0531, 0.0139 -0.1577 0.0542, 0.0164 -0.1577 0.0539, 0.0141 -0.1577 0.055, 0.0166 -0.1577 0.0548, 0.0142 -0.1577 0.0559, 0.0167 -0.1577 0.0557, 0.0142 -0.1577 0.0566, 0.0167 -0.1577 0.0566, 0.0142 -0.1577 0.0575, 0.0167 -0.1577 0.0576, 0.0166 -0.1577 0.0585, 0.0116 -0.1573 0.0623, 0.0132 -0.1573 0.0638, 0.0121 -0.1573 0.0618, 0.0139 -0.1573 0.0633, 0.0125 -0.1573 0.0615, 0.0144 -0.1573 0.0628, 0.0129 -0.1573 0.061, 0.0149 -0.1573 0.0622, 0.0133 -0.1573 0.0605, 0.0154 -0.1573 0.0616, 0.0136 -0.1573 0.0598, 0.0158 -0.1573 0.0609, 0.0138 -0.1573 0.0591, 0.0108 -0.1573 0.0501, 0.0114 -0.1573 0.048, 0.0101 -0.1573 0.0498, 0.0106 -0.1573 0.0477, 0.0094 -0.1573 0.0495, 0.0097 -0.1573 0.0474, 0.0085 -0.1573 0.0493, 0.0087 -0.1573 0.0472, 0.0076 -0.1573 0.0492, 0.0077 -0.1573 0.0471, 0.0066 -0.1573 0.0492, 0.0067 -0.1573 0.0471, 0.0039 -0.1573 0.0492, 0.0015 -0.1573 0.0471, 0.0039 -0.1573 0.0636, 0.0015 -0.1573 0.0657, 0.0068 -0.1573 0.0636, 0.0068 -0.1573 0.0657, 0.007 -0.1573 0.0636, 0.0072 -0.1573 0.0657, 0.0079 -0.1573 0.0635, 0.0082 -0.1573 0.0657, 0.0087 -0.1573 0.0634, 0.0092 -0.1573 0.0655, 0.0095 -0.1573 0.0632, 0.0101 -0.1573 0.0653, 0.0103 -0.1573 0.063, 0.0109 -0.1573 0.0651, 0.0109 -0.1573 0.0627, 0.0117 -0.1573 0.0647, 0.0125 -0.1573 0.0643, 0.0139 -0.1573 0.0542, 0.0162 -0.1573 0.0531, 0.0137 -0.1573 0.0535, 0.0159 -0.1573 0.0524, 0.0134 -0.1573 0.0528, 0.0155 -0.1573 0.0516, 0.0131 -0.1573 0.0522, 0.015 -0.1573 0.0509, 0.0127 -0.1573 0.0516, 0.0145 -0.1573 0.0503, 0.0122 -0.1573 0.0511, 0.0139 -0.1573 0.0497, 0.012 -0.1573 0.0509, 0.0136 -0.1573 0.0494, 0.0114 -0.1573 0.0505, 0.0129 -0.1573 0.0489, 0.0122 -0.1573 0.0484, 0.0161 -0.1573 0.0601, 0.0164 -0.1573 0.0594, 0.014 -0.1573 0.0584, 0.0166 -0.1573 0.0585, 0.0142 -0.1573 0.0575, 0.0167 -0.1573 0.0576, 0.0142 -0.1573 0.0566, 0.0167 -0.1573 0.0566, 0.0142 -0.1573 0.0559, 0.0167 -0.1573 0.0557, 0.0141 -0.1573 0.055, 0.0166 -0.1573 0.0548, 0.0164 -0.1573 0.0539, 0.023 -0.1577 0.0543, 0.0222 -0.1577 0.0522, 0.0293 -0.1577 0.0543, 0.03 -0.1577 0.0522, 0.0258 -0.1577 0.062, 0.0249 -0.1577 0.0657, 0.0178 -0.1577 0.0471, 0.0204 -0.1577 0.0471, 0.0259 -0.1577 0.0626, 0.0261 -0.1577 0.0634, 0.0275 -0.1577 0.0657, 0.0261 -0.1577 0.0634, 0.0263 -0.1577 0.0626, 0.0264 -0.1577 0.062, 0.0346 -0.1577 0.0471, 0.0319 -0.1577 0.0471, 0.0293 -0.1573 0.0543, 0.0264 -0.1573 0.062, 0.0275 -0.1573 0.0657, 0.0263 -0.1573 0.0626, 0.0261 -0.1573 0.0634, 0.0249 -0.1573 0.0657, 0.0261 -0.1573 0.0634, 0.0259 -0.1573 0.0626, 0.0258 -0.1573 0.062, 0.023 -0.1573 0.0543, 0.0178 -0.1573 0.0471, 0.0346 -0.1573 0.0471, 0.0319 -0.1573 0.0471, 0.03 -0.1573 0.0522, 0.0204 -0.1573 0.0471, 0.0222 -0.1573 0.0522, -0.0304 -0.1577 0.0195, -0.0304 -0.1577 0.0174, -0.0304 -0.1573 0.0195, -0.0304 -0.1573 0.0174, -0.038 -0.1577 0.0195, -0.038 -0.1573 0.0195, -0.038 -0.1577 0.0258, -0.038 -0.1573 0.0258, -0.0313 -0.1577 0.0258, -0.0313 -0.1573 0.0258, -0.0313 -0.1577 0.028, -0.0313 -0.1573 0.028, -0.038 -0.1577 0.028, -0.038 -0.1573 0.028, -0.038 -0.1577 0.034, -0.038 -0.1573 0.034, -0.0308 -0.1577 0.034, -0.0308 -0.1573 0.034, -0.0308 -0.1577 0.0361, -0.0308 -0.1573 0.0361, -0.0404 -0.1577 0.0361, -0.0404 -0.1573 0.0361, -0.0404 -0.1577 0.0174, -0.0404 -0.1573 0.0174, -0.0197 -0.1577 0.0174, -0.0174 -0.1577 0.0174, -0.0197 -0.1577 0.0195, -0.0174 -0.1577 0.026, -0.0215 -0.1577 0.0291, -0.0212 -0.1577 0.0289, -0.0202 -0.1577 0.0308, -0.0257 -0.1577 0.0248, -0.0262 -0.1577 0.0246, -0.0249 -0.1577 0.0231, -0.0251 -0.1577 0.0229, -0.0197 -0.1577 0.0306, -0.0208 -0.1577 0.0287, -0.0193 -0.1577 0.0304, -0.0206 -0.1577 0.0285, -0.0189 -0.1577 0.0301, -0.0253 -0.1577 0.0199, -0.0255 -0.1577 0.0201, -0.0274 -0.1577 0.0187, -0.0266 -0.1577 0.0243, -0.027 -0.1577 0.024, -0.0253 -0.1577 0.0226, -0.0251 -0.1577 0.025, -0.0245 -0.1577 0.0233, -0.0244 -0.1577 0.0252, -0.0241 -0.1577 0.0234, -0.0237 -0.1577 0.0253, -0.0186 -0.1577 0.0298, -0.0203 -0.1577 0.0283, -0.0183 -0.1577 0.0294, -0.0201 -0.1577 0.0279, -0.018 -0.1577 0.029, -0.0271 -0.1577 0.0239, -0.0274 -0.1577 0.0235, -0.0255 -0.1577 0.0223, -0.0276 -0.1577 0.0232, -0.0256 -0.1577 0.022, -0.0202 -0.1577 0.0209, -0.0198 -0.1577 0.0195, -0.0204 -0.1577 0.0205, -0.0199 -0.1577 0.0193, -0.0228 -0.1577 0.0191, -0.0223 -0.1577 0.0174, -0.0223 -0.1577 0.0191, -0.0218 -0.1577 0.0175, -0.0219 -0.1577 0.0193, -0.0214 -0.1577 0.0178, -0.0215 -0.1577 0.0195, -0.0197 -0.1577 0.0227, -0.0198 -0.1577 0.0222, -0.0199 -0.1577 0.0217, -0.02 -0.1577 0.0213, -0.0178 -0.1577 0.0286, -0.02 -0.1577 0.0276, -0.0176 -0.1577 0.028, -0.0199 -0.1577 0.0271, -0.0175 -0.1577 0.0274, -0.0251 -0.1577 0.0196, -0.0262 -0.1577 0.0176, -0.0248 -0.1577 0.0194, -0.0258 -0.1577 0.0174, -0.0245 -0.1577 0.0192, -0.0253 -0.1577 0.0173, -0.0241 -0.1577 0.0191, -0.0272 -0.1577 0.0183, -0.027 -0.1577 0.0182, -0.0266 -0.1577 0.0179, -0.0257 -0.1577 0.0208, -0.028 -0.1577 0.0199, -0.0256 -0.1577 0.0205, -0.0279 -0.1577 0.0195, -0.0277 -0.1577 0.0191, -0.0197 -0.1577 0.0241, -0.0197 -0.1577 0.0259, -0.0229 -0.1577 0.0237, -0.0236 -0.1577 0.0236, -0.021 -0.1577 0.0181, -0.0206 -0.1577 0.0184, -0.0212 -0.1577 0.0197, -0.0202 -0.1577 0.0188, -0.0208 -0.1577 0.02, -0.0207 -0.1577 0.0201, -0.0174 -0.1577 0.0268, -0.0198 -0.1577 0.0266, -0.0197 -0.1577 0.0261, -0.0197 -0.1577 0.0228, -0.0248 -0.1577 0.0172, -0.0242 -0.1577 0.0171, -0.0237 -0.1577 0.019, -0.0239 -0.1577 0.0171, -0.0233 -0.1577 0.019, -0.0233 -0.1577 0.0171, -0.0228 -0.1577 0.0172, -0.0278 -0.1577 0.0228, -0.028 -0.1577 0.0223, -0.0257 -0.1577 0.0216, -0.0281 -0.1577 0.0218, -0.0257 -0.1577 0.0212, -0.0207 -0.1577 0.0309, -0.0213 -0.1577 0.031, -0.022 -0.1577 0.0291, -0.0219 -0.1577 0.0311, -0.0224 -0.1577 0.0292, -0.0222 -0.1577 0.0311, -0.0227 -0.1577 0.0292, -0.023 -0.1577 0.031, -0.0233 -0.1577 0.0291, -0.0238 -0.1577 0.031, -0.0239 -0.1577 0.029, -0.0245 -0.1577 0.0308, -0.0245 -0.1577 0.0288, -0.0251 -0.1577 0.0306, -0.0251 -0.1577 0.0286, -0.0258 -0.1577 0.0304, -0.0257 -0.1577 0.0283, -0.0264 -0.1577 0.0301, -0.0263 -0.1577 0.028, -0.0268 -0.1577 0.0298, -0.0268 -0.1577 0.0276, -0.0281 -0.1577 0.0213, -0.0281 -0.1577 0.021, -0.0281 -0.1577 0.0204, -0.0263 -0.1573 0.028, -0.0268 -0.1573 0.0276, -0.0268 -0.1573 0.0298, -0.0208 -0.1573 0.0287, -0.0193 -0.1573 0.0304, -0.0206 -0.1573 0.0285, -0.0189 -0.1573 0.0301, -0.0203 -0.1573 0.0283, -0.0199 -0.1573 0.0217, -0.0198 -0.1573 0.0222, -0.0174 -0.1573 0.026, -0.0253 -0.1573 0.0199, -0.0274 -0.1573 0.0187, -0.0255 -0.1573 0.0201, -0.0277 -0.1573 0.0191, -0.0256 -0.1573 0.0205, -0.0186 -0.1573 0.0298, -0.0183 -0.1573 0.0294, -0.0201 -0.1573 0.0279, -0.018 -0.1573 0.029, -0.02 -0.1573 0.0276, -0.022 -0.1573 0.0291, -0.0213 -0.1573 0.031, -0.0215 -0.1573 0.0291, -0.0207 -0.1573 0.0309, -0.0212 -0.1573 0.0289, -0.0202 -0.1573 0.0308, -0.0197 -0.1573 0.0306, -0.02 -0.1573 0.0213, -0.0197 -0.1573 0.0195, -0.0197 -0.1573 0.0174, -0.0174 -0.1573 0.0174, -0.0251 -0.1573 0.0229, -0.0262 -0.1573 0.0246, -0.0249 -0.1573 0.0231, -0.0257 -0.1573 0.0248, -0.0245 -0.1573 0.0233, -0.0251 -0.1573 0.025, -0.0241 -0.1573 0.0234, -0.0244 -0.1573 0.0252, -0.0236 -0.1573 0.0236, -0.0237 -0.1573 0.0253, -0.0253 -0.1573 0.0226, -0.027 -0.1573 0.024, -0.0266 -0.1573 0.0243, -0.0251 -0.1573 0.0196, -0.027 -0.1573 0.0182, -0.0272 -0.1573 0.0183, -0.0248 -0.1573 0.0194, -0.0262 -0.1573 0.0176, -0.0266 -0.1573 0.0179, -0.0197 -0.1573 0.0241, -0.0174 -0.1573 0.0268, -0.0197 -0.1573 0.0228, -0.0197 -0.1573 0.0227, -0.0255 -0.1573 0.0223, -0.0274 -0.1573 0.0235, -0.0271 -0.1573 0.0239, -0.0178 -0.1573 0.0286, -0.0176 -0.1573 0.028, -0.0199 -0.1573 0.0271, -0.0175 -0.1573 0.0274, -0.0198 -0.1573 0.0266, -0.0197 -0.1573 0.0261, -0.0279 -0.1573 0.0195, -0.028 -0.1573 0.0199, -0.0257 -0.1573 0.0208, -0.0197 -0.1573 0.0259, -0.0229 -0.1573 0.0237, -0.0257 -0.1573 0.0283, -0.0264 -0.1573 0.0301, -0.0251 -0.1573 0.0286, -0.0258 -0.1573 0.0304, -0.0245 -0.1573 0.0288, -0.0251 -0.1573 0.0306, -0.0239 -0.1573 0.029, -0.0245 -0.1573 0.0308, -0.0233 -0.1573 0.0291, -0.0238 -0.1573 0.031, -0.0227 -0.1573 0.0292, -0.023 -0.1573 0.031, -0.0224 -0.1573 0.0292, -0.0222 -0.1573 0.0311, -0.0219 -0.1573 0.0311, -0.0257 -0.1573 0.0216, -0.028 -0.1573 0.0223, -0.0256 -0.1573 0.022, -0.0278 -0.1573 0.0228, -0.0276 -0.1573 0.0232, -0.0281 -0.1573 0.0204, -0.0281 -0.1573 0.021, -0.0257 -0.1573 0.0212, -0.0281 -0.1573 0.0213, -0.0281 -0.1573 0.0218, -0.0199 -0.1573 0.0193, -0.0202 -0.1573 0.0188, -0.0212 -0.1573 0.0197, -0.0206 -0.1573 0.0184, -0.0215 -0.1573 0.0195, -0.021 -0.1573 0.0181, -0.0219 -0.1573 0.0193, -0.0214 -0.1573 0.0178, -0.0223 -0.1573 0.0191, -0.0237 -0.1573 0.019, -0.0242 -0.1573 0.0171, -0.0241 -0.1573 0.0191, -0.0248 -0.1573 0.0172, -0.0245 -0.1573 0.0192, -0.0253 -0.1573 0.0173, -0.0258 -0.1573 0.0174, -0.0218 -0.1573 0.0175, -0.0223 -0.1573 0.0174, -0.0228 -0.1573 0.0191, -0.0228 -0.1573 0.0172, -0.0233 -0.1573 0.019, -0.0233 -0.1573 0.0171, -0.0239 -0.1573 0.0171, -0.0208 -0.1573 0.02, -0.0207 -0.1573 0.0201, -0.0198 -0.1573 0.0195, -0.0204 -0.1573 0.0205, -0.0202 -0.1573 0.0209, -0.0104 -0.1577 0.019, -0.0104 -0.1573 0.019, -0.011 -0.1573 0.019, -0.011 -0.1577 0.019, -0.0116 -0.1573 0.0191, -0.0116 -0.1577 0.0191, -0.0121 -0.1573 0.0193, -0.0121 -0.1577 0.0193, -0.0127 -0.1573 0.0195, -0.0127 -0.1577 0.0195, -0.0132 -0.1573 0.0197, -0.0132 -0.1577 0.0197, -0.0138 -0.1573 0.02, -0.0138 -0.1577 0.02, -0.0142 -0.1573 0.0203, -0.0142 -0.1577 0.0203, -0.0142 -0.1577 0.0179, -0.0142 -0.1573 0.0179, -0.0137 -0.1573 0.0176, -0.0137 -0.1577 0.0176, -0.0131 -0.1573 0.0174, -0.0131 -0.1577 0.0174, -0.0124 -0.1573 0.0173, -0.0124 -0.1577 0.0173, -0.0118 -0.1573 0.0172, -0.0118 -0.1577 0.0172, -0.0111 -0.1573 0.0171, -0.0111 -0.1577 0.0171, -0.0106 -0.1573 0.0171, -0.0106 -0.1577 0.0171, -0.0099 -0.1573 0.0171, -0.0099 -0.1577 0.0171, -0.0092 -0.1573 0.0172, -0.0092 -0.1577 0.0172, -0.0085 -0.1573 0.0173, -0.0085 -0.1577 0.0173, -0.008 -0.1573 0.0175, -0.008 -0.1577 0.0175, -0.0074 -0.1573 0.0177, -0.0074 -0.1577 0.0177, -0.007 -0.1573 0.018, -0.007 -0.1577 0.018, -0.0067 -0.1573 0.0182, -0.0067 -0.1577 0.0182, -0.0063 -0.1573 0.0185, -0.0063 -0.1577 0.0185, -0.006 -0.1573 0.0188, -0.006 -0.1577 0.0188, -0.0058 -0.1573 0.0191, -0.0058 -0.1577 0.0191, -0.0055 -0.1573 0.0195, -0.0055 -0.1577 0.0195, -0.0054 -0.1573 0.0199, -0.0054 -0.1577 0.0199, -0.0053 -0.1573 0.0203, -0.0053 -0.1577 0.0203, -0.0052 -0.1573 0.0207, -0.0052 -0.1577 0.0207, -0.0052 -0.1573 0.021, -0.0052 -0.1577 0.021, -0.0052 -0.1573 0.0215, -0.0052 -0.1577 0.0215, -0.0053 -0.1573 0.022, -0.0053 -0.1577 0.022, -0.0054 -0.1573 0.0224, -0.0054 -0.1577 0.0224, -0.0056 -0.1573 0.0227, -0.0056 -0.1577 0.0227, -0.0059 -0.1573 0.0231, -0.0059 -0.1577 0.0231, -0.006 -0.1573 0.0233, -0.006 -0.1577 0.0233, -0.0063 -0.1573 0.0235, -0.0063 -0.1577 0.0235, -0.0067 -0.1573 0.0238, -0.0067 -0.1577 0.0238, -0.0071 -0.1573 0.0241, -0.0071 -0.1577 0.0241, -0.0078 -0.1573 0.0245, -0.0078 -0.1577 0.0245, -0.0085 -0.1573 0.0248, -0.0085 -0.1577 0.0248, -0.009 -0.1573 0.025, -0.009 -0.1577 0.025, -0.01 -0.1573 0.0254, -0.01 -0.1577 0.0254, -0.0107 -0.1573 0.0257, -0.0107 -0.1577 0.0257, -0.0111 -0.1573 0.026, -0.0111 -0.1577 0.026, -0.0113 -0.1573 0.0261, -0.0113 -0.1577 0.0261, -0.0115 -0.1573 0.0263, -0.0115 -0.1577 0.0263, -0.0116 -0.1573 0.0266, -0.0116 -0.1577 0.0266, -0.0117 -0.1573 0.0268, -0.0117 -0.1577 0.0268, -0.0118 -0.1573 0.0271, -0.0118 -0.1577 0.0271, -0.0118 -0.1573 0.0274, -0.0118 -0.1577 0.0274, -0.0118 -0.1573 0.0277, -0.0118 -0.1577 0.0277, -0.0117 -0.1573 0.0279, -0.0117 -0.1577 0.0279, -0.0116 -0.1573 0.0282, -0.0116 -0.1577 0.0282, -0.0114 -0.1573 0.0284, -0.0114 -0.1577 0.0284, -0.0111 -0.1573 0.0286, -0.0111 -0.1577 0.0286, -0.0111 -0.1573 0.0287, -0.0111 -0.1577 0.0287, -0.0108 -0.1573 0.0289, -0.0108 -0.1577 0.0289, -0.0104 -0.1573 0.029, -0.0104 -0.1577 0.029, -0.01 -0.1573 0.0291, -0.01 -0.1577 0.0291, -0.0096 -0.1573 0.0292, -0.0096 -0.1577 0.0292, -0.0092 -0.1573 0.0292, -0.0092 -0.1577 0.0292, -0.0086 -0.1573 0.0291, -0.0086 -0.1577 0.0291, -0.008 -0.1573 0.0291, -0.008 -0.1577 0.0291, -0.0074 -0.1573 0.0289, -0.0074 -0.1577 0.0289, -0.0069 -0.1573 0.0287, -0.0069 -0.1577 0.0287, -0.0064 -0.1573 0.0285, -0.0064 -0.1577 0.0285, -0.0059 -0.1573 0.0282, -0.0059 -0.1577 0.0282, -0.0059 -0.1577 0.0305, -0.0059 -0.1573 0.0305, -0.0065 -0.1573 0.0307, -0.0065 -0.1577 0.0307, -0.0071 -0.1573 0.0309, -0.0071 -0.1577 0.0309, -0.0077 -0.1573 0.031, -0.0077 -0.1577 0.031, -0.0084 -0.1573 0.031, -0.0084 -0.1577 0.031, -0.009 -0.1573 0.0311, -0.009 -0.1577 0.0311, -0.0097 -0.1573 0.031, -0.0097 -0.1577 0.031, -0.0103 -0.1573 0.031, -0.0103 -0.1577 0.031, -0.0109 -0.1573 0.0308, -0.0109 -0.1577 0.0308, -0.0115 -0.1573 0.0306, -0.0115 -0.1577 0.0306, -0.012 -0.1573 0.0304, -0.012 -0.1577 0.0304, -0.0125 -0.1573 0.0301, -0.0125 -0.1577 0.0301, -0.0127 -0.1573 0.03, -0.0127 -0.1577 0.03, -0.0131 -0.1573 0.0297, -0.0131 -0.1577 0.0297, -0.0134 -0.1573 0.0294, -0.0134 -0.1577 0.0294, -0.0137 -0.1573 0.029, -0.0137 -0.1577 0.029, -0.0139 -0.1573 0.0286, -0.0139 -0.1577 0.0286, -0.014 -0.1573 0.0283, -0.014 -0.1577 0.0283, -0.0141 -0.1573 0.0278, -0.0141 -0.1577 0.0278, -0.0142 -0.1573 0.0274, -0.0142 -0.1577 0.0274, -0.0142 -0.1573 0.0272, -0.0142 -0.1577 0.0272, -0.0142 -0.1573 0.0267, -0.0142 -0.1577 0.0267, -0.0141 -0.1573 0.0262, -0.0141 -0.1577 0.0262, -0.014 -0.1573 0.0258, -0.014 -0.1577 0.0258, -0.0138 -0.1573 0.0254, -0.0138 -0.1577 0.0254, -0.0136 -0.1573 0.0251, -0.0136 -0.1577 0.0251, -0.0135 -0.1573 0.025, -0.0135 -0.1577 0.025, -0.0133 -0.1573 0.0248, -0.0133 -0.1577 0.0248, -0.013 -0.1573 0.0245, -0.013 -0.1577 0.0245, -0.0126 -0.1573 0.0242, -0.0126 -0.1577 0.0242, -0.012 -0.1573 0.0239, -0.012 -0.1577 0.0239, -0.0113 -0.1573 0.0236, -0.0113 -0.1577 0.0236, -0.0107 -0.1573 0.0233, -0.0107 -0.1577 0.0233, -0.0096 -0.1573 0.0229, -0.0096 -0.1577 0.0229, -0.009 -0.1573 0.0226, -0.009 -0.1577 0.0226, -0.0085 -0.1573 0.0223, -0.0085 -0.1577 0.0223, -0.0082 -0.1573 0.0221, -0.0082 -0.1577 0.0221, -0.008 -0.1573 0.0219, -0.008 -0.1577 0.0219, -0.0078 -0.1573 0.0216, -0.0078 -0.1577 0.0216, -0.0077 -0.1573 0.0213, -0.0077 -0.1577 0.0213, -0.0076 -0.1573 0.0211, -0.0076 -0.1577 0.0211, -0.0076 -0.1573 0.0208, -0.0076 -0.1577 0.0208, -0.0076 -0.1573 0.0205, -0.0076 -0.1577 0.0205, -0.0077 -0.1573 0.0202, -0.0077 -0.1577 0.0202, -0.0078 -0.1573 0.0199, -0.0078 -0.1577 0.0199, -0.008 -0.1573 0.0197, -0.008 -0.1577 0.0197, -0.0082 -0.1573 0.0195, -0.0082 -0.1577 0.0195, -0.0085 -0.1573 0.0193, -0.0085 -0.1577 0.0193, -0.0088 -0.1573 0.0192, -0.0088 -0.1577 0.0192, -0.0092 -0.1573 0.0191, -0.0092 -0.1577 0.0191, -0.0097 -0.1573 0.019, -0.0097 -0.1577 0.019, 0.0064 -0.1577 0.0308, 0.0088 -0.1577 0.0308, 0.0064 -0.1573 0.0308, 0.0088 -0.1573 0.0308, 0.0027 -0.1577 0.0207, 0.0027 -0.1573 0.0207, 0.0026 -0.1573 0.0201, 0.0026 -0.1577 0.0201, 0.0025 -0.1573 0.0196, 0.0025 -0.1577 0.0196, 0.0024 -0.1577 0.0196, 0.0024 -0.1573 0.0196, 0.0021 -0.1577 0.0207, 0.0021 -0.1573 0.0207, -0.0014 -0.1577 0.0308, -0.0014 -0.1573 0.0308, -0.004 -0.1577 0.0308, -0.004 -0.1573 0.0308, 0.0012 -0.1577 0.0174, 0.0012 -0.1573 0.0174, 0.0002 -0.1577 0.015, 0.0002 -0.1573 0.015, -0.0001 -0.1573 0.0145, -0.0001 -0.1577 0.0145, -0.0003 -0.1573 0.0141, -0.0003 -0.1577 0.0141, -0.0007 -0.1573 0.0137, -0.0007 -0.1577 0.0137, -0.001 -0.1573 0.0134, -0.001 -0.1577 0.0134, -0.0014 -0.1573 0.0133, -0.0014 -0.1577 0.0133, -0.0018 -0.1573 0.0132, -0.0018 -0.1577 0.0132, -0.0022 -0.1573 0.0131, -0.0022 -0.1577 0.0131, -0.0027 -0.1573 0.0132, -0.0027 -0.1577 0.0132, -0.0032 -0.1573 0.0133, -0.0032 -0.1577 0.0133, -0.0035 -0.1573 0.0134, -0.0035 -0.1577 0.0134, -0.0035 -0.1577 0.0113, -0.0035 -0.1573 0.0113, -0.003 -0.1573 0.0112, -0.003 -0.1577 0.0112, -0.0023 -0.1573 0.0111, -0.0023 -0.1577 0.0111, -0.002 -0.1573 0.0111, -0.002 -0.1577 0.0111, -0.0014 -0.1573 0.0112, -0.0014 -0.1577 0.0112, -0.0009 -0.1573 0.0113, -0.0009 -0.1577 0.0113, -0.0004 -0.1573 0.0115, -0.0004 -0.1577 0.0115, 0.0001 -0.1573 0.0117, 0.0001 -0.1577 0.0117, 0.0006 -0.1573 0.0121, 0.0006 -0.1577 0.0121, 0.001 -0.1573 0.0125, 0.001 -0.1577 0.0125, 0.0015 -0.1573 0.013, 0.0015 -0.1577 0.013, 0.0019 -0.1573 0.0137, 0.0019 -0.1577 0.0137, 0.0023 -0.1573 0.0144, 0.0023 -0.1577 0.0144, 0.0027 -0.1573 0.0153, 0.0027 -0.1577 0.0153, 0.0028 -0.1573 0.0154, 0.0028 -0.1577 0.0154, 0.0214 -0.1577 0.0195, 0.0214 -0.1577 0.0174, 0.0214 -0.1573 0.0195, 0.0214 -0.1573 0.0174, 0.0137 -0.1577 0.0195, 0.0137 -0.1573 0.0195, 0.0137 -0.1577 0.0258, 0.0137 -0.1573 0.0258, 0.0204 -0.1577 0.0258, 0.0204 -0.1573 0.0258, 0.0204 -0.1577 0.028, 0.0204 -0.1573 0.028, 0.0137 -0.1577 0.028, 0.0137 -0.1573 0.028, 0.0137 -0.1577 0.034, 0.0137 -0.1573 0.034, 0.021 -0.1577 0.034, 0.021 -0.1573 0.034, 0.021 -0.1577 0.0361, 0.021 -0.1573 0.0361, 0.0113 -0.1577 0.0361, 0.0113 -0.1573 0.0361, 0.0113 -0.1577 0.0174, 0.0113 -0.1573 0.0174, 0.0335 -0.1577 0.0201, 0.0348 -0.1577 0.0184, 0.0342 -0.1577 0.0205, 0.0356 -0.1577 0.0188, 0.0348 -0.1577 0.0208, 0.0363 -0.1577 0.0192, 0.0354 -0.1577 0.0213, 0.037 -0.1577 0.0198, 0.0356 -0.1577 0.0215, 0.0373 -0.1577 0.02, 0.0361 -0.1577 0.022, 0.0379 -0.1577 0.0206, 0.0365 -0.1577 0.0226, 0.0384 -0.1577 0.0213, 0.0368 -0.1577 0.0232, 0.0389 -0.1577 0.022, 0.0371 -0.1577 0.0238, 0.0374 -0.1577 0.0287, 0.0398 -0.1577 0.0297, 0.0372 -0.1577 0.0295, 0.0395 -0.1577 0.0305, 0.037 -0.1577 0.0302, 0.0392 -0.1577 0.0312, 0.0367 -0.1577 0.0308, 0.0388 -0.1577 0.0319, 0.0363 -0.1577 0.0314, 0.0383 -0.1577 0.0326, 0.0378 -0.1577 0.0332, 0.0359 -0.1577 0.0319, 0.0373 -0.1577 0.0336, 0.0355 -0.1577 0.0322, 0.0366 -0.1577 0.0342, 0.035 -0.1577 0.0326, 0.0359 -0.1577 0.0347, 0.0343 -0.1577 0.033, 0.0351 -0.1577 0.0351, 0.0337 -0.1577 0.0333, 0.0343 -0.1577 0.0354, 0.0329 -0.1577 0.0336, 0.0335 -0.1577 0.0357, 0.0321 -0.1577 0.0338, 0.0326 -0.1577 0.0359, 0.0313 -0.1577 0.0339, 0.0316 -0.1577 0.036, 0.0304 -0.1577 0.0339, 0.0306 -0.1577 0.0361, 0.0301 -0.1577 0.034, 0.0302 -0.1577 0.0361, 0.0273 -0.1577 0.034, 0.0249 -0.1577 0.0361, 0.0273 -0.1577 0.0195, 0.0249 -0.1577 0.0174, 0.03 -0.1577 0.0195, 0.0301 -0.1577 0.0174, 0.031 -0.1577 0.0196, 0.0311 -0.1577 0.0175, 0.0319 -0.1577 0.0197, 0.0321 -0.1577 0.0176, 0.0328 -0.1577 0.0199, 0.0331 -0.1577 0.0178, 0.034 -0.1577 0.018, 0.0393 -0.1577 0.0227, 0.0396 -0.1577 0.0235, 0.0373 -0.1577 0.0246, 0.0398 -0.1577 0.0243, 0.0375 -0.1577 0.0254, 0.04 -0.1577 0.0252, 0.0376 -0.1577 0.0262, 0.0401 -0.1577 0.0261, 0.0376 -0.1577 0.0269, 0.0401 -0.1577 0.027, 0.0376 -0.1577 0.0279, 0.0401 -0.1577 0.028, 0.04 -0.1577 0.0289, 0.035 -0.1573 0.0326, 0.0366 -0.1573 0.0342, 0.0355 -0.1573 0.0322, 0.0373 -0.1573 0.0336, 0.0359 -0.1573 0.0319, 0.0378 -0.1573 0.0332, 0.0363 -0.1573 0.0314, 0.0383 -0.1573 0.0326, 0.0367 -0.1573 0.0308, 0.0388 -0.1573 0.0319, 0.037 -0.1573 0.0302, 0.0392 -0.1573 0.0312, 0.0372 -0.1573 0.0295, 0.0342 -0.1573 0.0205, 0.0348 -0.1573 0.0184, 0.0335 -0.1573 0.0201, 0.034 -0.1573 0.018, 0.0328 -0.1573 0.0199, 0.0331 -0.1573 0.0178, 0.0319 -0.1573 0.0197, 0.0321 -0.1573 0.0176, 0.031 -0.1573 0.0196, 0.0311 -0.1573 0.0175, 0.03 -0.1573 0.0195, 0.0301 -0.1573 0.0174, 0.0273 -0.1573 0.0195, 0.0249 -0.1573 0.0174, 0.0273 -0.1573 0.034, 0.0249 -0.1573 0.0361, 0.0301 -0.1573 0.034, 0.0302 -0.1573 0.0361, 0.0304 -0.1573 0.0339, 0.0306 -0.1573 0.0361, 0.0313 -0.1573 0.0339, 0.0316 -0.1573 0.036, 0.0321 -0.1573 0.0338, 0.0326 -0.1573 0.0359, 0.0329 -0.1573 0.0336, 0.0335 -0.1573 0.0357, 0.0337 -0.1573 0.0333, 0.0343 -0.1573 0.0354, 0.0343 -0.1573 0.033, 0.0351 -0.1573 0.0351, 0.0359 -0.1573 0.0347, 0.0373 -0.1573 0.0246, 0.0396 -0.1573 0.0235, 0.0371 -0.1573 0.0238, 0.0393 -0.1573 0.0227, 0.0368 -0.1573 0.0232, 0.0389 -0.1573 0.022, 0.0365 -0.1573 0.0226, 0.0384 -0.1573 0.0213, 0.0361 -0.1573 0.022, 0.0379 -0.1573 0.0206, 0.0356 -0.1573 0.0215, 0.0373 -0.1573 0.02, 0.0354 -0.1573 0.0213, 0.037 -0.1573 0.0198, 0.0348 -0.1573 0.0208, 0.0363 -0.1573 0.0192, 0.0356 -0.1573 0.0188, 0.0395 -0.1573 0.0305, 0.0398 -0.1573 0.0297, 0.0374 -0.1573 0.0287, 0.04 -0.1573 0.0289, 0.0376 -0.1573 0.0279, 0.0401 -0.1573 0.028, 0.0376 -0.1573 0.0269, 0.0401 -0.1573 0.027, 0.0376 -0.1573 0.0262, 0.0401 -0.1573 0.0261, 0.0375 -0.1573 0.0254, 0.04 -0.1573 0.0252, 0.0398 -0.1573 0.0243, 0.0464 -0.1577 0.0246, 0.0456 -0.1577 0.0225, 0.0527 -0.1577 0.0246, 0.0534 -0.1577 0.0225, 0.0492 -0.1577 0.0324, 0.0483 -0.1577 0.0361, 0.0412 -0.1577 0.0174, 0.0438 -0.1577 0.0174, 0.0493 -0.1577 0.033, 0.0495 -0.1577 0.0337, 0.0509 -0.1577 0.0361, 0.0495 -0.1577 0.0337, 0.0497 -0.1577 0.0329, 0.0498 -0.1577 0.0324, 0.058 -0.1577 0.0174, 0.0553 -0.1577 0.0174, 0.0527 -0.1573 0.0246, 0.0498 -0.1573 0.0324, 0.0509 -0.1573 0.0361, 0.0497 -0.1573 0.0329, 0.0495 -0.1573 0.0337, 0.0483 -0.1573 0.0361, 0.0495 -0.1573 0.0337, 0.0493 -0.1573 0.033, 0.0492 -0.1573 0.0324, 0.0464 -0.1573 0.0246, 0.0412 -0.1573 0.0174, 0.058 -0.1573 0.0174, 0.0553 -0.1573 0.0174, 0.0534 -0.1573 0.0225, 0.0438 -0.1573 0.0174, 0.0456 -0.1573 0.0225, -0.1209 -0.1577 0.0123, -0.1195 -0.1577 0.0111, -0.1241 -0.1577 0.0265, -0.1127 -0.1577 0.0506, -0.1118 -0.1577 0.05, -0.1159 -0.1577 0.0597, -0.104 -0.1577 0.0599, -0.1017 -0.1577 0.0611, -0.1059 -0.1577 0.068, -0.0776 -0.1577 0.0531, -0.0765 -0.1577 0.0507, -0.0689 -0.1577 0.0534, -0.0757 -0.1577 0.0483, -0.0754 -0.1577 0.0462, -0.1109 -0.1577 0.0268, -0.1096 -0.1577 0.0264, -0.1068 -0.1577 0.0344, -0.0703 -0.1577 0.0262, -0.0722 -0.1577 0.0256, -0.0702 -0.1577 0.0177, -0.1242 -0.1577 0.0176, -0.1234 -0.1577 0.0157, -0.1223 -0.1577 0.0139, -0.0797 -0.1577 0.033, -0.0839 -0.1577 0.0401, -0.0983 -0.1577 0.0232, -0.1017 -0.1577 0.0308, -0.0983 -0.1577 0.0219, -0.1055 -0.1577 0.0101, -0.0985 -0.1577 0.0202, -0.1037 -0.1577 0.0112, -0.1022 -0.1577 0.0125, -0.113 -0.1577 0.0167, -0.1135 -0.1577 0.0087, -0.1118 -0.1577 0.0166, -0.1116 -0.1577 0.0086, -0.1105 -0.1577 0.0167, -0.1152 -0.1577 0.0179, -0.1142 -0.1577 0.0172, -0.1176 -0.1577 0.01, -0.1156 -0.1577 0.0092, -0.107 -0.1577 0.0238, -0.1066 -0.1577 0.0226, -0.1066 -0.1577 0.0213, -0.1069 -0.1577 0.02, -0.1075 -0.1577 0.0188, -0.1226 -0.1577 0.0515, -0.1243 -0.1577 0.0593, -0.1269 -0.1577 0.0584, -0.0727 -0.1577 0.0174, -0.0735 -0.1577 0.0255, -0.0805 -0.1577 0.0174, -0.0795 -0.1577 0.0255, -0.0812 -0.1577 0.0175, -0.1031 -0.1577 0.0692, -0.0993 -0.1577 0.062, -0.1002 -0.1577 0.0701, -0.126 -0.1577 0.0276, -0.1283 -0.1577 0.0191, -0.1257 -0.1577 0.0181, -0.1247 -0.1577 0.0507, -0.1294 -0.1577 0.0573, -0.1265 -0.1577 0.0495, -0.1317 -0.1577 0.0558, -0.1282 -0.1577 0.0481, -0.1008 -0.1577 0.0141, -0.0997 -0.1577 0.016, -0.0989 -0.1577 0.018, -0.1169 -0.1577 0.0212, -0.1166 -0.1577 0.02, -0.1161 -0.1577 0.0189, -0.1049 -0.1577 0.0335, -0.1085 -0.1577 0.0258, -0.1032 -0.1577 0.0323, -0.0644 -0.1577 0.0388, -0.0573 -0.1577 0.0432, -0.0651 -0.1577 0.0406, -0.0585 -0.1577 0.0454, -0.0661 -0.1577 0.0422, -0.0601 -0.1577 0.0475, -0.0675 -0.1577 0.0436, -0.0618 -0.1577 0.0493, -0.069 -0.1577 0.0447, -0.1292 -0.1577 0.0306, -0.1349 -0.1577 0.024, -0.1277 -0.1577 0.0289, -0.1329 -0.1577 0.022, -0.1307 -0.1577 0.0204, -0.1217 -0.1577 0.0598, -0.1205 -0.1577 0.0519, -0.1189 -0.1577 0.06, -0.1188 -0.1577 0.052, -0.1174 -0.1577 0.0599, -0.1167 -0.1577 0.0518, -0.1147 -0.1577 0.0514, -0.1169 -0.1577 0.0225, -0.1165 -0.1577 0.0238, -0.1235 -0.1577 0.0279, -0.1159 -0.1577 0.0249, -0.1118 -0.1577 0.0269, -0.1137 -0.1577 0.0351, -0.113 -0.1577 0.0268, -0.1158 -0.1577 0.0346, -0.1142 -0.1577 0.0263, -0.1089 -0.1577 0.035, -0.1109 -0.1577 0.0353, -0.1116 -0.1577 0.0353, -0.1083 -0.1577 0.0179, -0.1093 -0.1577 0.0172, -0.1075 -0.1577 0.0093, -0.1095 -0.1577 0.0088, -0.0678 -0.1577 0.0185, -0.0655 -0.1577 0.0195, -0.0686 -0.1577 0.0271, -0.0634 -0.1577 0.0209, -0.0671 -0.1577 0.0283, -0.0614 -0.1577 0.0225, -0.0665 -0.1577 0.0289, -0.0606 -0.1577 0.0233, -0.0654 -0.1577 0.0304, -0.1086 -0.1577 0.0665, -0.11 -0.1577 0.0656, -0.1061 -0.1577 0.0584, -0.1121 -0.1577 0.0639, -0.1079 -0.1577 0.0566, -0.1141 -0.1577 0.0619, -0.1095 -0.1577 0.0546, -0.1108 -0.1577 0.0524, -0.07 -0.1577 0.056, -0.0715 -0.1577 0.0585, -0.079 -0.1577 0.0553, -0.0733 -0.1577 0.061, -0.0807 -0.1577 0.0572, -0.1319 -0.1577 0.0363, -0.1398 -0.1577 0.0331, -0.1313 -0.1577 0.0342, -0.1389 -0.1577 0.0305, -0.1304 -0.1577 0.0323, -0.1377 -0.1577 0.028, -0.1362 -0.1577 0.0256, -0.1076 -0.1577 0.0248, -0.0641 -0.1577 0.0339, -0.0557 -0.1577 0.0348, -0.0639 -0.1577 0.0358, -0.0557 -0.1577 0.0359, -0.064 -0.1577 0.0369, -0.0559 -0.1577 0.0384, -0.0565 -0.1577 0.0408, -0.059 -0.1577 0.0253, -0.0577 -0.1577 0.0275, -0.0646 -0.1577 0.0321, -0.0567 -0.1577 0.0298, -0.0561 -0.1577 0.0322, -0.1177 -0.1577 0.0338, -0.1193 -0.1577 0.0328, -0.1152 -0.1577 0.0256, -0.121 -0.1577 0.0314, -0.1224 -0.1577 0.0297, -0.0801 -0.1577 0.0256, -0.0834 -0.1577 0.0188, -0.083 -0.1577 0.0184, -0.0941 -0.1577 0.0708, -0.094 -0.1577 0.0628, -0.0932 -0.1577 0.0707, -0.0914 -0.1577 0.0626, -0.1306 -0.1577 0.0448, -0.1387 -0.1577 0.0469, -0.1314 -0.1577 0.0429, -0.1396 -0.1577 0.0443, -0.1319 -0.1577 0.0409, -0.1402 -0.1577 0.0416, -0.1321 -0.1577 0.0387, -0.1404 -0.1577 0.039, -0.1321 -0.1577 0.0384, -0.1405 -0.1577 0.0385, -0.1403 -0.1577 0.0358, -0.0743 -0.1577 0.0462, -0.0724 -0.1577 0.046, -0.0684 -0.1577 0.0532, -0.0706 -0.1577 0.0455, -0.0661 -0.1577 0.0522, -0.0639 -0.1577 0.0509, -0.0844 -0.1577 0.0215, -0.0843 -0.1577 0.0205, -0.0839 -0.1577 0.0196, -0.0797 -0.1577 0.0255, -0.0821 -0.1577 0.0178, -0.0972 -0.1577 0.0706, -0.0968 -0.1577 0.0626, -0.0944 -0.1577 0.0628, -0.0813 -0.1577 0.0255, -0.0822 -0.1577 0.0251, -0.0844 -0.1577 0.0219, -0.083 -0.1577 0.0245, -0.0837 -0.1577 0.0238, -0.0841 -0.1577 0.0229, -0.1337 -0.1577 0.0541, -0.1342 -0.1577 0.0536, -0.1295 -0.1577 0.0466, -0.136 -0.1577 0.0516, -0.1375 -0.1577 0.0493, -0.0803 -0.1577 0.0256, -0.0754 -0.1577 0.0633, -0.076 -0.1577 0.0638, -0.0823 -0.1577 0.0587, -0.0786 -0.1577 0.0658, -0.0844 -0.1577 0.0601, -0.0813 -0.1577 0.0675, -0.0866 -0.1577 0.0613, -0.0841 -0.1577 0.0688, -0.089 -0.1577 0.0621, -0.0871 -0.1577 0.0698, -0.0901 -0.1577 0.0704, -0.0839 -0.1573 0.0401, -0.0797 -0.1573 0.033, -0.1017 -0.1573 0.0308, -0.0983 -0.1573 0.0232, -0.1055 -0.1573 0.0101, -0.0983 -0.1573 0.0219, -0.0985 -0.1573 0.0202, -0.1037 -0.1573 0.0112, -0.1022 -0.1573 0.0125, -0.113 -0.1573 0.0268, -0.1142 -0.1573 0.0263, -0.1241 -0.1573 0.0265, -0.1152 -0.1573 0.0256, -0.1017 -0.1573 0.0611, -0.104 -0.1573 0.0599, -0.1086 -0.1573 0.0665, -0.1209 -0.1573 0.0123, -0.1223 -0.1573 0.0139, -0.1165 -0.1573 0.0238, -0.1234 -0.1573 0.0157, -0.1242 -0.1573 0.0176, -0.1075 -0.1573 0.0188, -0.1069 -0.1573 0.02, -0.1066 -0.1573 0.0213, -0.1066 -0.1573 0.0226, -0.1313 -0.1573 0.0342, -0.1304 -0.1573 0.0323, -0.1377 -0.1573 0.028, -0.0989 -0.1573 0.018, -0.0997 -0.1573 0.016, -0.1008 -0.1573 0.0141, -0.1118 -0.1573 0.0166, -0.1105 -0.1573 0.0167, -0.1095 -0.1573 0.0088, -0.1247 -0.1573 0.0507, -0.1269 -0.1573 0.0584, -0.1226 -0.1573 0.0515, -0.1243 -0.1573 0.0593, -0.1205 -0.1573 0.0519, -0.1217 -0.1573 0.0598, -0.1188 -0.1573 0.052, -0.1362 -0.1573 0.0256, -0.1292 -0.1573 0.0306, -0.1349 -0.1573 0.024, -0.1277 -0.1573 0.0289, -0.1329 -0.1573 0.022, -0.1307 -0.1573 0.0204, -0.126 -0.1573 0.0276, -0.1283 -0.1573 0.0191, -0.1257 -0.1573 0.0181, -0.1159 -0.1573 0.0249, -0.079 -0.1573 0.0553, -0.0715 -0.1573 0.0585, -0.0776 -0.1573 0.0531, -0.07 -0.1573 0.056, -0.0765 -0.1573 0.0507, -0.0689 -0.1573 0.0534, -0.0757 -0.1573 0.0483, -0.11 -0.1573 0.0656, -0.1061 -0.1573 0.0584, -0.1121 -0.1573 0.0639, -0.0706 -0.1573 0.0455, -0.0724 -0.1573 0.046, -0.1169 -0.1573 0.0225, -0.1169 -0.1573 0.0212, -0.1166 -0.1573 0.02, -0.1141 -0.1573 0.0619, -0.1079 -0.1573 0.0566, -0.1159 -0.1573 0.0597, -0.1095 -0.1573 0.0546, -0.1108 -0.1573 0.0524, -0.0646 -0.1573 0.0321, -0.0577 -0.1573 0.0275, -0.0654 -0.1573 0.0304, -0.059 -0.1573 0.0253, -0.0665 -0.1573 0.0289, -0.0606 -0.1573 0.0233, -0.0671 -0.1573 0.0283, -0.0614 -0.1573 0.0225, -0.0686 -0.1573 0.0271, -0.0651 -0.1573 0.0406, -0.0573 -0.1573 0.0432, -0.0644 -0.1573 0.0388, -0.0565 -0.1573 0.0408, -0.064 -0.1573 0.0369, -0.0559 -0.1573 0.0384, -0.0639 -0.1573 0.0358, -0.0743 -0.1573 0.0462, -0.0754 -0.1573 0.0462, -0.1142 -0.1573 0.0172, -0.1195 -0.1573 0.0111, -0.1152 -0.1573 0.0179, -0.1161 -0.1573 0.0189, -0.1118 -0.1573 0.0269, -0.1109 -0.1573 0.0353, -0.1109 -0.1573 0.0268, -0.1089 -0.1573 0.035, -0.1096 -0.1573 0.0264, -0.1189 -0.1573 0.06, -0.1174 -0.1573 0.0599, -0.1167 -0.1573 0.0518, -0.1147 -0.1573 0.0514, -0.1075 -0.1573 0.0093, -0.1093 -0.1573 0.0172, -0.1083 -0.1573 0.0179, -0.1068 -0.1573 0.0344, -0.1049 -0.1573 0.0335, -0.1085 -0.1573 0.0258, -0.1032 -0.1573 0.0323, -0.1076 -0.1573 0.0248, -0.107 -0.1573 0.0238, -0.1177 -0.1573 0.0338, -0.1158 -0.1573 0.0346, -0.1127 -0.1573 0.0506, -0.1118 -0.1573 0.05, -0.083 -0.1573 0.0184, -0.0834 -0.1573 0.0188, -0.0801 -0.1573 0.0256, -0.0839 -0.1573 0.0196, -0.0557 -0.1573 0.0359, -0.0557 -0.1573 0.0348, -0.0641 -0.1573 0.0339, -0.0561 -0.1573 0.0322, -0.0567 -0.1573 0.0298, -0.0684 -0.1573 0.0532, -0.0661 -0.1573 0.0522, -0.069 -0.1573 0.0447, -0.0639 -0.1573 0.0509, -0.0675 -0.1573 0.0436, -0.0618 -0.1573 0.0493, -0.0661 -0.1573 0.0422, -0.0601 -0.1573 0.0475, -0.0585 -0.1573 0.0454, -0.1116 -0.1573 0.0086, -0.1135 -0.1573 0.0087, -0.113 -0.1573 0.0167, -0.1156 -0.1573 0.0092, -0.1176 -0.1573 0.01, -0.1224 -0.1573 0.0297, -0.121 -0.1573 0.0314, -0.1193 -0.1573 0.0328, -0.1137 -0.1573 0.0351, -0.1116 -0.1573 0.0353, -0.1314 -0.1573 0.0429, -0.1387 -0.1573 0.0469, -0.1306 -0.1573 0.0448, -0.1375 -0.1573 0.0493, -0.1295 -0.1573 0.0466, -0.1389 -0.1573 0.0305, -0.1398 -0.1573 0.0331, -0.1319 -0.1573 0.0363, -0.1403 -0.1573 0.0358, -0.1321 -0.1573 0.0384, -0.1405 -0.1573 0.0385, -0.1321 -0.1573 0.0387, -0.1404 -0.1573 0.039, -0.1319 -0.1573 0.0409, -0.1402 -0.1573 0.0416, -0.1396 -0.1573 0.0443, -0.0634 -0.1573 0.0209, -0.0655 -0.1573 0.0195, -0.0703 -0.1573 0.0262, -0.0678 -0.1573 0.0185, -0.0722 -0.1573 0.0256, -0.0702 -0.1573 0.0177, -0.0735 -0.1573 0.0255, -0.0727 -0.1573 0.0174, -0.0795 -0.1573 0.0255, -0.0805 -0.1573 0.0174, -0.0797 -0.1573 0.0255, -0.0812 -0.1573 0.0175, -0.0821 -0.1573 0.0178, -0.0843 -0.1573 0.0205, -0.0844 -0.1573 0.0215, -0.0844 -0.1573 0.0219, -0.1235 -0.1573 0.0279, -0.136 -0.1573 0.0516, -0.1342 -0.1573 0.0536, -0.1282 -0.1573 0.0481, -0.1337 -0.1573 0.0541, -0.1265 -0.1573 0.0495, -0.1317 -0.1573 0.0558, -0.1294 -0.1573 0.0573, -0.0841 -0.1573 0.0229, -0.0837 -0.1573 0.0238, -0.083 -0.1573 0.0245, -0.0822 -0.1573 0.0251, -0.0823 -0.1573 0.0587, -0.076 -0.1573 0.0638, -0.0807 -0.1573 0.0572, -0.0754 -0.1573 0.0633, -0.0733 -0.1573 0.061, -0.1059 -0.1573 0.068, -0.1031 -0.1573 0.0692, -0.0993 -0.1573 0.062, -0.1002 -0.1573 0.0701, -0.0968 -0.1573 0.0626, -0.0972 -0.1573 0.0706, -0.0944 -0.1573 0.0628, -0.0941 -0.1573 0.0708, -0.094 -0.1573 0.0628, -0.0932 -0.1573 0.0707, -0.0914 -0.1573 0.0626, -0.0901 -0.1573 0.0704, -0.089 -0.1573 0.0621, -0.0871 -0.1573 0.0698, -0.0866 -0.1573 0.0613, -0.0841 -0.1573 0.0688, -0.0844 -0.1573 0.0601, -0.0813 -0.1573 0.0675, -0.0786 -0.1573 0.0658, -0.0813 -0.1573 0.0255, -0.0803 -0.1573 0.0256
            ]
        }
        coordIndex [
            0,1,2,-1,2,1,3,-1,4,0,5,-1,5,0,2,-1,6,4,7,-1,7,4,5,-1,8,6,9,-1,9,6,7,-1,10,8,11,-1,11,8,9,-1,1,10,3,-1,3,10,11,-1,6,8,4,-1,4,8,10,-1,4,10,0,-1,0,10,1,-1,2,3,5,-1,5,3,11,-1,5,11,7,-1,7,11,9,-1,12,13,14,-1,12,14,15,-1,15,14,16,-1,15,16,17,-1,17,16,18,-1,17,18,19,-1,19,18,20,-1,19,20,21,-1,21,20,22,-1,21,22,23,-1,23,22,24,-1,23,24,25,-1,26,25,27,-1,27,25,24,-1,26,27,28,-1,26,28,29,-1,29,28,30,-1,29,30,31,-1,31,30,32,-1,31,32,33,-1,33,32,34,-1,33,34,35,-1,35,34,36,-1,35,36,37,-1,37,36,38,-1,37,38,39,-1,39,38,40,-1,39,40,41,-1,41,40,42,-1,41,42,43,-1,43,42,44,-1,43,44,45,-1,45,44,46,-1,45,46,47,-1,47,46,48,-1,47,48,49,-1,49,48,50,-1,49,50,51,-1,51,50,52,-1,51,52,53,-1,53,52,54,-1,53,54,55,-1,55,54,56,-1,55,56,57,-1,57,56,58,-1,57,58,59,-1,59,58,60,-1,59,60,61,-1,61,60,62,-1,61,62,63,-1,63,62,64,-1,63,64,65,-1,65,64,66,-1,65,66,67,-1,67,66,68,-1,67,68,69,-1,69,68,70,-1,69,70,71,-1,71,70,72,-1,71,72,73,-1,73,72,74,-1,73,74,75,-1,75,74,76,-1,75,76,77,-1,77,76,78,-1,77,78,79,-1,79,78,80,-1,79,80,81,-1,81,80,82,-1,81,82,83,-1,83,82,84,-1,83,84,85,-1,85,84,86,-1,85,86,87,-1,87,86,88,-1,87,88,89,-1,89,88,90,-1,89,90,91,-1,91,90,92,-1,91,92,93,-1,93,92,94,-1,93,94,95,-1,95,94,96,-1,95,96,97,-1,97,96,98,-1,97,98,99,-1,99,98,100,-1,99,100,101,-1,101,100,102,-1,101,102,103,-1,103,102,104,-1,103,104,105,-1,105,104,106,-1,105,106,107,-1,107,106,108,-1,107,108,109,-1,109,108,110,-1,109,110,111,-1,111,110,112,-1,111,112,113,-1,113,112,114,-1,113,114,115,-1,116,115,117,-1,117,115,114,-1,116,117,118,-1,116,118,119,-1,119,118,120,-1,119,120,121,-1,121,120,122,-1,121,122,123,-1,123,122,124,-1,123,124,125,-1,125,124,126,-1,125,126,127,-1,127,126,128,-1,127,128,129,-1,129,128,130,-1,129,130,131,-1,131,130,132,-1,131,132,133,-1,133,132,134,-1,133,134,135,-1,135,134,136,-1,135,136,137,-1,137,136,138,-1,137,138,139,-1,139,138,140,-1,139,140,141,-1,141,140,142,-1,141,142,143,-1,143,142,144,-1,143,144,145,-1,145,144,146,-1,145,146,147,-1,147,146,148,-1,147,148,149,-1,149,148,150,-1,149,150,151,-1,151,150,152,-1,151,152,153,-1,153,152,154,-1,153,154,155,-1,155,154,156,-1,155,156,157,-1,157,156,158,-1,157,158,159,-1,159,158,160,-1,159,160,161,-1,161,160,162,-1,161,162,163,-1,163,162,164,-1,163,164,165,-1,165,164,166,-1,165,166,167,-1,167,166,168,-1,167,168,169,-1,169,168,170,-1,169,170,171,-1,171,170,172,-1,171,172,173,-1,173,172,174,-1,173,174,175,-1,175,174,176,-1,175,176,177,-1,177,176,178,-1,177,178,179,-1,179,178,180,-1,179,180,181,-1,181,180,182,-1,181,182,183,-1,183,182,184,-1,183,184,185,-1,185,184,186,-1,185,186,187,-1,187,186,188,-1,187,188,189,-1,189,188,190,-1,189,190,191,-1,191,190,192,-1,191,192,193,-1,193,192,194,-1,193,194,195,-1,195,194,196,-1,195,196,197,-1,197,196,13,-1,197,13,12,-1,113,115,116,-1,57,177,179,-1,57,179,55,-1,55,179,181,-1,55,181,53,-1,53,181,183,-1,53,183,51,-1,51,183,185,-1,51,185,49,-1,49,185,187,-1,49,187,47,-1,33,21,31,-1,31,21,23,-1,31,23,29,-1,29,23,25,-1,29,25,26,-1,187,189,47,-1,47,189,191,-1,47,191,45,-1,45,191,193,-1,45,193,43,-1,43,193,195,-1,43,195,41,-1,41,195,197,-1,41,197,39,-1,39,197,12,-1,39,12,37,-1,37,12,15,-1,37,15,35,-1,35,15,17,-1,35,17,33,-1,33,17,19,-1,33,19,21,-1,89,143,87,-1,87,143,145,-1,87,145,85,-1,85,145,147,-1,85,147,83,-1,83,147,149,-1,83,149,81,-1,81,149,151,-1,81,151,79,-1,79,151,153,-1,79,153,77,-1,77,153,155,-1,77,155,75,-1,113,116,111,-1,111,116,119,-1,111,119,109,-1,109,119,121,-1,109,121,107,-1,107,121,123,-1,107,123,105,-1,105,123,125,-1,105,125,103,-1,103,125,127,-1,103,127,101,-1,101,127,129,-1,101,129,99,-1,99,129,131,-1,99,131,97,-1,97,131,133,-1,97,133,95,-1,95,133,135,-1,95,135,93,-1,93,135,137,-1,93,137,91,-1,91,137,139,-1,91,139,89,-1,89,139,141,-1,89,141,143,-1,177,57,175,-1,175,57,59,-1,175,59,173,-1,173,59,61,-1,173,61,171,-1,171,61,63,-1,171,63,169,-1,169,63,65,-1,169,65,167,-1,167,65,165,-1,165,65,67,-1,165,67,163,-1,155,157,75,-1,75,157,159,-1,75,159,73,-1,73,159,161,-1,73,161,71,-1,71,161,163,-1,71,163,69,-1,69,163,67,-1,28,27,24,-1,28,24,30,-1,44,190,46,-1,46,190,188,-1,46,188,48,-1,48,188,186,-1,48,186,50,-1,50,186,184,-1,50,184,52,-1,52,184,182,-1,52,182,54,-1,114,112,117,-1,117,112,110,-1,117,110,118,-1,118,110,108,-1,182,180,54,-1,54,180,178,-1,54,178,56,-1,56,178,176,-1,56,176,58,-1,58,176,174,-1,58,174,60,-1,60,174,172,-1,60,172,62,-1,24,22,30,-1,30,22,20,-1,30,20,32,-1,32,20,18,-1,32,18,34,-1,34,18,16,-1,34,16,36,-1,36,16,14,-1,36,14,38,-1,38,14,13,-1,38,13,40,-1,40,13,196,-1,40,196,42,-1,42,196,194,-1,42,194,44,-1,44,194,192,-1,44,192,190,-1,82,146,84,-1,84,146,144,-1,84,144,86,-1,86,144,142,-1,86,142,88,-1,88,142,140,-1,88,140,90,-1,90,140,138,-1,90,138,92,-1,92,138,136,-1,92,136,94,-1,94,136,134,-1,94,134,96,-1,96,134,132,-1,96,132,98,-1,98,132,130,-1,98,130,100,-1,100,130,128,-1,100,128,102,-1,102,128,126,-1,102,126,104,-1,104,126,124,-1,104,124,106,-1,106,124,122,-1,106,122,108,-1,108,122,120,-1,108,120,118,-1,162,160,72,-1,72,160,158,-1,72,158,74,-1,74,158,156,-1,74,156,76,-1,76,156,154,-1,76,154,78,-1,78,154,152,-1,78,152,80,-1,80,152,150,-1,80,150,82,-1,82,150,148,-1,82,148,146,-1,172,170,62,-1,62,170,168,-1,62,168,64,-1,64,168,166,-1,64,166,66,-1,66,166,164,-1,66,164,68,-1,68,164,162,-1,68,162,70,-1,70,162,72,-1,198,199,200,-1,200,199,201,-1,202,198,203,-1,203,198,200,-1,204,202,205,-1,205,202,203,-1,206,204,207,-1,207,204,205,-1,208,206,209,-1,209,206,207,-1,210,208,211,-1,211,208,209,-1,212,210,213,-1,213,210,211,-1,214,212,215,-1,215,212,213,-1,216,214,217,-1,217,214,215,-1,218,216,219,-1,219,216,217,-1,220,218,221,-1,221,218,219,-1,199,220,201,-1,201,220,221,-1,220,199,198,-1,198,202,220,-1,220,202,204,-1,220,204,218,-1,214,216,212,-1,212,216,218,-1,212,218,210,-1,210,218,204,-1,210,204,208,-1,208,204,206,-1,219,217,215,-1,215,213,219,-1,219,213,211,-1,219,211,221,-1,200,201,203,-1,203,201,221,-1,203,221,205,-1,205,221,211,-1,205,211,207,-1,207,211,209,-1,222,223,224,-1,224,223,225,-1,224,225,226,-1,226,225,227,-1,226,227,228,-1,228,227,229,-1,228,229,230,-1,230,229,231,-1,230,231,232,-1,232,231,233,-1,232,233,234,-1,234,233,235,-1,234,235,236,-1,236,235,237,-1,236,237,238,-1,239,240,241,-1,241,240,242,-1,241,242,243,-1,243,242,244,-1,243,244,245,-1,245,244,246,-1,245,246,247,-1,246,248,247,-1,247,248,249,-1,247,249,250,-1,250,249,251,-1,250,251,252,-1,252,251,253,-1,252,253,254,-1,254,253,255,-1,254,255,256,-1,256,255,257,-1,256,257,258,-1,258,257,259,-1,258,259,260,-1,260,259,261,-1,260,261,262,-1,262,261,263,-1,262,263,264,-1,264,263,265,-1,264,265,266,-1,266,265,267,-1,266,267,268,-1,268,267,269,-1,268,269,270,-1,270,269,271,-1,270,271,272,-1,272,271,273,-1,272,273,274,-1,274,273,275,-1,274,275,276,-1,276,275,277,-1,276,277,278,-1,278,277,279,-1,278,279,280,-1,280,279,281,-1,280,281,222,-1,222,281,282,-1,222,282,223,-1,237,283,238,-1,238,283,284,-1,238,284,285,-1,285,284,286,-1,285,286,287,-1,287,286,288,-1,287,288,289,-1,289,288,290,-1,289,290,291,-1,291,290,292,-1,291,292,293,-1,293,292,294,-1,293,294,239,-1,239,294,295,-1,239,295,240,-1,296,297,298,-1,298,297,299,-1,298,299,300,-1,300,299,301,-1,300,301,302,-1,302,301,303,-1,302,303,304,-1,304,303,305,-1,304,305,306,-1,306,305,307,-1,306,307,308,-1,309,310,311,-1,311,310,312,-1,311,312,313,-1,313,312,314,-1,313,314,315,-1,315,314,316,-1,315,316,317,-1,317,316,318,-1,317,318,319,-1,319,318,320,-1,319,320,321,-1,321,320,322,-1,321,322,323,-1,323,322,324,-1,323,324,325,-1,325,324,326,-1,325,326,327,-1,327,326,328,-1,327,328,329,-1,329,328,330,-1,329,330,331,-1,331,330,332,-1,331,332,333,-1,333,332,334,-1,333,334,335,-1,335,334,336,-1,335,336,337,-1,337,336,338,-1,337,338,296,-1,296,338,339,-1,296,339,297,-1,340,341,342,-1,342,341,343,-1,342,343,344,-1,344,343,345,-1,344,345,346,-1,346,345,347,-1,346,347,348,-1,348,347,349,-1,348,349,350,-1,350,349,351,-1,350,351,352,-1,352,351,353,-1,352,353,354,-1,354,353,355,-1,354,355,309,-1,309,355,356,-1,309,356,310,-1,307,357,308,-1,308,357,358,-1,308,358,359,-1,359,358,360,-1,359,360,361,-1,361,360,362,-1,361,362,363,-1,363,362,364,-1,363,364,365,-1,365,364,366,-1,365,366,367,-1,367,366,368,-1,367,368,340,-1,340,368,369,-1,340,369,341,-1,275,273,320,-1,320,273,322,-1,275,320,318,-1,275,318,277,-1,277,318,316,-1,277,316,279,-1,279,316,314,-1,279,314,281,-1,281,314,312,-1,281,312,282,-1,282,312,310,-1,282,310,223,-1,223,310,356,-1,223,356,225,-1,225,356,355,-1,225,355,227,-1,227,355,353,-1,227,353,229,-1,229,353,351,-1,229,351,231,-1,231,351,349,-1,231,349,233,-1,233,349,347,-1,233,347,235,-1,235,347,345,-1,235,345,237,-1,237,345,343,-1,237,343,283,-1,283,343,341,-1,283,341,284,-1,284,341,369,-1,284,369,286,-1,286,369,368,-1,286,368,288,-1,288,368,366,-1,288,366,290,-1,290,366,364,-1,290,364,292,-1,292,364,362,-1,292,362,294,-1,294,362,360,-1,294,360,295,-1,295,360,358,-1,295,358,240,-1,240,358,357,-1,240,357,242,-1,242,357,307,-1,242,307,244,-1,244,307,305,-1,244,305,246,-1,246,305,303,-1,246,303,248,-1,248,303,301,-1,248,301,249,-1,249,301,299,-1,249,299,251,-1,251,299,297,-1,251,297,253,-1,253,297,339,-1,253,339,255,-1,255,339,338,-1,255,338,257,-1,257,338,336,-1,257,336,259,-1,259,336,334,-1,259,334,261,-1,261,334,332,-1,261,332,263,-1,263,332,330,-1,263,330,265,-1,265,330,328,-1,265,328,267,-1,267,328,326,-1,267,326,269,-1,271,269,324,-1,324,269,326,-1,273,271,322,-1,322,271,324,-1,268,270,325,-1,325,270,323,-1,270,272,323,-1,323,272,321,-1,272,274,321,-1,321,274,319,-1,230,350,352,-1,230,352,228,-1,228,352,354,-1,228,354,226,-1,226,354,309,-1,226,309,224,-1,224,309,311,-1,224,311,222,-1,222,311,313,-1,222,313,280,-1,280,313,315,-1,280,315,278,-1,278,315,317,-1,278,317,276,-1,276,317,319,-1,276,319,274,-1,291,363,365,-1,291,365,289,-1,289,365,367,-1,289,367,287,-1,287,367,340,-1,287,340,285,-1,285,340,342,-1,285,342,238,-1,238,342,344,-1,238,344,236,-1,236,344,346,-1,236,346,234,-1,234,346,348,-1,234,348,232,-1,232,348,350,-1,232,350,230,-1,252,298,300,-1,252,300,250,-1,250,300,302,-1,250,302,247,-1,247,302,304,-1,247,304,245,-1,245,304,306,-1,245,306,243,-1,243,306,308,-1,243,308,241,-1,241,308,359,-1,241,359,239,-1,239,359,361,-1,239,361,293,-1,293,361,363,-1,293,363,291,-1,268,325,327,-1,268,327,266,-1,266,327,329,-1,266,329,264,-1,264,329,331,-1,264,331,262,-1,262,331,333,-1,262,333,260,-1,260,333,335,-1,260,335,258,-1,258,335,337,-1,258,337,256,-1,256,337,296,-1,256,296,254,-1,254,296,298,-1,254,298,252,-1,370,371,372,-1,372,371,373,-1,374,375,370,-1,370,375,376,-1,370,376,371,-1,371,376,377,-1,374,378,375,-1,375,378,379,-1,375,379,380,-1,380,379,381,-1,380,381,382,-1,382,383,380,-1,380,383,372,-1,380,372,384,-1,384,372,373,-1,384,373,385,-1,386,387,388,-1,387,389,388,-1,388,389,390,-1,388,390,391,-1,391,390,392,-1,391,392,393,-1,393,394,391,-1,391,394,395,-1,391,395,396,-1,397,398,399,-1,400,396,401,-1,401,396,395,-1,401,395,399,-1,399,395,386,-1,399,386,397,-1,397,386,388,-1,380,384,388,-1,388,384,397,-1,375,380,391,-1,391,380,388,-1,376,375,396,-1,396,375,391,-1,377,376,400,-1,400,376,396,-1,371,377,401,-1,401,377,400,-1,373,371,399,-1,399,371,401,-1,385,373,398,-1,398,373,399,-1,384,385,397,-1,397,385,398,-1,370,372,395,-1,395,372,386,-1,372,383,386,-1,386,383,387,-1,381,390,389,-1,381,389,382,-1,382,389,387,-1,382,387,383,-1,381,379,390,-1,390,379,392,-1,374,394,393,-1,374,393,378,-1,378,393,392,-1,378,392,379,-1,374,370,394,-1,394,370,395,-1,402,403,404,-1,404,403,405,-1,406,402,407,-1,407,402,404,-1,408,406,409,-1,409,406,407,-1,410,408,411,-1,411,408,409,-1,412,410,413,-1,413,410,411,-1,414,412,415,-1,415,412,413,-1,416,414,417,-1,417,414,415,-1,418,416,419,-1,419,416,417,-1,420,418,421,-1,421,418,419,-1,422,420,423,-1,423,420,421,-1,424,422,425,-1,425,422,423,-1,403,424,405,-1,405,424,425,-1,424,403,402,-1,402,406,424,-1,424,406,408,-1,424,408,422,-1,418,420,416,-1,416,420,422,-1,416,422,414,-1,414,422,408,-1,414,408,412,-1,412,408,410,-1,404,405,407,-1,407,405,425,-1,407,425,409,-1,421,419,423,-1,423,419,417,-1,423,417,415,-1,413,411,415,-1,415,411,409,-1,415,409,423,-1,423,409,425,-1,426,427,428,-1,428,427,429,-1,430,431,432,-1,433,434,435,-1,435,434,436,-1,432,431,437,-1,437,431,438,-1,437,438,439,-1,439,438,440,-1,439,440,441,-1,442,443,444,-1,434,445,436,-1,436,445,446,-1,436,446,447,-1,433,435,448,-1,448,435,449,-1,448,449,450,-1,450,449,451,-1,450,451,452,-1,441,440,453,-1,453,440,454,-1,453,454,455,-1,455,454,456,-1,455,456,457,-1,446,458,447,-1,447,458,459,-1,447,459,460,-1,460,459,461,-1,460,461,462,-1,428,463,464,-1,464,463,465,-1,464,465,466,-1,467,468,469,-1,469,468,470,-1,469,470,471,-1,471,470,472,-1,471,472,473,-1,474,475,429,-1,429,475,476,-1,429,476,428,-1,428,476,477,-1,428,477,463,-1,457,456,478,-1,478,456,479,-1,478,479,480,-1,480,479,481,-1,480,481,482,-1,483,484,485,-1,485,484,486,-1,485,486,487,-1,487,486,488,-1,487,488,489,-1,444,490,442,-1,442,490,491,-1,442,491,483,-1,483,491,492,-1,483,492,484,-1,493,494,495,-1,495,494,496,-1,495,496,443,-1,443,496,497,-1,443,497,444,-1,498,499,500,-1,500,499,452,-1,500,452,501,-1,501,452,451,-1,472,502,473,-1,473,502,503,-1,473,503,504,-1,504,503,505,-1,504,505,506,-1,506,505,466,-1,506,466,507,-1,507,466,465,-1,482,481,508,-1,508,481,509,-1,508,509,510,-1,510,499,508,-1,508,499,498,-1,508,498,429,-1,429,498,511,-1,429,511,474,-1,488,512,489,-1,489,512,513,-1,489,513,514,-1,514,513,515,-1,514,515,516,-1,516,515,517,-1,516,517,467,-1,467,517,518,-1,467,518,468,-1,461,519,462,-1,462,519,520,-1,462,520,521,-1,521,520,522,-1,521,522,523,-1,432,524,430,-1,430,524,525,-1,430,525,526,-1,526,525,527,-1,526,527,528,-1,528,527,529,-1,528,529,530,-1,530,529,531,-1,530,531,532,-1,532,531,533,-1,532,533,534,-1,534,533,535,-1,534,535,536,-1,536,535,537,-1,536,537,538,-1,538,537,539,-1,538,539,540,-1,540,539,541,-1,540,541,542,-1,542,541,543,-1,542,543,544,-1,522,545,523,-1,523,545,546,-1,523,546,493,-1,493,546,547,-1,493,547,494,-1,548,549,550,-1,551,552,553,-1,553,552,554,-1,553,554,555,-1,556,557,558,-1,559,560,561,-1,561,560,562,-1,561,562,563,-1,554,564,555,-1,555,564,565,-1,555,565,566,-1,566,565,567,-1,566,567,568,-1,569,570,571,-1,571,570,572,-1,571,572,573,-1,573,572,574,-1,573,574,551,-1,551,574,575,-1,551,575,552,-1,576,556,577,-1,577,556,558,-1,577,558,578,-1,578,558,579,-1,580,581,582,-1,582,581,583,-1,582,583,584,-1,584,583,585,-1,584,585,586,-1,586,585,587,-1,586,587,588,-1,588,587,589,-1,590,591,580,-1,580,591,592,-1,580,592,581,-1,593,594,559,-1,559,594,595,-1,559,595,560,-1,596,597,593,-1,593,597,598,-1,593,598,594,-1,599,600,601,-1,601,600,558,-1,601,558,602,-1,602,558,557,-1,603,604,590,-1,590,604,605,-1,590,605,591,-1,567,606,568,-1,568,606,607,-1,568,607,608,-1,608,607,609,-1,608,609,610,-1,610,609,600,-1,610,600,611,-1,562,612,563,-1,563,612,613,-1,563,613,614,-1,611,600,615,-1,615,600,599,-1,615,599,589,-1,589,599,616,-1,589,616,588,-1,548,550,617,-1,617,550,618,-1,617,618,619,-1,619,618,620,-1,619,620,621,-1,621,620,622,-1,621,622,623,-1,623,622,624,-1,623,624,625,-1,625,624,626,-1,625,626,627,-1,627,626,628,-1,627,628,629,-1,629,628,630,-1,629,630,569,-1,569,630,631,-1,569,631,570,-1,632,633,634,-1,634,633,635,-1,634,635,603,-1,603,635,636,-1,603,636,604,-1,613,637,614,-1,614,637,638,-1,614,638,639,-1,639,638,640,-1,639,640,632,-1,632,640,641,-1,632,641,633,-1,642,643,644,-1,644,643,645,-1,644,645,646,-1,646,645,647,-1,646,647,648,-1,648,647,649,-1,648,649,650,-1,651,652,653,-1,653,652,654,-1,653,654,655,-1,655,654,656,-1,655,656,596,-1,596,656,657,-1,596,657,597,-1,649,658,650,-1,650,658,659,-1,650,659,660,-1,660,659,661,-1,660,661,662,-1,662,661,663,-1,662,663,651,-1,651,663,664,-1,651,664,652,-1,644,665,642,-1,642,665,666,-1,642,666,667,-1,667,666,668,-1,667,668,577,-1,577,668,669,-1,577,669,576,-1,529,630,628,-1,529,628,531,-1,531,628,626,-1,531,626,533,-1,533,626,624,-1,533,624,535,-1,535,624,622,-1,535,622,537,-1,537,622,620,-1,537,620,539,-1,539,620,618,-1,539,618,541,-1,541,618,550,-1,541,550,543,-1,544,543,549,-1,549,543,550,-1,544,549,548,-1,544,548,542,-1,542,548,617,-1,542,617,540,-1,540,617,619,-1,540,619,538,-1,538,619,621,-1,538,621,536,-1,536,621,623,-1,536,623,534,-1,534,623,625,-1,534,625,532,-1,532,625,627,-1,532,627,530,-1,530,627,629,-1,530,629,528,-1,528,629,569,-1,528,569,526,-1,526,569,571,-1,526,571,430,-1,430,571,573,-1,430,573,431,-1,431,573,551,-1,431,551,438,-1,438,551,553,-1,438,553,440,-1,440,553,555,-1,440,555,454,-1,454,555,566,-1,454,566,456,-1,456,566,568,-1,456,568,479,-1,479,568,608,-1,479,608,481,-1,481,608,610,-1,481,610,509,-1,509,610,611,-1,509,611,510,-1,510,611,615,-1,510,615,499,-1,452,499,589,-1,589,499,615,-1,452,589,587,-1,452,587,450,-1,450,587,585,-1,450,585,448,-1,448,585,583,-1,448,583,433,-1,433,583,581,-1,433,581,434,-1,434,581,592,-1,434,592,445,-1,445,592,591,-1,445,591,446,-1,446,591,605,-1,446,605,458,-1,458,605,604,-1,458,604,459,-1,459,604,636,-1,459,636,461,-1,461,636,635,-1,461,635,519,-1,519,635,633,-1,519,633,520,-1,520,633,641,-1,520,641,522,-1,522,641,640,-1,522,640,545,-1,545,640,638,-1,545,638,546,-1,546,638,637,-1,546,637,547,-1,547,637,613,-1,547,613,494,-1,494,613,612,-1,494,612,496,-1,496,612,562,-1,496,562,497,-1,497,562,560,-1,497,560,444,-1,444,560,595,-1,444,595,490,-1,490,595,594,-1,490,594,491,-1,491,594,598,-1,491,598,492,-1,492,598,597,-1,492,597,484,-1,484,597,657,-1,484,657,486,-1,486,657,656,-1,486,656,488,-1,488,656,654,-1,488,654,512,-1,512,654,652,-1,512,652,513,-1,513,652,664,-1,513,664,515,-1,515,664,663,-1,515,663,517,-1,517,663,661,-1,517,661,518,-1,518,661,659,-1,518,659,468,-1,468,659,658,-1,468,658,470,-1,470,658,649,-1,470,649,472,-1,472,649,647,-1,472,647,502,-1,502,647,645,-1,502,645,503,-1,503,645,643,-1,503,643,505,-1,505,643,642,-1,505,642,466,-1,466,642,667,-1,466,667,464,-1,428,464,577,-1,577,464,667,-1,426,428,578,-1,578,428,577,-1,427,426,579,-1,579,426,578,-1,429,427,558,-1,558,427,579,-1,429,558,600,-1,429,600,508,-1,508,600,609,-1,508,609,482,-1,482,609,607,-1,482,607,480,-1,480,607,606,-1,480,606,478,-1,478,606,567,-1,478,567,457,-1,457,567,565,-1,457,565,455,-1,455,565,564,-1,455,564,453,-1,453,564,554,-1,453,554,441,-1,441,554,552,-1,441,552,439,-1,439,552,575,-1,439,575,437,-1,437,575,574,-1,437,574,432,-1,432,574,572,-1,432,572,524,-1,524,572,570,-1,524,570,525,-1,525,570,631,-1,525,631,527,-1,527,631,630,-1,527,630,529,-1,436,580,582,-1,436,582,435,-1,435,582,584,-1,435,584,449,-1,449,584,586,-1,449,586,451,-1,451,586,588,-1,451,588,501,-1,501,588,616,-1,501,616,500,-1,523,639,632,-1,523,632,521,-1,521,632,634,-1,521,634,462,-1,462,634,603,-1,462,603,460,-1,460,603,590,-1,460,590,447,-1,447,590,580,-1,447,580,436,-1,483,593,559,-1,483,559,442,-1,442,559,561,-1,442,561,443,-1,443,561,563,-1,443,563,495,-1,495,563,614,-1,495,614,493,-1,493,614,639,-1,493,639,523,-1,516,662,651,-1,516,651,514,-1,514,651,653,-1,514,653,489,-1,489,653,655,-1,489,655,487,-1,487,655,596,-1,487,596,485,-1,485,596,593,-1,485,593,483,-1,507,666,665,-1,507,665,506,-1,506,665,644,-1,506,644,504,-1,504,644,646,-1,504,646,473,-1,473,646,648,-1,473,648,471,-1,471,648,650,-1,471,650,469,-1,469,650,660,-1,469,660,467,-1,467,660,662,-1,467,662,516,-1,511,601,602,-1,511,602,474,-1,474,602,557,-1,474,557,475,-1,475,557,556,-1,475,556,476,-1,476,556,576,-1,476,576,477,-1,477,576,669,-1,477,669,463,-1,463,669,668,-1,463,668,465,-1,465,668,666,-1,465,666,507,-1,511,498,601,-1,601,498,599,-1,498,500,599,-1,599,500,616,-1,670,671,672,-1,670,672,673,-1,673,672,674,-1,673,674,675,-1,675,674,676,-1,675,676,677,-1,677,676,678,-1,677,678,679,-1,679,678,680,-1,679,680,681,-1,681,680,682,-1,681,682,683,-1,683,682,684,-1,683,684,685,-1,686,685,687,-1,687,685,684,-1,686,687,688,-1,686,688,689,-1,689,688,690,-1,689,690,691,-1,691,690,692,-1,691,692,693,-1,693,692,694,-1,693,694,695,-1,695,694,696,-1,695,696,697,-1,697,696,698,-1,697,698,699,-1,699,698,700,-1,699,700,701,-1,701,700,702,-1,701,702,703,-1,703,702,704,-1,703,704,705,-1,705,704,706,-1,705,706,707,-1,707,706,708,-1,707,708,709,-1,709,708,710,-1,709,710,711,-1,711,710,712,-1,711,712,713,-1,713,712,714,-1,713,714,715,-1,715,714,716,-1,715,716,717,-1,717,716,718,-1,717,718,719,-1,719,718,720,-1,719,720,721,-1,721,720,722,-1,721,722,723,-1,723,722,724,-1,723,724,725,-1,725,724,726,-1,725,726,727,-1,727,726,728,-1,727,728,729,-1,729,728,730,-1,729,730,731,-1,731,730,732,-1,731,732,733,-1,733,732,734,-1,733,734,735,-1,735,734,736,-1,735,736,737,-1,737,736,738,-1,737,738,739,-1,739,738,740,-1,739,740,741,-1,741,740,742,-1,741,742,743,-1,743,742,744,-1,743,744,745,-1,745,744,746,-1,745,746,747,-1,747,746,748,-1,747,748,749,-1,749,748,750,-1,749,750,751,-1,751,750,752,-1,751,752,753,-1,753,752,754,-1,753,754,755,-1,755,754,756,-1,755,756,757,-1,757,756,758,-1,757,758,759,-1,759,758,760,-1,759,760,761,-1,761,760,762,-1,761,762,763,-1,763,762,764,-1,763,764,765,-1,765,764,766,-1,765,766,767,-1,767,766,768,-1,767,768,769,-1,769,768,770,-1,769,770,771,-1,771,770,772,-1,771,772,773,-1,773,772,774,-1,773,774,775,-1,775,774,776,-1,775,776,777,-1,777,776,778,-1,777,778,779,-1,779,778,780,-1,779,780,781,-1,781,780,782,-1,781,782,783,-1,783,782,784,-1,783,784,785,-1,785,784,786,-1,785,786,787,-1,787,786,788,-1,787,788,789,-1,789,788,790,-1,789,790,791,-1,791,790,792,-1,791,792,793,-1,793,792,794,-1,793,794,795,-1,795,794,796,-1,795,796,797,-1,797,796,798,-1,797,798,799,-1,799,798,800,-1,799,800,801,-1,801,800,802,-1,801,802,803,-1,803,802,804,-1,803,804,805,-1,806,805,807,-1,807,805,804,-1,806,807,808,-1,806,808,809,-1,809,808,810,-1,809,810,811,-1,811,810,812,-1,811,812,813,-1,813,812,814,-1,813,814,815,-1,815,814,816,-1,815,816,817,-1,817,816,818,-1,817,818,819,-1,819,818,820,-1,819,820,821,-1,821,820,822,-1,821,822,823,-1,823,822,824,-1,823,824,825,-1,825,824,826,-1,825,826,827,-1,827,826,828,-1,827,828,829,-1,829,828,830,-1,829,830,831,-1,831,830,832,-1,831,832,833,-1,833,832,834,-1,833,834,835,-1,835,834,836,-1,835,836,837,-1,837,836,838,-1,837,838,839,-1,839,838,840,-1,839,840,841,-1,841,840,842,-1,841,842,843,-1,843,842,844,-1,843,844,845,-1,845,844,846,-1,845,846,847,-1,847,846,848,-1,847,848,849,-1,849,848,850,-1,849,850,851,-1,851,850,852,-1,851,852,853,-1,853,852,854,-1,853,854,855,-1,855,854,856,-1,855,856,857,-1,857,856,858,-1,857,858,859,-1,859,858,860,-1,859,860,861,-1,861,860,862,-1,861,862,863,-1,863,862,864,-1,863,864,865,-1,865,864,866,-1,865,866,867,-1,867,866,868,-1,867,868,869,-1,869,868,870,-1,869,870,871,-1,871,870,872,-1,871,872,873,-1,873,872,874,-1,873,874,875,-1,875,874,876,-1,875,876,877,-1,877,876,878,-1,877,878,879,-1,879,878,880,-1,879,880,881,-1,881,880,882,-1,881,882,883,-1,883,882,884,-1,883,884,885,-1,885,884,886,-1,885,886,887,-1,887,886,888,-1,887,888,889,-1,889,888,890,-1,889,890,891,-1,891,890,892,-1,891,892,893,-1,893,892,894,-1,893,894,895,-1,895,894,896,-1,895,896,897,-1,897,896,898,-1,897,898,899,-1,899,898,900,-1,899,900,901,-1,901,900,902,-1,901,902,903,-1,903,902,904,-1,903,904,905,-1,905,904,906,-1,905,906,907,-1,907,906,671,-1,907,671,670,-1,683,685,686,-1,803,805,806,-1,713,715,897,-1,897,715,895,-1,777,837,775,-1,775,837,839,-1,775,839,773,-1,715,717,895,-1,895,717,719,-1,895,719,893,-1,779,833,777,-1,777,833,835,-1,777,835,837,-1,713,897,711,-1,711,897,899,-1,711,899,709,-1,709,899,901,-1,709,901,707,-1,707,901,903,-1,707,903,705,-1,855,765,853,-1,853,765,767,-1,737,883,735,-1,735,883,885,-1,839,841,773,-1,773,841,843,-1,773,843,771,-1,843,845,771,-1,771,845,847,-1,771,847,769,-1,769,847,849,-1,769,849,767,-1,767,849,851,-1,767,851,853,-1,855,857,765,-1,765,857,859,-1,765,859,763,-1,763,859,861,-1,763,861,761,-1,761,861,863,-1,761,863,759,-1,759,863,865,-1,759,865,757,-1,889,729,887,-1,887,729,731,-1,887,731,885,-1,885,731,733,-1,885,733,735,-1,719,721,893,-1,893,721,723,-1,893,723,891,-1,891,723,725,-1,891,725,889,-1,889,725,727,-1,889,727,729,-1,737,739,883,-1,883,739,741,-1,883,741,881,-1,881,741,743,-1,881,743,879,-1,879,743,745,-1,879,745,877,-1,877,745,747,-1,877,747,875,-1,705,903,703,-1,703,903,905,-1,703,905,701,-1,701,905,907,-1,701,907,699,-1,699,907,670,-1,699,670,697,-1,697,670,673,-1,697,673,695,-1,695,673,675,-1,695,675,693,-1,693,675,677,-1,693,677,691,-1,691,677,679,-1,691,679,689,-1,689,679,686,-1,686,679,681,-1,686,681,683,-1,747,749,875,-1,875,749,751,-1,875,751,873,-1,873,751,753,-1,873,753,871,-1,871,753,755,-1,871,755,869,-1,869,755,757,-1,869,757,867,-1,867,757,865,-1,803,806,801,-1,801,806,809,-1,801,809,799,-1,799,809,811,-1,799,811,797,-1,797,811,813,-1,797,813,795,-1,795,813,815,-1,795,815,793,-1,793,815,817,-1,793,817,791,-1,791,817,819,-1,791,819,789,-1,789,819,821,-1,789,821,787,-1,787,821,823,-1,787,823,785,-1,785,823,825,-1,785,825,783,-1,783,825,827,-1,783,827,781,-1,781,827,829,-1,781,829,779,-1,779,829,831,-1,779,831,833,-1,894,714,896,-1,896,714,712,-1,896,712,898,-1,898,712,710,-1,898,710,900,-1,776,774,836,-1,856,764,858,-1,858,764,762,-1,892,718,894,-1,894,718,716,-1,894,716,714,-1,886,884,732,-1,732,884,734,-1,734,884,882,-1,734,882,736,-1,856,854,764,-1,764,854,852,-1,764,852,766,-1,766,852,850,-1,766,850,768,-1,880,740,882,-1,882,740,738,-1,882,738,736,-1,770,842,772,-1,772,842,840,-1,772,840,774,-1,774,840,838,-1,774,838,836,-1,890,722,892,-1,892,722,720,-1,892,720,718,-1,850,848,768,-1,768,848,846,-1,768,846,770,-1,770,846,844,-1,770,844,842,-1,710,708,900,-1,900,708,706,-1,900,706,902,-1,902,706,704,-1,902,704,904,-1,904,704,702,-1,904,702,906,-1,906,702,700,-1,906,700,671,-1,671,700,698,-1,671,698,672,-1,672,698,696,-1,672,696,674,-1,674,696,694,-1,674,694,676,-1,732,730,886,-1,886,730,728,-1,886,728,888,-1,888,728,726,-1,888,726,890,-1,890,726,724,-1,890,724,722,-1,694,692,676,-1,676,692,690,-1,676,690,678,-1,678,690,688,-1,678,688,680,-1,680,688,687,-1,680,687,682,-1,682,687,684,-1,872,870,754,-1,754,870,868,-1,754,868,756,-1,756,868,866,-1,756,866,758,-1,758,866,864,-1,758,864,760,-1,760,864,862,-1,760,862,762,-1,762,862,860,-1,762,860,858,-1,836,834,776,-1,776,834,832,-1,776,832,778,-1,778,832,830,-1,778,830,780,-1,780,830,828,-1,780,828,782,-1,782,828,826,-1,782,826,784,-1,784,826,824,-1,784,824,786,-1,786,824,822,-1,786,822,788,-1,788,822,820,-1,788,820,790,-1,790,820,818,-1,790,818,792,-1,792,818,816,-1,792,816,794,-1,794,816,814,-1,794,814,796,-1,796,814,812,-1,796,812,798,-1,798,812,810,-1,798,810,800,-1,800,810,808,-1,800,808,802,-1,802,808,807,-1,802,807,804,-1,754,752,872,-1,872,752,750,-1,872,750,874,-1,874,750,748,-1,874,748,876,-1,876,748,746,-1,876,746,878,-1,878,746,744,-1,878,744,880,-1,880,744,742,-1,880,742,740,-1,908,909,910,-1,910,909,911,-1,912,908,913,-1,913,908,910,-1,912,913,914,-1,912,914,915,-1,915,914,916,-1,915,916,917,-1,918,917,919,-1,919,917,916,-1,920,918,921,-1,921,918,919,-1,922,920,923,-1,923,920,921,-1,924,922,925,-1,925,922,923,-1,926,924,927,-1,927,924,925,-1,928,926,929,-1,929,926,927,-1,928,929,930,-1,928,930,931,-1,931,930,932,-1,931,932,933,-1,933,932,934,-1,933,934,935,-1,935,934,936,-1,935,936,937,-1,937,936,938,-1,937,938,939,-1,939,938,940,-1,939,940,941,-1,941,940,942,-1,941,942,943,-1,943,942,944,-1,943,944,945,-1,945,944,946,-1,945,946,947,-1,947,946,948,-1,947,948,949,-1,950,949,951,-1,951,949,948,-1,950,951,952,-1,950,952,953,-1,953,952,954,-1,953,954,955,-1,955,954,956,-1,955,956,957,-1,957,956,958,-1,957,958,959,-1,959,958,960,-1,959,960,961,-1,961,960,962,-1,961,962,963,-1,963,962,964,-1,963,964,965,-1,965,964,966,-1,965,966,967,-1,967,966,968,-1,967,968,969,-1,969,968,970,-1,969,970,971,-1,971,970,972,-1,971,972,973,-1,973,972,974,-1,973,974,975,-1,975,974,976,-1,975,976,977,-1,977,976,978,-1,977,978,979,-1,909,979,911,-1,911,979,978,-1,915,917,979,-1,909,908,979,-1,979,908,912,-1,979,912,915,-1,922,924,920,-1,920,924,926,-1,920,926,918,-1,933,935,967,-1,967,935,965,-1,965,935,937,-1,965,937,963,-1,963,937,939,-1,963,939,961,-1,961,939,959,-1,959,939,941,-1,959,941,957,-1,957,941,943,-1,957,943,955,-1,967,969,933,-1,933,969,971,-1,933,971,931,-1,931,971,973,-1,931,973,928,-1,955,943,953,-1,953,943,945,-1,953,945,950,-1,950,945,947,-1,950,947,949,-1,973,975,928,-1,928,975,977,-1,928,977,926,-1,926,977,979,-1,926,979,918,-1,918,979,917,-1,940,938,960,-1,927,925,923,-1,910,911,913,-1,913,911,978,-1,960,938,962,-1,962,938,936,-1,962,936,964,-1,960,958,940,-1,940,958,956,-1,940,956,942,-1,942,956,954,-1,942,954,944,-1,944,954,952,-1,944,952,946,-1,946,952,951,-1,946,951,948,-1,964,936,966,-1,966,936,934,-1,966,934,968,-1,968,934,932,-1,968,932,970,-1,970,932,930,-1,970,930,972,-1,972,930,974,-1,974,930,929,-1,974,929,976,-1,919,916,978,-1,978,916,914,-1,978,914,913,-1,923,921,927,-1,927,921,919,-1,927,919,929,-1,929,919,978,-1,929,978,976,-1,980,981,982,-1,982,981,983,-1,984,980,985,-1,985,980,982,-1,986,984,987,-1,987,984,985,-1,988,986,989,-1,989,986,987,-1,990,988,991,-1,991,988,989,-1,992,990,993,-1,993,990,991,-1,994,992,995,-1,995,992,993,-1,996,994,997,-1,997,994,995,-1,998,996,999,-1,999,996,997,-1,1000,998,1001,-1,1001,998,999,-1,1002,1000,1003,-1,1003,1000,1001,-1,981,1002,983,-1,983,1002,1003,-1,1002,981,980,-1,980,984,1002,-1,1002,984,986,-1,1002,986,1000,-1,996,998,994,-1,994,998,1000,-1,994,1000,992,-1,992,1000,986,-1,992,986,990,-1,990,986,988,-1,991,989,993,-1,993,989,987,-1,999,997,1001,-1,1001,997,995,-1,982,983,985,-1,985,983,1003,-1,985,1003,987,-1,987,1003,1001,-1,987,1001,993,-1,993,1001,995,-1,1004,1005,1006,-1,1006,1005,1007,-1,1006,1007,1008,-1,1008,1007,1009,-1,1008,1009,1010,-1,1010,1009,1011,-1,1010,1011,1012,-1,1012,1011,1013,-1,1012,1013,1014,-1,1014,1013,1015,-1,1014,1015,1016,-1,1016,1015,1017,-1,1016,1017,1018,-1,1018,1017,1019,-1,1018,1019,1020,-1,1021,1022,1023,-1,1023,1022,1024,-1,1023,1024,1025,-1,1025,1024,1026,-1,1025,1026,1027,-1,1027,1026,1028,-1,1027,1028,1029,-1,1028,1030,1029,-1,1029,1030,1031,-1,1029,1031,1032,-1,1032,1031,1033,-1,1032,1033,1034,-1,1034,1033,1035,-1,1034,1035,1036,-1,1036,1035,1037,-1,1036,1037,1038,-1,1038,1037,1039,-1,1038,1039,1040,-1,1040,1039,1041,-1,1040,1041,1042,-1,1042,1041,1043,-1,1042,1043,1044,-1,1044,1043,1045,-1,1044,1045,1046,-1,1046,1045,1047,-1,1046,1047,1048,-1,1048,1047,1049,-1,1048,1049,1050,-1,1050,1049,1051,-1,1050,1051,1052,-1,1052,1051,1053,-1,1052,1053,1054,-1,1054,1053,1055,-1,1054,1055,1056,-1,1056,1055,1057,-1,1056,1057,1058,-1,1058,1057,1059,-1,1058,1059,1060,-1,1060,1059,1061,-1,1060,1061,1062,-1,1062,1061,1063,-1,1062,1063,1004,-1,1004,1063,1064,-1,1004,1064,1005,-1,1019,1065,1020,-1,1020,1065,1066,-1,1020,1066,1067,-1,1067,1066,1068,-1,1067,1068,1069,-1,1069,1068,1070,-1,1069,1070,1071,-1,1071,1070,1072,-1,1071,1072,1073,-1,1073,1072,1074,-1,1073,1074,1075,-1,1075,1074,1076,-1,1075,1076,1021,-1,1021,1076,1077,-1,1021,1077,1022,-1,1078,1079,1080,-1,1080,1079,1081,-1,1080,1081,1082,-1,1082,1081,1083,-1,1082,1083,1084,-1,1084,1083,1085,-1,1084,1085,1086,-1,1086,1085,1087,-1,1086,1087,1088,-1,1088,1087,1089,-1,1088,1089,1090,-1,1091,1092,1093,-1,1093,1092,1094,-1,1093,1094,1095,-1,1095,1094,1096,-1,1095,1096,1097,-1,1097,1096,1098,-1,1097,1098,1099,-1,1099,1098,1100,-1,1099,1100,1101,-1,1101,1100,1102,-1,1101,1102,1103,-1,1103,1102,1104,-1,1103,1104,1105,-1,1105,1104,1106,-1,1105,1106,1107,-1,1107,1106,1108,-1,1107,1108,1109,-1,1109,1108,1110,-1,1109,1110,1111,-1,1111,1110,1112,-1,1111,1112,1113,-1,1113,1112,1114,-1,1113,1114,1115,-1,1115,1114,1116,-1,1115,1116,1117,-1,1117,1116,1118,-1,1117,1118,1119,-1,1119,1118,1120,-1,1119,1120,1078,-1,1078,1120,1121,-1,1078,1121,1079,-1,1122,1123,1124,-1,1124,1123,1125,-1,1124,1125,1126,-1,1126,1125,1127,-1,1126,1127,1128,-1,1128,1127,1129,-1,1128,1129,1130,-1,1130,1129,1131,-1,1130,1131,1132,-1,1132,1131,1133,-1,1132,1133,1134,-1,1134,1133,1135,-1,1134,1135,1136,-1,1136,1135,1137,-1,1136,1137,1091,-1,1091,1137,1138,-1,1091,1138,1092,-1,1089,1139,1090,-1,1090,1139,1140,-1,1090,1140,1141,-1,1141,1140,1142,-1,1141,1142,1143,-1,1143,1142,1144,-1,1143,1144,1145,-1,1145,1144,1146,-1,1145,1146,1147,-1,1147,1146,1148,-1,1147,1148,1149,-1,1149,1148,1150,-1,1149,1150,1122,-1,1122,1150,1151,-1,1122,1151,1123,-1,1057,1055,1102,-1,1102,1055,1104,-1,1057,1102,1100,-1,1057,1100,1059,-1,1059,1100,1098,-1,1059,1098,1061,-1,1061,1098,1096,-1,1061,1096,1063,-1,1063,1096,1094,-1,1063,1094,1064,-1,1064,1094,1092,-1,1064,1092,1005,-1,1005,1092,1138,-1,1005,1138,1007,-1,1007,1138,1137,-1,1007,1137,1009,-1,1009,1137,1135,-1,1009,1135,1011,-1,1011,1135,1133,-1,1011,1133,1013,-1,1013,1133,1131,-1,1013,1131,1015,-1,1015,1131,1129,-1,1015,1129,1017,-1,1017,1129,1127,-1,1017,1127,1019,-1,1019,1127,1125,-1,1019,1125,1065,-1,1065,1125,1123,-1,1065,1123,1066,-1,1066,1123,1151,-1,1066,1151,1068,-1,1068,1151,1150,-1,1068,1150,1070,-1,1070,1150,1148,-1,1070,1148,1072,-1,1072,1148,1146,-1,1072,1146,1074,-1,1074,1146,1144,-1,1074,1144,1076,-1,1076,1144,1142,-1,1076,1142,1077,-1,1077,1142,1140,-1,1077,1140,1022,-1,1022,1140,1139,-1,1022,1139,1024,-1,1024,1139,1089,-1,1024,1089,1026,-1,1026,1089,1087,-1,1026,1087,1028,-1,1028,1087,1085,-1,1028,1085,1030,-1,1030,1085,1083,-1,1030,1083,1031,-1,1031,1083,1081,-1,1031,1081,1033,-1,1033,1081,1079,-1,1033,1079,1035,-1,1035,1079,1121,-1,1035,1121,1037,-1,1037,1121,1120,-1,1037,1120,1039,-1,1039,1120,1118,-1,1039,1118,1041,-1,1041,1118,1116,-1,1041,1116,1043,-1,1043,1116,1114,-1,1043,1114,1045,-1,1045,1114,1112,-1,1045,1112,1047,-1,1047,1112,1110,-1,1047,1110,1049,-1,1049,1110,1108,-1,1049,1108,1051,-1,1053,1051,1106,-1,1106,1051,1108,-1,1055,1053,1104,-1,1104,1053,1106,-1,1050,1052,1107,-1,1107,1052,1105,-1,1052,1054,1105,-1,1105,1054,1103,-1,1054,1056,1103,-1,1103,1056,1101,-1,1012,1132,1134,-1,1012,1134,1010,-1,1010,1134,1136,-1,1010,1136,1008,-1,1008,1136,1091,-1,1008,1091,1006,-1,1006,1091,1093,-1,1006,1093,1004,-1,1004,1093,1095,-1,1004,1095,1062,-1,1062,1095,1097,-1,1062,1097,1060,-1,1060,1097,1099,-1,1060,1099,1058,-1,1058,1099,1101,-1,1058,1101,1056,-1,1073,1145,1147,-1,1073,1147,1071,-1,1071,1147,1149,-1,1071,1149,1069,-1,1069,1149,1122,-1,1069,1122,1067,-1,1067,1122,1124,-1,1067,1124,1020,-1,1020,1124,1126,-1,1020,1126,1018,-1,1018,1126,1128,-1,1018,1128,1016,-1,1016,1128,1130,-1,1016,1130,1014,-1,1014,1130,1132,-1,1014,1132,1012,-1,1034,1080,1082,-1,1034,1082,1032,-1,1032,1082,1084,-1,1032,1084,1029,-1,1029,1084,1086,-1,1029,1086,1027,-1,1027,1086,1088,-1,1027,1088,1025,-1,1025,1088,1090,-1,1025,1090,1023,-1,1023,1090,1141,-1,1023,1141,1021,-1,1021,1141,1143,-1,1021,1143,1075,-1,1075,1143,1145,-1,1075,1145,1073,-1,1050,1107,1109,-1,1050,1109,1048,-1,1048,1109,1111,-1,1048,1111,1046,-1,1046,1111,1113,-1,1046,1113,1044,-1,1044,1113,1115,-1,1044,1115,1042,-1,1042,1115,1117,-1,1042,1117,1040,-1,1040,1117,1119,-1,1040,1119,1038,-1,1038,1119,1078,-1,1038,1078,1036,-1,1036,1078,1080,-1,1036,1080,1034,-1,1152,1153,1154,-1,1154,1153,1155,-1,1156,1157,1152,-1,1152,1157,1158,-1,1152,1158,1153,-1,1153,1158,1159,-1,1156,1160,1157,-1,1157,1160,1161,-1,1157,1161,1162,-1,1162,1161,1163,-1,1162,1163,1164,-1,1164,1165,1162,-1,1162,1165,1154,-1,1162,1154,1166,-1,1166,1154,1155,-1,1166,1155,1167,-1,1168,1169,1170,-1,1169,1171,1170,-1,1170,1171,1172,-1,1170,1172,1173,-1,1173,1172,1174,-1,1173,1174,1175,-1,1175,1176,1173,-1,1173,1176,1177,-1,1173,1177,1178,-1,1179,1180,1181,-1,1182,1178,1183,-1,1183,1178,1177,-1,1183,1177,1181,-1,1181,1177,1168,-1,1181,1168,1179,-1,1179,1168,1170,-1,1162,1166,1170,-1,1170,1166,1179,-1,1157,1162,1173,-1,1173,1162,1170,-1,1158,1157,1178,-1,1178,1157,1173,-1,1159,1158,1182,-1,1182,1158,1178,-1,1153,1159,1183,-1,1183,1159,1182,-1,1155,1153,1181,-1,1181,1153,1183,-1,1167,1155,1180,-1,1180,1155,1181,-1,1166,1167,1179,-1,1179,1167,1180,-1,1152,1154,1177,-1,1177,1154,1168,-1,1154,1165,1168,-1,1168,1165,1169,-1,1163,1172,1171,-1,1163,1171,1164,-1,1164,1171,1169,-1,1164,1169,1165,-1,1163,1161,1172,-1,1172,1161,1174,-1,1156,1176,1175,-1,1156,1175,1160,-1,1160,1175,1174,-1,1160,1174,1161,-1,1156,1152,1176,-1,1176,1152,1177,-1,1184,1185,1186,-1,1187,1188,1189,-1,1190,1191,1192,-1,1193,1194,1195,-1,1195,1194,1196,-1,1195,1196,1197,-1,1198,1199,1200,-1,1201,1202,1203,-1,1204,1205,1186,-1,1186,1205,1206,-1,1186,1206,1184,-1,1207,1208,1209,-1,1209,1208,1210,-1,1209,1210,1211,-1,1211,1210,1212,-1,1211,1212,1213,-1,1213,1212,1214,-1,1213,1214,1215,-1,1216,1217,1218,-1,1218,1217,1219,-1,1218,1219,1220,-1,1221,1185,1222,-1,1222,1185,1223,-1,1222,1223,1216,-1,1216,1223,1224,-1,1216,1224,1217,-1,1225,1226,1210,-1,1210,1226,1227,-1,1210,1227,1212,-1,1212,1227,1228,-1,1212,1228,1229,-1,1230,1231,1232,-1,1203,1202,1233,-1,1233,1202,1234,-1,1233,1234,1235,-1,1235,1234,1236,-1,1235,1236,1237,-1,1192,1191,1238,-1,1238,1191,1239,-1,1238,1239,1240,-1,1241,1242,1186,-1,1186,1242,1243,-1,1186,1243,1204,-1,1230,1232,1244,-1,1244,1232,1245,-1,1244,1245,1246,-1,1246,1245,1247,-1,1246,1247,1248,-1,1215,1249,1213,-1,1213,1249,1250,-1,1213,1250,1251,-1,1252,1186,1253,-1,1253,1186,1185,-1,1253,1185,1254,-1,1254,1185,1221,-1,1200,1199,1255,-1,1255,1199,1256,-1,1255,1256,1257,-1,1258,1259,1260,-1,1260,1259,1261,-1,1260,1261,1262,-1,1262,1261,1263,-1,1262,1263,1264,-1,1264,1263,1265,-1,1264,1265,1266,-1,1267,1268,1269,-1,1269,1268,1270,-1,1269,1270,1241,-1,1241,1270,1271,-1,1241,1271,1242,-1,1231,1230,1272,-1,1272,1230,1273,-1,1272,1273,1274,-1,1274,1273,1275,-1,1274,1275,1276,-1,1276,1275,1277,-1,1276,1277,1189,-1,1189,1277,1278,-1,1189,1278,1187,-1,1252,1279,1186,-1,1186,1279,1280,-1,1186,1280,1281,-1,1281,1280,1282,-1,1283,1284,1285,-1,1285,1284,1286,-1,1285,1286,1287,-1,1200,1288,1198,-1,1198,1288,1289,-1,1198,1289,1283,-1,1283,1289,1290,-1,1283,1290,1284,-1,1229,1291,1212,-1,1212,1291,1292,-1,1212,1292,1293,-1,1293,1292,1220,-1,1293,1220,1294,-1,1294,1220,1219,-1,1203,1295,1201,-1,1201,1295,1296,-1,1201,1296,1297,-1,1297,1296,1298,-1,1297,1298,1299,-1,1299,1298,1300,-1,1299,1300,1301,-1,1301,1300,1302,-1,1301,1302,1303,-1,1192,1304,1190,-1,1190,1304,1305,-1,1190,1305,1306,-1,1306,1305,1307,-1,1306,1307,1308,-1,1308,1307,1309,-1,1308,1309,1310,-1,1310,1309,1189,-1,1310,1189,1311,-1,1311,1189,1188,-1,1195,1312,1193,-1,1193,1312,1313,-1,1193,1313,1314,-1,1314,1313,1315,-1,1314,1315,1316,-1,1317,1318,1319,-1,1319,1318,1320,-1,1319,1320,1321,-1,1321,1320,1322,-1,1321,1322,1267,-1,1267,1322,1323,-1,1267,1323,1268,-1,1257,1256,1210,-1,1210,1256,1324,-1,1210,1324,1225,-1,1325,1326,1327,-1,1327,1326,1328,-1,1327,1328,1329,-1,1329,1328,1330,-1,1329,1330,1258,-1,1258,1330,1331,-1,1258,1331,1259,-1,1302,1332,1303,-1,1303,1332,1333,-1,1303,1333,1334,-1,1334,1333,1335,-1,1334,1335,1325,-1,1325,1335,1336,-1,1325,1336,1326,-1,1286,1337,1287,-1,1287,1337,1338,-1,1287,1338,1339,-1,1339,1338,1340,-1,1339,1340,1282,-1,1282,1340,1341,-1,1282,1341,1281,-1,1342,1343,1344,-1,1345,1346,1347,-1,1347,1346,1348,-1,1349,1350,1351,-1,1351,1350,1352,-1,1351,1352,1353,-1,1353,1352,1354,-1,1353,1354,1355,-1,1355,1354,1356,-1,1355,1356,1357,-1,1357,1356,1358,-1,1357,1358,1317,-1,1317,1358,1359,-1,1317,1359,1318,-1,1197,1360,1195,-1,1195,1360,1361,-1,1195,1361,1362,-1,1362,1361,1363,-1,1362,1363,1364,-1,1364,1363,1266,-1,1364,1266,1365,-1,1365,1266,1265,-1,1366,1367,1342,-1,1342,1367,1368,-1,1342,1368,1343,-1,1236,1369,1237,-1,1237,1369,1342,-1,1237,1342,1370,-1,1370,1342,1344,-1,1240,1239,1371,-1,1371,1239,1372,-1,1371,1372,1345,-1,1345,1372,1373,-1,1345,1373,1346,-1,1374,1375,1376,-1,1375,1377,1376,-1,1376,1377,1378,-1,1376,1378,1379,-1,1247,1380,1248,-1,1248,1380,1381,-1,1248,1381,1382,-1,1382,1381,1383,-1,1382,1383,1349,-1,1349,1383,1384,-1,1349,1384,1350,-1,1366,1342,1376,-1,1376,1342,1385,-1,1376,1385,1374,-1,1315,1386,1316,-1,1316,1386,1387,-1,1316,1387,1388,-1,1388,1387,1389,-1,1388,1389,1390,-1,1390,1389,1391,-1,1390,1391,1392,-1,1392,1391,1393,-1,1392,1393,1394,-1,1394,1393,1395,-1,1394,1395,1348,-1,1348,1395,1396,-1,1348,1396,1347,-1,1397,1398,1399,-1,1399,1398,1400,-1,1399,1400,1401,-1,1400,1402,1401,-1,1401,1402,1403,-1,1401,1403,1404,-1,1404,1403,1405,-1,1406,1407,1408,-1,1408,1407,1409,-1,1410,1411,1412,-1,1413,1414,1415,-1,1415,1414,1416,-1,1415,1416,1417,-1,1418,1419,1401,-1,1401,1419,1420,-1,1401,1420,1399,-1,1399,1420,1421,-1,1422,1423,1424,-1,1425,1426,1403,-1,1403,1426,1427,-1,1403,1427,1405,-1,1428,1429,1430,-1,1431,1432,1433,-1,1433,1432,1434,-1,1433,1434,1435,-1,1435,1434,1436,-1,1435,1436,1437,-1,1424,1423,1438,-1,1438,1423,1439,-1,1438,1439,1440,-1,1440,1439,1441,-1,1440,1441,1442,-1,1442,1441,1443,-1,1443,1441,1444,-1,1443,1444,1445,-1,1445,1444,1408,-1,1445,1408,1446,-1,1446,1408,1409,-1,1446,1409,1417,-1,1417,1409,1447,-1,1417,1447,1415,-1,1448,1449,1450,-1,1450,1449,1451,-1,1450,1451,1452,-1,1452,1451,1453,-1,1452,1453,1454,-1,1412,1411,1455,-1,1455,1411,1456,-1,1455,1456,1457,-1,1458,1459,1453,-1,1415,1460,1413,-1,1413,1460,1461,-1,1413,1461,1462,-1,1457,1456,1463,-1,1463,1456,1464,-1,1463,1464,1465,-1,1465,1464,1466,-1,1465,1466,1467,-1,1468,1469,1470,-1,1470,1469,1471,-1,1470,1471,1472,-1,1472,1471,1473,-1,1472,1473,1474,-1,1474,1473,1475,-1,1474,1475,1476,-1,1477,1478,1479,-1,1479,1478,1480,-1,1479,1480,1481,-1,1481,1480,1482,-1,1481,1482,1483,-1,1459,1484,1453,-1,1453,1484,1485,-1,1453,1485,1454,-1,1486,1487,1488,-1,1488,1487,1413,-1,1488,1413,1489,-1,1489,1413,1462,-1,1490,1491,1492,-1,1492,1491,1493,-1,1492,1493,1494,-1,1436,1495,1437,-1,1437,1495,1496,-1,1437,1496,1497,-1,1497,1496,1465,-1,1497,1465,1498,-1,1430,1429,1499,-1,1499,1429,1500,-1,1499,1500,1401,-1,1401,1500,1501,-1,1401,1501,1418,-1,1493,1502,1494,-1,1494,1502,1503,-1,1494,1503,1504,-1,1504,1503,1505,-1,1504,1505,1506,-1,1506,1505,1399,-1,1506,1399,1507,-1,1507,1399,1421,-1,1490,1508,1509,-1,1498,1465,1510,-1,1510,1465,1467,-1,1510,1467,1511,-1,1512,1513,1514,-1,1514,1513,1515,-1,1482,1516,1483,-1,1483,1516,1517,-1,1483,1517,1518,-1,1518,1517,1519,-1,1518,1519,1468,-1,1468,1519,1520,-1,1468,1520,1469,-1,1453,1521,1458,-1,1458,1521,1522,-1,1458,1522,1523,-1,1523,1522,1524,-1,1523,1524,1525,-1,1525,1524,1526,-1,1525,1526,1527,-1,1527,1526,1528,-1,1527,1528,1477,-1,1477,1528,1529,-1,1477,1529,1478,-1,1430,1530,1428,-1,1428,1530,1531,-1,1428,1531,1532,-1,1532,1531,1533,-1,1532,1533,1486,-1,1486,1533,1534,-1,1486,1534,1487,-1,1535,1536,1490,-1,1490,1536,1537,-1,1490,1537,1508,-1,1509,1538,1490,-1,1490,1538,1539,-1,1490,1539,1491,-1,1540,1541,1542,-1,1542,1541,1543,-1,1542,1543,1544,-1,1424,1545,1422,-1,1422,1545,1546,-1,1422,1546,1547,-1,1547,1546,1548,-1,1547,1548,1549,-1,1549,1548,1550,-1,1549,1550,1551,-1,1551,1550,1552,-1,1551,1552,1553,-1,1553,1552,1554,-1,1553,1554,1540,-1,1540,1554,1555,-1,1540,1555,1541,-1,1475,1556,1476,-1,1476,1556,1557,-1,1476,1557,1558,-1,1558,1557,1559,-1,1558,1559,1560,-1,1560,1559,1561,-1,1560,1561,1562,-1,1562,1561,1563,-1,1562,1563,1564,-1,1564,1563,1565,-1,1564,1565,1566,-1,1566,1565,1567,-1,1566,1567,1514,-1,1514,1567,1568,-1,1514,1568,1512,-1,1515,1569,1514,-1,1514,1569,1570,-1,1514,1570,1571,-1,1406,1408,1490,-1,1490,1408,1572,-1,1490,1572,1535,-1,1543,1573,1544,-1,1544,1573,1574,-1,1544,1574,1575,-1,1575,1574,1576,-1,1575,1576,1577,-1,1577,1576,1578,-1,1577,1578,1431,-1,1431,1578,1579,-1,1431,1579,1432,-1,1580,1581,1571,-1,1571,1581,1582,-1,1571,1582,1583,-1,1584,1585,1586,-1,1586,1585,1587,-1,1586,1587,1448,-1,1448,1587,1588,-1,1448,1588,1449,-1,1412,1589,1410,-1,1410,1589,1590,-1,1410,1590,1591,-1,1591,1590,1592,-1,1591,1592,1593,-1,1593,1592,1594,-1,1593,1594,1595,-1,1595,1594,1596,-1,1595,1596,1597,-1,1597,1596,1598,-1,1597,1598,1599,-1,1599,1598,1600,-1,1599,1600,1601,-1,1601,1600,1602,-1,1601,1602,1603,-1,1603,1602,1604,-1,1603,1604,1605,-1,1605,1604,1606,-1,1605,1606,1584,-1,1584,1606,1607,-1,1584,1607,1585,-1,1583,1608,1571,-1,1571,1608,1609,-1,1571,1609,1514,-1,1328,1516,1482,-1,1328,1482,1330,-1,1330,1482,1480,-1,1330,1480,1331,-1,1331,1480,1478,-1,1331,1478,1259,-1,1259,1478,1529,-1,1259,1529,1261,-1,1261,1529,1528,-1,1261,1528,1263,-1,1263,1528,1526,-1,1263,1526,1265,-1,1265,1526,1524,-1,1265,1524,1365,-1,1365,1524,1522,-1,1365,1522,1364,-1,1364,1522,1521,-1,1364,1521,1362,-1,1362,1521,1453,-1,1362,1453,1195,-1,1195,1453,1451,-1,1195,1451,1312,-1,1312,1451,1449,-1,1312,1449,1313,-1,1313,1449,1588,-1,1313,1588,1315,-1,1315,1588,1587,-1,1315,1587,1386,-1,1386,1587,1585,-1,1386,1585,1387,-1,1387,1585,1607,-1,1387,1607,1389,-1,1389,1607,1606,-1,1389,1606,1391,-1,1391,1606,1604,-1,1391,1604,1393,-1,1393,1604,1602,-1,1393,1602,1395,-1,1395,1602,1600,-1,1395,1600,1396,-1,1396,1600,1598,-1,1396,1598,1347,-1,1347,1598,1596,-1,1347,1596,1345,-1,1345,1596,1594,-1,1345,1594,1371,-1,1371,1594,1592,-1,1371,1592,1240,-1,1240,1592,1590,-1,1240,1590,1238,-1,1238,1590,1589,-1,1238,1589,1192,-1,1192,1589,1412,-1,1192,1412,1304,-1,1304,1412,1455,-1,1304,1455,1305,-1,1305,1455,1457,-1,1305,1457,1307,-1,1307,1457,1463,-1,1307,1463,1309,-1,1309,1463,1465,-1,1309,1465,1189,-1,1189,1465,1496,-1,1189,1496,1276,-1,1276,1496,1495,-1,1276,1495,1274,-1,1274,1495,1436,-1,1274,1436,1272,-1,1272,1436,1434,-1,1272,1434,1231,-1,1231,1434,1432,-1,1231,1432,1232,-1,1232,1432,1579,-1,1232,1579,1245,-1,1245,1579,1578,-1,1245,1578,1247,-1,1247,1578,1576,-1,1247,1576,1380,-1,1380,1576,1574,-1,1380,1574,1381,-1,1381,1574,1573,-1,1381,1573,1383,-1,1383,1573,1543,-1,1383,1543,1384,-1,1384,1543,1541,-1,1384,1541,1350,-1,1350,1541,1555,-1,1350,1555,1352,-1,1352,1555,1554,-1,1352,1554,1354,-1,1354,1554,1552,-1,1354,1552,1356,-1,1356,1552,1550,-1,1356,1550,1358,-1,1358,1550,1548,-1,1358,1548,1359,-1,1359,1548,1546,-1,1359,1546,1318,-1,1318,1546,1545,-1,1318,1545,1320,-1,1320,1545,1424,-1,1320,1424,1322,-1,1322,1424,1438,-1,1322,1438,1323,-1,1323,1438,1440,-1,1323,1440,1268,-1,1268,1440,1442,-1,1268,1442,1270,-1,1270,1442,1443,-1,1270,1443,1271,-1,1271,1443,1445,-1,1271,1445,1242,-1,1242,1445,1446,-1,1242,1446,1243,-1,1243,1446,1417,-1,1243,1417,1204,-1,1204,1417,1416,-1,1204,1416,1205,-1,1205,1416,1414,-1,1205,1414,1206,-1,1206,1414,1413,-1,1206,1413,1184,-1,1184,1413,1487,-1,1184,1487,1185,-1,1185,1487,1534,-1,1185,1534,1223,-1,1223,1534,1533,-1,1223,1533,1224,-1,1224,1533,1531,-1,1224,1531,1217,-1,1217,1531,1530,-1,1217,1530,1219,-1,1219,1530,1430,-1,1219,1430,1294,-1,1294,1430,1499,-1,1294,1499,1293,-1,1293,1499,1401,-1,1293,1401,1212,-1,1212,1401,1404,-1,1212,1404,1214,-1,1214,1404,1405,-1,1214,1405,1215,-1,1215,1405,1427,-1,1215,1427,1249,-1,1249,1427,1426,-1,1249,1426,1250,-1,1250,1426,1425,-1,1250,1425,1251,-1,1251,1425,1403,-1,1251,1403,1213,-1,1213,1403,1402,-1,1213,1402,1211,-1,1209,1211,1400,-1,1400,1211,1402,-1,1207,1209,1398,-1,1398,1209,1400,-1,1208,1207,1397,-1,1397,1207,1398,-1,1210,1208,1399,-1,1399,1208,1397,-1,1210,1399,1505,-1,1210,1505,1257,-1,1257,1505,1503,-1,1257,1503,1255,-1,1255,1503,1502,-1,1255,1502,1200,-1,1200,1502,1493,-1,1200,1493,1288,-1,1288,1493,1491,-1,1288,1491,1289,-1,1289,1491,1539,-1,1289,1539,1290,-1,1290,1539,1538,-1,1290,1538,1284,-1,1284,1538,1509,-1,1284,1509,1286,-1,1286,1509,1508,-1,1286,1508,1337,-1,1337,1508,1537,-1,1337,1537,1338,-1,1338,1537,1536,-1,1338,1536,1340,-1,1340,1536,1535,-1,1340,1535,1341,-1,1341,1535,1572,-1,1341,1572,1281,-1,1281,1572,1408,-1,1281,1408,1186,-1,1186,1408,1444,-1,1186,1444,1241,-1,1241,1444,1441,-1,1241,1441,1269,-1,1269,1441,1439,-1,1269,1439,1267,-1,1267,1439,1423,-1,1267,1423,1321,-1,1321,1423,1422,-1,1321,1422,1319,-1,1319,1422,1547,-1,1319,1547,1317,-1,1317,1547,1549,-1,1317,1549,1357,-1,1357,1549,1551,-1,1357,1551,1355,-1,1355,1551,1553,-1,1355,1553,1353,-1,1353,1553,1540,-1,1353,1540,1351,-1,1351,1540,1542,-1,1351,1542,1349,-1,1349,1542,1544,-1,1349,1544,1382,-1,1382,1544,1575,-1,1382,1575,1248,-1,1248,1575,1577,-1,1248,1577,1246,-1,1246,1577,1431,-1,1246,1431,1244,-1,1244,1431,1433,-1,1244,1433,1230,-1,1230,1433,1435,-1,1230,1435,1273,-1,1273,1435,1437,-1,1273,1437,1275,-1,1275,1437,1497,-1,1275,1497,1277,-1,1277,1497,1498,-1,1277,1498,1278,-1,1278,1498,1510,-1,1278,1510,1187,-1,1187,1510,1511,-1,1187,1511,1188,-1,1188,1511,1467,-1,1188,1467,1311,-1,1311,1467,1466,-1,1311,1466,1310,-1,1310,1466,1464,-1,1310,1464,1308,-1,1308,1464,1456,-1,1308,1456,1306,-1,1306,1456,1411,-1,1306,1411,1190,-1,1190,1411,1410,-1,1190,1410,1191,-1,1191,1410,1591,-1,1191,1591,1239,-1,1239,1591,1593,-1,1239,1593,1372,-1,1372,1593,1595,-1,1372,1595,1373,-1,1373,1595,1597,-1,1373,1597,1346,-1,1346,1597,1599,-1,1346,1599,1348,-1,1348,1599,1601,-1,1348,1601,1394,-1,1394,1601,1603,-1,1394,1603,1392,-1,1392,1603,1605,-1,1392,1605,1390,-1,1390,1605,1584,-1,1390,1584,1388,-1,1388,1584,1586,-1,1388,1586,1316,-1,1316,1586,1448,-1,1316,1448,1314,-1,1314,1448,1450,-1,1314,1450,1193,-1,1193,1450,1452,-1,1193,1452,1194,-1,1194,1452,1454,-1,1194,1454,1196,-1,1196,1454,1485,-1,1196,1485,1197,-1,1360,1197,1484,-1,1484,1197,1485,-1,1360,1484,1459,-1,1360,1459,1361,-1,1361,1459,1458,-1,1361,1458,1363,-1,1363,1458,1523,-1,1363,1523,1266,-1,1266,1523,1525,-1,1266,1525,1264,-1,1264,1525,1527,-1,1264,1527,1262,-1,1262,1527,1477,-1,1262,1477,1260,-1,1260,1477,1479,-1,1260,1479,1258,-1,1258,1479,1481,-1,1258,1481,1329,-1,1329,1481,1483,-1,1329,1483,1327,-1,1327,1483,1518,-1,1327,1518,1325,-1,1325,1518,1468,-1,1325,1468,1334,-1,1334,1468,1470,-1,1334,1470,1303,-1,1303,1470,1472,-1,1303,1472,1301,-1,1301,1472,1474,-1,1301,1474,1299,-1,1299,1474,1476,-1,1299,1476,1297,-1,1297,1476,1558,-1,1297,1558,1201,-1,1201,1558,1560,-1,1201,1560,1202,-1,1202,1560,1562,-1,1202,1562,1234,-1,1236,1234,1564,-1,1564,1234,1562,-1,1236,1564,1566,-1,1236,1566,1369,-1,1369,1566,1514,-1,1369,1514,1342,-1,1342,1514,1609,-1,1342,1609,1385,-1,1385,1609,1608,-1,1385,1608,1374,-1,1374,1608,1583,-1,1374,1583,1375,-1,1375,1583,1582,-1,1375,1582,1377,-1,1377,1582,1581,-1,1377,1581,1378,-1,1378,1581,1580,-1,1378,1580,1379,-1,1379,1580,1571,-1,1379,1571,1376,-1,1376,1571,1570,-1,1376,1570,1366,-1,1366,1570,1569,-1,1366,1569,1367,-1,1367,1569,1515,-1,1367,1515,1368,-1,1368,1515,1513,-1,1368,1513,1343,-1,1343,1513,1512,-1,1343,1512,1344,-1,1344,1512,1568,-1,1344,1568,1370,-1,1370,1568,1567,-1,1370,1567,1237,-1,1237,1567,1565,-1,1237,1565,1235,-1,1233,1235,1563,-1,1563,1235,1565,-1,1233,1563,1561,-1,1233,1561,1203,-1,1203,1561,1559,-1,1203,1559,1295,-1,1295,1559,1557,-1,1295,1557,1296,-1,1296,1557,1556,-1,1296,1556,1298,-1,1298,1556,1475,-1,1298,1475,1300,-1,1300,1475,1473,-1,1300,1473,1302,-1,1302,1473,1471,-1,1302,1471,1332,-1,1332,1471,1469,-1,1332,1469,1333,-1,1333,1469,1520,-1,1333,1520,1335,-1,1335,1520,1519,-1,1335,1519,1336,-1,1336,1519,1517,-1,1336,1517,1326,-1,1326,1517,1516,-1,1326,1516,1328,-1,1283,1490,1492,-1,1283,1492,1198,-1,1198,1492,1494,-1,1198,1494,1199,-1,1199,1494,1504,-1,1199,1504,1256,-1,1256,1504,1506,-1,1256,1506,1324,-1,1324,1506,1507,-1,1324,1507,1225,-1,1225,1507,1421,-1,1225,1421,1226,-1,1226,1421,1420,-1,1226,1420,1227,-1,1227,1420,1419,-1,1227,1419,1228,-1,1228,1419,1418,-1,1228,1418,1229,-1,1229,1418,1501,-1,1229,1501,1291,-1,1291,1501,1500,-1,1291,1500,1292,-1,1292,1500,1429,-1,1292,1429,1220,-1,1220,1429,1428,-1,1220,1428,1218,-1,1218,1428,1532,-1,1218,1532,1216,-1,1216,1532,1486,-1,1216,1486,1222,-1,1222,1486,1488,-1,1222,1488,1221,-1,1221,1488,1489,-1,1221,1489,1254,-1,1254,1489,1462,-1,1254,1462,1253,-1,1253,1462,1461,-1,1253,1461,1252,-1,1252,1461,1460,-1,1252,1460,1279,-1,1279,1460,1415,-1,1279,1415,1280,-1,1280,1415,1447,-1,1280,1447,1282,-1,1282,1447,1409,-1,1282,1409,1339,-1,1339,1409,1407,-1,1339,1407,1287,-1,1287,1407,1406,-1,1287,1406,1285,-1,1285,1406,1490,-1,1285,1490,1283,-1,
        ]
    }
}