#VRML V2.0 utf8
# 3D model generated by kicad-lcsc-manager
# Based on easyeda2kicad.py v1.0.1

Shape{
    appearance Appearance {
        material  Material {
            diffuseColor 1.0 1.0 1.0
            specularColor 0.8784313725490196 0.8784313725490196 0.8784313725490196
            ambientIntensity 1.0
            transparency 0.0
            shininess 0.5
        }
    }
    geometry IndexedFaceSet {
        ccw TRUE
        solid FALSE
        coord DEF co Coordinate {
            point [
                0.1949 -0.2872 0.1496, 0.1949 -0.2872 0.0866, 0.1949 0.2876 0.1496, 0.1949 0.2876 0.0866, 0.187 0.2955 0.1496, 0.187 0.2955 0.0866, -0.1909 0.2955 0.1496, -0.1909 0.2955 0.0866, -0.1988 0.2876 0.1496, -0.1988 0.2876 0.0866, -0.1988 -0.2872 0.1496, -0.1988 -0.2872 0.0866, -0.1909 -0.2951 0.1496, -0.1909 -0.2951 0.0866, 0.187 -0.2951 0.1496, 0.187 -0.2951 0.0866, 0.187 -0.2872 0.1575, 0.187 0.2876 0.1575, -0.1909 -0.2872 0.1575, -0.1909 0.2876 0.1575, 0.187 0.2876 0.0787, 0.187 -0.2872 0.0787, -0.1909 0.2876 0.0787, -0.1909 -0.2872 0.0787
            ]
        }
        coordIndex [
            0,1,2,-1,2,1,3,-1,4,5,6,-1,6,5,7,-1,8,9,10,-1,10,9,11,-1,12,13,14,-1,14,13,15,-1,16,17,18,-1,18,17,19,-1,20,21,22,-1,22,21,23,-1,
        ]
    }
}
Shape{
    appearance Appearance {
        material  Material {
            diffuseColor 1.0 1.0 1.0
            specularColor 0.5019607843137255 0.5019607843137255 0.5019607843137255
            ambientIntensity 1.0
            transparency 0.0
            shininess 0.5
        }
    }
    geometry IndexedFaceSet {
        ccw TRUE
        solid FALSE
        coord DEF co Coordinate {
            point [
                -0.1988 -0.2872 0.1496, -0.1988 -0.2872 0.0866, -0.1986 -0.2892 0.0866, -0.1986 -0.2892 0.1496, -0.1978 -0.2911 0.0866, -0.1978 -0.2911 0.1496, -0.1965 -0.2928 0.0866, -0.1965 -0.2928 0.1496, -0.1949 -0.294 0.0866, -0.1949 -0.294 0.1496, -0.193 -0.2948 0.0866, -0.193 -0.2948 0.1496, -0.1909 -0.2951 0.0866, -0.1909 -0.2951 0.1496, -0.1909 -0.2948 0.1516, -0.1929 -0.2946 0.1516, -0.1929 -0.2906 0.1564, -0.192 -0.289 0.1572, -0.1924 -0.2886 0.1572, -0.1909 -0.2872 0.1575, -0.193 -0.2872 0.1572, -0.1929 -0.2877 0.1572, -0.1915 -0.2892 0.1572, -0.192 -0.291 0.1564, -0.1924 -0.2926 0.1552, -0.1909 -0.2892 0.1572, -0.1937 -0.29 0.1564, -0.1927 -0.2882 0.1572, -0.1944 -0.2892 0.1564, -0.1947 -0.2882 0.1564, -0.1949 -0.2872 0.1564, -0.1909 -0.2911 0.1564, -0.1909 -0.2928 0.1552, -0.1909 -0.294 0.1535, -0.1937 -0.292 0.1552, -0.1949 -0.2911 0.1552, -0.1958 -0.29 0.1552, -0.1963 -0.2886 0.1552, -0.1965 -0.2872 0.1552, -0.1927 -0.2938 0.1535, -0.1944 -0.2931 0.1535, -0.1958 -0.292 0.1535, -0.1969 -0.2906 0.1535, -0.1975 -0.289 0.1535, -0.1978 -0.2872 0.1535, -0.1947 -0.2938 0.1516, -0.1963 -0.2926 0.1516, -0.1975 -0.291 0.1516, -0.1983 -0.2892 0.1516, -0.1986 -0.2872 0.1516, -0.1929 -0.2946 0.0846, -0.1947 -0.2938 0.0846, -0.1927 -0.2938 0.0827, -0.1944 -0.2931 0.0827, -0.1924 -0.2926 0.081, -0.1937 -0.292 0.081, -0.192 -0.291 0.0798, -0.1929 -0.2906 0.0798, -0.1915 -0.2892 0.079, -0.192 -0.289 0.079, -0.1909 -0.2872 0.0787, -0.1963 -0.2926 0.0846, -0.1958 -0.292 0.0827, -0.1949 -0.2911 0.081, -0.1937 -0.29 0.0798, -0.1924 -0.2886 0.079, -0.1909 -0.2948 0.0846, -0.1909 -0.294 0.0827, -0.1909 -0.2928 0.081, -0.1909 -0.2911 0.0798, -0.1909 -0.2892 0.079, -0.1975 -0.291 0.0846, -0.1983 -0.2892 0.0846, -0.1969 -0.2906 0.0827, -0.1975 -0.289 0.0827, -0.1958 -0.29 0.081, -0.1963 -0.2886 0.081, -0.1944 -0.2892 0.0798, -0.1947 -0.2882 0.0798, -0.1927 -0.2882 0.079, -0.1929 -0.2877 0.079, -0.1986 -0.2872 0.0846, -0.1978 -0.2872 0.0827, -0.1965 -0.2872 0.081, -0.1949 -0.2872 0.0798, -0.193 -0.2872 0.079, 0.187 -0.2872 0.1575, 0.187 -0.2892 0.1572, 0.187 -0.2911 0.1564, 0.187 -0.2928 0.1552, 0.187 -0.294 0.1535, 0.187 -0.2948 0.1516, 0.187 -0.2951 0.1496, -0.1909 0.2876 0.1575, -0.193 0.2876 0.1572, -0.1949 0.2876 0.1564, -0.1965 0.2876 0.1552, -0.1978 0.2876 0.1535, -0.1986 0.2876 0.1516, -0.1988 0.2876 0.1496, -0.1909 0.2955 0.1496, -0.1909 0.2955 0.0866, -0.193 0.2952 0.0866, -0.193 0.2952 0.1496, -0.1949 0.2944 0.0866, -0.1949 0.2944 0.1496, -0.1965 0.2932 0.0866, -0.1965 0.2932 0.1496, -0.1978 0.2915 0.0866, -0.1978 0.2915 0.1496, -0.1986 0.2896 0.0866, -0.1986 0.2896 0.1496, -0.1988 0.2876 0.0866, -0.1909 0.2876 0.0787, -0.193 0.2876 0.079, -0.1949 0.2876 0.0798, -0.1965 0.2876 0.081, -0.1978 0.2876 0.0827, -0.1986 0.2876 0.0846, 0.187 -0.2872 0.0787, 0.187 -0.2892 0.079, 0.187 -0.2911 0.0798, 0.187 -0.2928 0.081, 0.187 -0.294 0.0827, 0.187 -0.2948 0.0846, 0.187 -0.2951 0.0866, 0.189 -0.2948 0.0866, 0.189 -0.2948 0.1496, 0.1909 -0.294 0.0866, 0.1909 -0.294 0.1496, 0.1926 -0.2928 0.0866, 0.1926 -0.2928 0.1496, 0.1938 -0.2911 0.0866, 0.1938 -0.2911 0.1496, 0.1946 -0.2892 0.0866, 0.1946 -0.2892 0.1496, 0.1949 -0.2872 0.0866, 0.1949 -0.2872 0.1496, 0.1946 -0.2872 0.1516, 0.1944 -0.2892 0.1516, 0.1904 -0.2892 0.1564, 0.1888 -0.2882 0.1572, 0.1884 -0.2886 0.1572, 0.1875 -0.2892 0.1572, 0.189 -0.2877 0.1572, 0.1908 -0.2882 0.1564, 0.1924 -0.2886 0.1552, 0.189 -0.2872 0.1572, 0.1898 -0.29 0.1564, 0.188 -0.289 0.1572, 0.189 -0.2906 0.1564, 0.188 -0.291 0.1564, 0.1909 -0.2872 0.1564, 0.1926 -0.2872 0.1552, 0.1938 -0.2872 0.1535, 0.1918 -0.29 0.1552, 0.1909 -0.2911 0.1552, 0.1898 -0.292 0.1552, 0.1884 -0.2926 0.1552, 0.1936 -0.289 0.1535, 0.1929 -0.2906 0.1535, 0.1918 -0.292 0.1535, 0.1904 -0.2931 0.1535, 0.1888 -0.2938 0.1535, 0.1936 -0.291 0.1516, 0.1924 -0.2926 0.1516, 0.1908 -0.2938 0.1516, 0.189 -0.2946 0.1516, -0.1983 0.2896 0.1516, -0.1944 0.2896 0.1564, -0.1927 0.2886 0.1572, -0.1924 0.289 0.1572, -0.1909 0.2896 0.1572, -0.1915 0.2896 0.1572, -0.1929 0.2881 0.1572, -0.1947 0.2886 0.1564, -0.1963 0.289 0.1552, -0.1937 0.2904 0.1564, -0.192 0.2894 0.1572, -0.1929 0.291 0.1564, -0.192 0.2914 0.1564, -0.1909 0.2915 0.1564, -0.1958 0.2904 0.1552, -0.1949 0.2915 0.1552, -0.1937 0.2924 0.1552, -0.1924 0.293 0.1552, -0.1909 0.2932 0.1552, -0.1975 0.2894 0.1535, -0.1969 0.291 0.1535, -0.1958 0.2924 0.1535, -0.1944 0.2935 0.1535, -0.1927 0.2942 0.1535, -0.1909 0.2944 0.1535, -0.1975 0.2914 0.1516, -0.1963 0.293 0.1516, -0.1947 0.2942 0.1516, -0.1929 0.2949 0.1516, -0.1909 0.2952 0.1516, -0.1983 0.2896 0.0846, -0.1975 0.2914 0.0846, -0.1975 0.2894 0.0827, -0.1969 0.291 0.0827, -0.1963 0.289 0.081, -0.1958 0.2904 0.081, -0.1947 0.2886 0.0798, -0.1944 0.2896 0.0798, -0.1929 0.2881 0.079, -0.1927 0.2886 0.079, -0.1963 0.293 0.0846, -0.1958 0.2924 0.0827, -0.1949 0.2915 0.081, -0.1937 0.2904 0.0798, -0.1924 0.289 0.079, -0.1947 0.2942 0.0846, -0.1929 0.2949 0.0846, -0.1944 0.2935 0.0827, -0.1927 0.2942 0.0827, -0.1937 0.2924 0.081, -0.1924 0.293 0.081, -0.1929 0.291 0.0798, -0.192 0.2914 0.0798, -0.192 0.2894 0.079, -0.1915 0.2896 0.079, -0.1909 0.2952 0.0846, -0.1909 0.2944 0.0827, -0.1909 0.2932 0.081, -0.1909 0.2915 0.0798, -0.1909 0.2896 0.079, 0.1944 -0.2892 0.0846, 0.1936 -0.291 0.0846, 0.1936 -0.289 0.0827, 0.1929 -0.2906 0.0827, 0.1924 -0.2886 0.081, 0.1918 -0.29 0.081, 0.1908 -0.2882 0.0798, 0.1904 -0.2892 0.0798, 0.189 -0.2877 0.079, 0.1888 -0.2882 0.079, 0.1924 -0.2926 0.0846, 0.1918 -0.292 0.0827, 0.1909 -0.2911 0.081, 0.1898 -0.29 0.0798, 0.1884 -0.2886 0.079, 0.1946 -0.2872 0.0846, 0.1938 -0.2872 0.0827, 0.1926 -0.2872 0.081, 0.1909 -0.2872 0.0798, 0.189 -0.2872 0.079, 0.1908 -0.2938 0.0846, 0.189 -0.2946 0.0846, 0.1904 -0.2931 0.0827, 0.1888 -0.2938 0.0827, 0.1898 -0.292 0.081, 0.1884 -0.2926 0.081, 0.189 -0.2906 0.0798, 0.188 -0.291 0.0798, 0.188 -0.289 0.079, 0.1875 -0.2892 0.079, 0.187 0.2876 0.1575, 0.189 0.2876 0.1572, 0.1909 0.2876 0.1564, 0.1926 0.2876 0.1552, 0.1938 0.2876 0.1535, 0.1946 0.2876 0.1516, 0.1949 0.2876 0.1496, 0.187 0.2896 0.1572, 0.187 0.2915 0.1564, 0.187 0.2932 0.1552, 0.187 0.2944 0.1535, 0.187 0.2952 0.1516, 0.187 0.2955 0.1496, 0.187 0.2876 0.0787, 0.187 0.2896 0.079, 0.187 0.2915 0.0798, 0.187 0.2932 0.081, 0.187 0.2944 0.0827, 0.187 0.2952 0.0846, 0.187 0.2955 0.0866, 0.189 0.2876 0.079, 0.1909 0.2876 0.0798, 0.1926 0.2876 0.081, 0.1938 0.2876 0.0827, 0.1946 0.2876 0.0846, 0.1949 0.2876 0.0866, 0.189 0.2949 0.1516, 0.189 0.291 0.1564, 0.188 0.2894 0.1572, 0.1884 0.289 0.1572, 0.189 0.2881 0.1572, 0.1875 0.2896 0.1572, 0.188 0.2914 0.1564, 0.1884 0.293 0.1552, 0.1898 0.2904 0.1564, 0.1888 0.2886 0.1572, 0.1904 0.2896 0.1564, 0.1908 0.2886 0.1564, 0.1898 0.2924 0.1552, 0.1909 0.2915 0.1552, 0.1918 0.2904 0.1552, 0.1924 0.289 0.1552, 0.1888 0.2942 0.1535, 0.1904 0.2935 0.1535, 0.1918 0.2924 0.1535, 0.1929 0.291 0.1535, 0.1936 0.2894 0.1535, 0.1908 0.2942 0.1516, 0.1924 0.293 0.1516, 0.1936 0.2914 0.1516, 0.1944 0.2896 0.1516, 0.189 0.2952 0.1496, 0.1909 0.2944 0.1496, 0.1926 0.2932 0.1496, 0.1938 0.2915 0.1496, 0.1946 0.2896 0.1496, 0.189 0.2881 0.079, 0.1888 0.2885 0.079, 0.1886 0.2889 0.079, 0.1883 0.2892 0.079, 0.1879 0.2894 0.079, 0.1875 0.2896 0.079, 0.1879 0.2914 0.0798, 0.1882 0.293 0.081, 0.1885 0.2942 0.0827, 0.1887 0.295 0.0846, 0.1888 0.2953 0.0866, 0.189 0.2952 0.0866, 0.1903 0.2945 0.0846, 0.1904 0.2947 0.0866, 0.1909 0.2944 0.0866, 0.1918 0.2935 0.0846, 0.1919 0.2938 0.0866, 0.1925 0.2931 0.0866, 0.193 0.2923 0.0846, 0.1932 0.2925 0.0866, 0.1938 0.2915 0.0866, 0.1939 0.2909 0.0846, 0.1941 0.291 0.0866, 0.1946 0.2896 0.0866, 0.1944 0.2893 0.0846, 0.1947 0.2894 0.0866, 0.19 0.2937 0.0827, 0.1913 0.2929 0.0827, 0.1923 0.2918 0.0827, 0.1932 0.2906 0.0827, 0.1937 0.2891 0.0827, 0.1894 0.2926 0.081, 0.1905 0.292 0.081, 0.1914 0.2911 0.081, 0.192 0.29 0.081, 0.1924 0.2888 0.081, 0.1887 0.2911 0.0798, 0.1895 0.2907 0.0798, 0.1901 0.2901 0.0798, 0.1906 0.2893 0.0798, 0.1908 0.2885 0.0798
            ]
        }
        coordIndex [
            0,1,2,-1,0,2,3,-1,3,2,4,-1,3,4,5,-1,5,4,6,-1,5,6,7,-1,7,6,8,-1,7,8,9,-1,9,8,10,-1,9,10,11,-1,11,10,12,-1,11,12,13,-1,13,14,15,-1,16,17,18,-1,19,20,21,-1,18,17,19,-1,22,19,17,-1,22,17,23,-1,23,17,16,-1,23,16,24,-1,25,19,22,-1,26,27,28,-1,28,27,21,-1,28,21,29,-1,29,21,20,-1,29,20,30,-1,25,22,31,-1,31,22,23,-1,31,23,32,-1,32,23,24,-1,32,24,33,-1,34,26,35,-1,35,26,28,-1,35,28,36,-1,36,28,29,-1,36,29,37,-1,37,29,30,-1,37,30,38,-1,39,34,40,-1,40,34,35,-1,40,35,41,-1,41,35,36,-1,41,36,42,-1,42,36,37,-1,42,37,43,-1,43,37,38,-1,43,38,44,-1,14,39,15,-1,15,39,40,-1,15,40,45,-1,45,40,41,-1,45,41,46,-1,46,41,42,-1,46,42,47,-1,47,42,43,-1,47,43,48,-1,48,43,44,-1,48,44,49,-1,13,15,11,-1,11,15,45,-1,11,45,9,-1,9,45,46,-1,9,46,7,-1,7,46,47,-1,7,47,5,-1,5,47,48,-1,5,48,3,-1,3,48,49,-1,3,49,0,-1,27,19,21,-1,14,33,39,-1,39,33,24,-1,39,24,34,-1,34,24,16,-1,34,16,26,-1,26,16,18,-1,26,18,27,-1,27,18,19,-1,10,8,50,-1,50,8,51,-1,50,51,52,-1,52,51,53,-1,52,53,54,-1,54,53,55,-1,54,55,56,-1,56,55,57,-1,56,57,58,-1,58,57,59,-1,58,59,60,-1,8,6,51,-1,51,6,61,-1,51,61,53,-1,53,61,62,-1,53,62,55,-1,55,62,63,-1,55,63,57,-1,57,63,64,-1,57,64,59,-1,59,64,65,-1,59,65,60,-1,12,10,66,-1,66,10,50,-1,66,50,67,-1,67,50,52,-1,67,52,68,-1,68,52,54,-1,68,54,69,-1,69,54,56,-1,69,56,70,-1,70,56,58,-1,70,58,60,-1,4,2,71,-1,71,2,72,-1,71,72,73,-1,73,72,74,-1,73,74,75,-1,75,74,76,-1,75,76,77,-1,77,76,78,-1,77,78,79,-1,79,78,80,-1,79,80,60,-1,2,1,72,-1,72,1,81,-1,72,81,74,-1,74,81,82,-1,74,82,76,-1,76,82,83,-1,76,83,78,-1,78,83,84,-1,78,84,80,-1,80,84,85,-1,80,85,60,-1,6,4,61,-1,61,4,71,-1,61,71,62,-1,62,71,73,-1,62,73,63,-1,63,73,75,-1,63,75,64,-1,64,75,77,-1,64,77,65,-1,65,77,79,-1,65,79,60,-1,86,19,25,-1,86,25,87,-1,87,25,31,-1,87,31,88,-1,88,31,32,-1,88,32,89,-1,89,32,33,-1,89,33,90,-1,90,33,14,-1,90,14,91,-1,91,14,13,-1,91,13,92,-1,19,93,94,-1,19,94,20,-1,20,94,95,-1,20,95,30,-1,30,95,96,-1,30,96,38,-1,38,96,97,-1,38,97,44,-1,44,97,98,-1,44,98,49,-1,49,98,99,-1,49,99,0,-1,100,101,102,-1,100,102,103,-1,103,102,104,-1,103,104,105,-1,105,104,106,-1,105,106,107,-1,107,106,108,-1,107,108,109,-1,109,108,110,-1,109,110,111,-1,111,110,112,-1,111,112,99,-1,113,60,85,-1,113,85,114,-1,114,85,84,-1,114,84,115,-1,115,84,83,-1,115,83,116,-1,116,83,82,-1,116,82,117,-1,117,82,81,-1,117,81,118,-1,118,81,1,-1,118,1,112,-1,60,119,120,-1,60,120,70,-1,70,120,121,-1,70,121,69,-1,69,121,122,-1,69,122,68,-1,68,122,123,-1,68,123,67,-1,67,123,124,-1,67,124,66,-1,66,124,125,-1,66,125,12,-1,92,125,126,-1,92,126,127,-1,127,126,128,-1,127,128,129,-1,129,128,130,-1,129,130,131,-1,131,130,132,-1,131,132,133,-1,133,132,134,-1,133,134,135,-1,135,134,136,-1,135,136,137,-1,137,138,139,-1,140,141,142,-1,86,87,143,-1,142,141,86,-1,144,86,141,-1,144,141,145,-1,145,141,140,-1,145,140,146,-1,147,86,144,-1,148,149,150,-1,150,149,143,-1,150,143,151,-1,151,143,87,-1,151,87,88,-1,147,144,152,-1,152,144,145,-1,152,145,153,-1,153,145,146,-1,153,146,154,-1,155,148,156,-1,156,148,150,-1,156,150,157,-1,157,150,151,-1,157,151,158,-1,158,151,88,-1,158,88,89,-1,159,155,160,-1,160,155,156,-1,160,156,161,-1,161,156,157,-1,161,157,162,-1,162,157,158,-1,162,158,163,-1,163,158,89,-1,163,89,90,-1,138,159,139,-1,139,159,160,-1,139,160,164,-1,164,160,161,-1,164,161,165,-1,165,161,162,-1,165,162,166,-1,166,162,163,-1,166,163,167,-1,167,163,90,-1,167,90,91,-1,137,139,135,-1,135,139,164,-1,135,164,133,-1,133,164,165,-1,133,165,131,-1,131,165,166,-1,131,166,129,-1,129,166,167,-1,129,167,127,-1,127,167,91,-1,127,91,92,-1,149,86,143,-1,138,154,159,-1,159,154,146,-1,159,146,155,-1,155,146,140,-1,155,140,148,-1,148,140,142,-1,148,142,149,-1,149,142,86,-1,99,98,168,-1,169,170,171,-1,93,172,173,-1,171,170,93,-1,174,93,170,-1,174,170,175,-1,175,170,169,-1,175,169,176,-1,94,93,174,-1,177,178,179,-1,179,178,173,-1,179,173,180,-1,180,173,172,-1,180,172,181,-1,94,174,95,-1,95,174,175,-1,95,175,96,-1,96,175,176,-1,96,176,97,-1,182,177,183,-1,183,177,179,-1,183,179,184,-1,184,179,180,-1,184,180,185,-1,185,180,181,-1,185,181,186,-1,187,182,188,-1,188,182,183,-1,188,183,189,-1,189,183,184,-1,189,184,190,-1,190,184,185,-1,190,185,191,-1,191,185,186,-1,191,186,192,-1,98,187,168,-1,168,187,188,-1,168,188,193,-1,193,188,189,-1,193,189,194,-1,194,189,190,-1,194,190,195,-1,195,190,191,-1,195,191,196,-1,196,191,192,-1,196,192,197,-1,99,168,111,-1,111,168,193,-1,111,193,109,-1,109,193,194,-1,109,194,107,-1,107,194,195,-1,107,195,105,-1,105,195,196,-1,105,196,103,-1,103,196,197,-1,103,197,100,-1,178,93,173,-1,98,97,187,-1,187,97,176,-1,187,176,182,-1,182,176,169,-1,182,169,177,-1,177,169,171,-1,177,171,178,-1,178,171,93,-1,110,108,198,-1,198,108,199,-1,198,199,200,-1,200,199,201,-1,200,201,202,-1,202,201,203,-1,202,203,204,-1,204,203,205,-1,204,205,206,-1,206,205,207,-1,206,207,113,-1,108,106,199,-1,199,106,208,-1,199,208,201,-1,201,208,209,-1,201,209,203,-1,203,209,210,-1,203,210,205,-1,205,210,211,-1,205,211,207,-1,207,211,212,-1,207,212,113,-1,112,110,118,-1,118,110,198,-1,118,198,117,-1,117,198,200,-1,117,200,116,-1,116,200,202,-1,116,202,115,-1,115,202,204,-1,115,204,114,-1,114,204,206,-1,114,206,113,-1,104,102,213,-1,213,102,214,-1,213,214,215,-1,215,214,216,-1,215,216,217,-1,217,216,218,-1,217,218,219,-1,219,218,220,-1,219,220,221,-1,221,220,222,-1,221,222,113,-1,102,101,214,-1,214,101,223,-1,214,223,216,-1,216,223,224,-1,216,224,218,-1,218,224,225,-1,218,225,220,-1,220,225,226,-1,220,226,222,-1,222,226,227,-1,222,227,113,-1,106,104,208,-1,208,104,213,-1,208,213,209,-1,209,213,215,-1,209,215,210,-1,210,215,217,-1,210,217,211,-1,211,217,219,-1,211,219,212,-1,212,219,221,-1,212,221,113,-1,134,132,228,-1,228,132,229,-1,228,229,230,-1,230,229,231,-1,230,231,232,-1,232,231,233,-1,232,233,234,-1,234,233,235,-1,234,235,236,-1,236,235,237,-1,236,237,119,-1,132,130,229,-1,229,130,238,-1,229,238,231,-1,231,238,239,-1,231,239,233,-1,233,239,240,-1,233,240,235,-1,235,240,241,-1,235,241,237,-1,237,241,242,-1,237,242,119,-1,136,134,243,-1,243,134,228,-1,243,228,244,-1,244,228,230,-1,244,230,245,-1,245,230,232,-1,245,232,246,-1,246,232,234,-1,246,234,247,-1,247,234,236,-1,247,236,119,-1,128,126,248,-1,248,126,249,-1,248,249,250,-1,250,249,251,-1,250,251,252,-1,252,251,253,-1,252,253,254,-1,254,253,255,-1,254,255,256,-1,256,255,257,-1,256,257,119,-1,126,125,249,-1,249,125,124,-1,249,124,251,-1,251,124,123,-1,251,123,253,-1,253,123,122,-1,253,122,255,-1,255,122,121,-1,255,121,257,-1,257,121,120,-1,257,120,119,-1,130,128,238,-1,238,128,248,-1,238,248,239,-1,239,248,250,-1,239,250,240,-1,240,250,252,-1,240,252,241,-1,241,252,254,-1,241,254,242,-1,242,254,256,-1,242,256,119,-1,258,86,147,-1,258,147,259,-1,259,147,152,-1,259,152,260,-1,260,152,153,-1,260,153,261,-1,261,153,154,-1,261,154,262,-1,262,154,138,-1,262,138,263,-1,263,138,137,-1,263,137,264,-1,93,258,265,-1,93,265,172,-1,172,265,266,-1,172,266,181,-1,181,266,267,-1,181,267,186,-1,186,267,268,-1,186,268,192,-1,192,268,269,-1,192,269,197,-1,197,269,270,-1,197,270,100,-1,271,113,227,-1,271,227,272,-1,272,227,226,-1,272,226,273,-1,273,226,225,-1,273,225,274,-1,274,225,224,-1,274,224,275,-1,275,224,223,-1,275,223,276,-1,276,223,101,-1,276,101,277,-1,119,271,278,-1,119,278,247,-1,247,278,279,-1,247,279,246,-1,246,279,280,-1,246,280,245,-1,245,280,281,-1,245,281,244,-1,244,281,282,-1,244,282,243,-1,243,282,283,-1,243,283,136,-1,270,269,284,-1,285,286,287,-1,258,259,288,-1,287,286,258,-1,289,258,286,-1,289,286,290,-1,290,286,285,-1,290,285,291,-1,265,258,289,-1,292,293,294,-1,294,293,288,-1,294,288,295,-1,295,288,259,-1,295,259,260,-1,265,289,266,-1,266,289,290,-1,266,290,267,-1,267,290,291,-1,267,291,268,-1,296,292,297,-1,297,292,294,-1,297,294,298,-1,298,294,295,-1,298,295,299,-1,299,295,260,-1,299,260,261,-1,300,296,301,-1,301,296,297,-1,301,297,302,-1,302,297,298,-1,302,298,303,-1,303,298,299,-1,303,299,304,-1,304,299,261,-1,304,261,262,-1,269,300,284,-1,284,300,301,-1,284,301,305,-1,305,301,302,-1,305,302,306,-1,306,302,303,-1,306,303,307,-1,307,303,304,-1,307,304,308,-1,308,304,262,-1,308,262,263,-1,270,284,309,-1,309,284,305,-1,309,305,310,-1,310,305,306,-1,310,306,311,-1,311,306,307,-1,311,307,312,-1,312,307,308,-1,312,308,313,-1,313,308,263,-1,313,263,264,-1,293,258,288,-1,269,268,300,-1,300,268,291,-1,300,291,296,-1,296,291,285,-1,296,285,292,-1,292,285,287,-1,292,287,293,-1,293,287,258,-1,314,278,271,-1,314,271,315,-1,316,315,271,-1,317,316,271,-1,318,317,271,-1,319,318,271,-1,272,319,271,-1,272,273,320,-1,273,274,321,-1,274,275,322,-1,275,276,323,-1,276,277,324,-1,276,324,323,-1,323,324,325,-1,323,325,326,-1,325,327,326,-1,326,327,328,-1,326,328,329,-1,328,330,329,-1,329,330,331,-1,329,331,332,-1,331,333,332,-1,332,333,334,-1,332,334,335,-1,334,336,335,-1,335,336,337,-1,335,337,338,-1,337,339,338,-1,338,339,283,-1,338,283,282,-1,275,323,322,-1,322,323,326,-1,322,326,340,-1,340,326,329,-1,340,329,341,-1,341,329,332,-1,341,332,342,-1,342,332,335,-1,342,335,343,-1,343,335,338,-1,343,338,344,-1,344,338,282,-1,344,282,281,-1,274,322,321,-1,321,322,340,-1,321,340,345,-1,345,340,341,-1,345,341,346,-1,346,341,342,-1,346,342,347,-1,347,342,343,-1,347,343,348,-1,348,343,344,-1,348,344,349,-1,349,344,281,-1,349,281,280,-1,273,321,320,-1,320,321,345,-1,320,345,350,-1,350,345,346,-1,350,346,351,-1,351,346,347,-1,351,347,352,-1,352,347,348,-1,352,348,353,-1,353,348,349,-1,353,349,354,-1,354,349,280,-1,354,280,279,-1,272,320,319,-1,319,320,350,-1,319,350,318,-1,318,350,351,-1,318,351,317,-1,317,351,352,-1,317,352,316,-1,316,352,353,-1,316,353,315,-1,315,353,354,-1,315,354,314,-1,314,354,279,-1,314,279,278,-1,283,339,264,-1,264,339,313,-1,339,337,313,-1,313,337,336,-1,313,336,312,-1,336,334,312,-1,312,334,333,-1,312,333,311,-1,333,331,311,-1,311,331,330,-1,311,330,310,-1,330,328,310,-1,310,328,327,-1,310,327,309,-1,309,327,325,-1,309,325,270,-1,270,325,324,-1,270,324,277,-1,
        ]
    }
}
Shape{
    appearance Appearance {
        material  Material {
            diffuseColor 0.7529411764705882 0.7529411764705882 0.7529411764705882
            specularColor 0.3764705882352941 0.3764705882352941 0.3764705882352941
            ambientIntensity 0.7529
            transparency 0.0
            shininess 0.5
        }
    }
    geometry IndexedFaceSet {
        ccw TRUE
        solid FALSE
        coord DEF co Coordinate {
            point [
                0.2736 -0.1653 0.0, 0.2736 -0.1653 0.0079, 0.2741 -0.1697 0.0, 0.2741 -0.1697 0.0079, 0.2756 -0.1739 0.0, 0.2756 -0.1739 0.0079, 0.2779 -0.1776 0.0, 0.2779 -0.1776 0.0079, 0.281 -0.1807 0.0, 0.281 -0.1807 0.0079, 0.2848 -0.183 0.0, 0.2848 -0.183 0.0079, 0.2889 -0.1845 0.0, 0.2889 -0.1845 0.0079, 0.2933 -0.185 0.0, 0.2933 -0.185 0.0079, 0.313 -0.185 0.0, 0.313 -0.185 0.0079, 0.313 -0.2557 0.0, 0.313 -0.2557 0.0079, 0.3062 -0.2563 0.0, 0.3062 -0.2563 0.0079, 0.2995 -0.2581 0.0, 0.2995 -0.2581 0.0079, 0.2933 -0.261 0.0, 0.2933 -0.261 0.0079, 0.2877 -0.2649 0.0, 0.2877 -0.2649 0.0079, 0.2828 -0.2698 0.0, 0.2828 -0.2698 0.0079, 0.2789 -0.2754 0.0, 0.2789 -0.2754 0.0079, 0.276 -0.2816 0.0, 0.276 -0.2816 0.0079, 0.2742 -0.2882 0.0, 0.2742 -0.2882 0.0079, 0.2736 -0.2951 0.0, 0.2736 -0.2951 0.0079, 0.2051 -0.2951 0.0, 0.2051 -0.2951 0.0079, 0.2051 -0.2754 0.0, 0.2051 -0.2754 0.0079, 0.2046 -0.271 0.0, 0.2046 -0.271 0.0079, 0.2032 -0.2669 0.0, 0.2032 -0.2669 0.0079, 0.2008 -0.2631 0.0, 0.2008 -0.2631 0.0079, 0.1977 -0.26 0.0, 0.1977 -0.26 0.0079, 0.194 -0.2577 0.0, 0.194 -0.2577 0.0079, 0.1898 -0.2562 0.0, 0.1898 -0.2562 0.0079, 0.1854 -0.2557 0.0, 0.1854 -0.2557 0.0079, 0.1358 -0.2557 0.0, 0.1358 -0.2557 0.0079, 0.1314 -0.2552 0.0079, 0.1314 -0.2552 0.0, 0.1273 -0.2538 0.0079, 0.1273 -0.2538 0.0, 0.1236 -0.2514 0.0079, 0.1236 -0.2514 0.0, 0.1204 -0.2483 0.0079, 0.1204 -0.2483 0.0, 0.1181 -0.2446 0.0079, 0.1181 -0.2446 0.0, 0.1166 -0.2404 0.0079, 0.1166 -0.2404 0.0, 0.1161 -0.236 0.0079, 0.1161 -0.236 0.0, 0.1161 -0.0785 0.0, 0.1161 -0.0785 0.0079, 0.2539 -0.0785 0.0, 0.2539 -0.0785 0.0079, 0.2583 -0.079 0.0079, 0.2583 -0.079 0.0, 0.2625 -0.0805 0.0079, 0.2625 -0.0805 0.0, 0.2662 -0.0828 0.0079, 0.2662 -0.0828 0.0, 0.2693 -0.086 0.0079, 0.2693 -0.086 0.0, 0.2717 -0.0897 0.0079, 0.2717 -0.0897 0.0, 0.2731 -0.0938 0.0079, 0.2731 -0.0938 0.0, 0.2736 -0.0982 0.0079, 0.2736 -0.0982 0.0
            ]
        }
        coordIndex [
            0,1,2,-1,2,1,3,-1,2,3,4,-1,4,3,5,-1,4,5,6,-1,6,5,7,-1,6,7,8,-1,8,7,9,-1,8,9,10,-1,10,9,11,-1,10,11,12,-1,12,11,13,-1,12,13,14,-1,14,13,15,-1,16,14,17,-1,17,14,15,-1,18,16,19,-1,19,16,17,-1,18,19,20,-1,20,19,21,-1,20,21,22,-1,22,21,23,-1,22,23,24,-1,24,23,25,-1,24,25,26,-1,26,25,27,-1,26,27,28,-1,28,27,29,-1,28,29,30,-1,30,29,31,-1,30,31,32,-1,32,31,33,-1,32,33,34,-1,34,33,35,-1,34,35,36,-1,36,35,37,-1,38,36,39,-1,39,36,37,-1,40,38,41,-1,41,38,39,-1,40,41,42,-1,42,41,43,-1,42,43,44,-1,44,43,45,-1,44,45,46,-1,46,45,47,-1,46,47,48,-1,48,47,49,-1,48,49,50,-1,50,49,51,-1,50,51,52,-1,52,51,53,-1,52,53,54,-1,54,53,55,-1,56,54,57,-1,57,54,55,-1,56,57,58,-1,56,58,59,-1,59,58,60,-1,59,60,61,-1,61,60,62,-1,61,62,63,-1,63,62,64,-1,63,64,65,-1,65,64,66,-1,65,66,67,-1,67,66,68,-1,67,68,69,-1,69,68,70,-1,69,70,71,-1,72,71,73,-1,73,71,70,-1,74,72,75,-1,75,72,73,-1,74,75,76,-1,74,76,77,-1,77,76,78,-1,77,78,79,-1,79,78,80,-1,79,80,81,-1,81,80,82,-1,81,82,83,-1,83,82,84,-1,83,84,85,-1,85,84,86,-1,85,86,87,-1,87,86,88,-1,87,88,89,-1,0,89,1,-1,1,89,88,-1,20,42,44,-1,2,4,52,-1,2,52,0,-1,36,38,34,-1,34,38,40,-1,34,40,32,-1,32,40,42,-1,87,89,74,-1,44,10,12,-1,20,22,42,-1,42,22,24,-1,42,24,26,-1,56,72,54,-1,54,72,74,-1,54,74,52,-1,52,74,89,-1,52,89,0,-1,18,20,16,-1,16,20,44,-1,16,44,14,-1,14,44,12,-1,59,69,56,-1,56,69,71,-1,56,71,72,-1,26,28,42,-1,42,28,30,-1,42,30,32,-1,10,44,8,-1,8,44,46,-1,8,46,6,-1,6,46,48,-1,6,48,4,-1,4,48,50,-1,4,50,52,-1,59,61,69,-1,69,61,63,-1,69,63,67,-1,67,63,65,-1,79,81,77,-1,77,81,83,-1,77,83,74,-1,74,83,85,-1,74,85,87,-1,55,53,75,-1,55,75,57,-1,21,19,17,-1,75,73,57,-1,57,73,70,-1,57,70,68,-1,13,11,45,-1,45,11,9,-1,45,9,47,-1,49,5,51,-1,51,5,53,-1,39,37,41,-1,41,37,35,-1,41,35,43,-1,23,21,43,-1,43,21,17,-1,43,17,45,-1,45,17,15,-1,45,15,13,-1,35,33,43,-1,43,33,31,-1,43,31,29,-1,64,62,66,-1,66,62,60,-1,66,60,68,-1,68,60,58,-1,68,58,57,-1,47,9,49,-1,49,9,7,-1,49,7,5,-1,5,3,53,-1,53,3,1,-1,53,1,75,-1,75,1,88,-1,75,88,86,-1,29,27,43,-1,43,27,25,-1,43,25,23,-1,86,84,75,-1,75,84,82,-1,75,82,76,-1,76,82,80,-1,76,80,78,-1,
        ]
    }
}
Shape{
    appearance Appearance {
        material  Material {
            diffuseColor 0.9882352941176471 0.7372549019607844 0.5176470588235295
            specularColor 0.49411764705882355 0.3686274509803922 0.25882352941176473
            ambientIntensity 0.7873
            transparency 0.0
            shininess 0.5
        }
    }
    geometry IndexedFaceSet {
        ccw TRUE
        solid FALSE
        coord DEF co Coordinate {
            point [
                -0.2487 -0.1362 0.0827, -0.2487 -0.1362 0.0787, -0.2482 -0.1318 0.0827, -0.2482 -0.1318 0.0787, -0.2468 -0.1276 0.0827, -0.2468 -0.1276 0.0787, -0.2444 -0.1239 0.0827, -0.2444 -0.1239 0.0787, -0.2413 -0.1208 0.0827, -0.2413 -0.1208 0.0787, -0.2376 -0.1185 0.0827, -0.2376 -0.1185 0.0787, -0.2334 -0.117 0.0827, -0.2334 -0.117 0.0787, -0.2291 -0.1165 0.0827, -0.2291 -0.1165 0.0787, -0.1978 -0.1165 0.0827, -0.1978 -0.1165 0.0787, -0.1978 -0.0954 0.0827, -0.1978 -0.0954 0.0787, -0.2579 -0.0954 0.0827, -0.2579 -0.0954 0.0787, -0.2623 -0.0959 0.0787, -0.2623 -0.0959 0.0827, -0.2664 -0.0974 0.0787, -0.2664 -0.0974 0.0827, -0.2701 -0.0997 0.0787, -0.2701 -0.0997 0.0827, -0.2733 -0.1028 0.0787, -0.2733 -0.1028 0.0827, -0.2756 -0.1065 0.0787, -0.2756 -0.1065 0.0827, -0.2771 -0.1107 0.0787, -0.2771 -0.1107 0.0827, -0.2776 -0.1151 0.0787, -0.2776 -0.1151 0.0827, -0.2776 -0.2269 0.0827, -0.2776 -0.2269 0.0787, -0.2849 -0.2231 0.0787, -0.2849 -0.2231 0.0827, -0.2926 -0.2202 0.0787, -0.2926 -0.2202 0.0827, -0.3006 -0.2181 0.0787, -0.3006 -0.2181 0.0827, -0.3087 -0.2168 0.0787, -0.3087 -0.2168 0.0827, -0.3169 -0.2163 0.0787, -0.3169 -0.2163 0.0827, -0.3169 -0.2557 0.0827, -0.3169 -0.2557 0.0787, -0.3108 -0.2562 0.0827, -0.3108 -0.2562 0.0787, -0.3048 -0.2576 0.0827, -0.3048 -0.2576 0.0787, -0.2991 -0.26 0.0827, -0.2991 -0.26 0.0787, -0.2938 -0.2632 0.0827, -0.2938 -0.2632 0.0787, -0.2891 -0.2672 0.0827, -0.2891 -0.2672 0.0787, -0.2851 -0.2719 0.0827, -0.2851 -0.2719 0.0787, -0.2818 -0.2772 0.0827, -0.2818 -0.2772 0.0787, -0.2795 -0.2829 0.0827, -0.2795 -0.2829 0.0787, -0.278 -0.2889 0.0827, -0.278 -0.2889 0.0787, -0.2776 -0.2951 0.0827, -0.2776 -0.2951 0.0787, -0.2382 -0.2951 0.0827, -0.2382 -0.2951 0.0787, -0.2386 -0.2868 0.0787, -0.2386 -0.2868 0.0827, -0.2399 -0.2787 0.0787, -0.2399 -0.2787 0.0827, -0.242 -0.2707 0.0787, -0.242 -0.2707 0.0827, -0.245 -0.2631 0.0787, -0.245 -0.2631 0.0827, -0.2487 -0.2557 0.0787, -0.2487 -0.2557 0.0827, 0.2736 -0.2951 0.0827, 0.2736 -0.2951 0.0787, 0.274 -0.2899 0.0827, 0.274 -0.2899 0.0787, 0.275 -0.2849 0.0827, 0.275 -0.2849 0.0787, 0.2766 -0.28 0.0827, 0.2766 -0.28 0.0787, 0.2789 -0.2754 0.0827, 0.2789 -0.2754 0.0787, 0.2818 -0.2711 0.0827, 0.2818 -0.2711 0.0787, 0.2852 -0.2672 0.0827, 0.2852 -0.2672 0.0787, 0.289 -0.2638 0.0827, 0.289 -0.2638 0.0787, 0.2933 -0.261 0.0827, 0.2933 -0.261 0.0787, 0.2979 -0.2587 0.0827, 0.2979 -0.2587 0.0787, 0.3028 -0.257 0.0827, 0.3028 -0.257 0.0787, 0.3079 -0.256 0.0827, 0.3079 -0.256 0.0787, 0.313 -0.2557 0.0827, 0.313 -0.2557 0.0787, 0.313 -0.2163 0.0827, 0.313 -0.2163 0.0787, 0.3059 -0.2167 0.0787, 0.3059 -0.2167 0.0827, 0.2988 -0.2176 0.0787, 0.2988 -0.2176 0.0827, 0.2919 -0.2192 0.0787, 0.2919 -0.2192 0.0827, 0.2851 -0.2214 0.0787, 0.2851 -0.2214 0.0827, 0.2786 -0.2243 0.0787, 0.2786 -0.2243 0.0827, 0.2723 -0.2277 0.0787, 0.2723 -0.2277 0.0827, 0.2664 -0.2316 0.0787, 0.2664 -0.2316 0.0827, 0.2609 -0.2361 0.0787, 0.2609 -0.2361 0.0827, 0.2557 -0.241 0.0787, 0.2557 -0.241 0.0827, 0.1949 -0.241 0.0827, 0.1949 -0.241 0.0787, 0.1949 -0.2691 0.0827, 0.1949 -0.2691 0.0787, 0.2386 -0.2691 0.0827, 0.2386 -0.2691 0.0787, 0.2367 -0.2755 0.0787, 0.2367 -0.2755 0.0827, 0.2354 -0.2819 0.0787, 0.2354 -0.2819 0.0827, 0.2345 -0.2885 0.0787, 0.2345 -0.2885 0.0827, 0.2343 -0.2951 0.0787, 0.2343 -0.2951 0.0827, -0.3169 0.2167 0.0827, -0.3169 0.2167 0.0787, -0.3087 0.2172 0.0787, -0.3087 0.2172 0.0827, -0.3006 0.2185 0.0787, -0.3006 0.2185 0.0827, -0.2926 0.2206 0.0787, -0.2926 0.2206 0.0827, -0.2849 0.2235 0.0787, -0.2849 0.2235 0.0827, -0.2776 0.2273 0.0787, -0.2776 0.2273 0.0827, -0.2776 0.1155 0.0827, -0.2776 0.1155 0.0787, -0.2771 0.1111 0.0787, -0.2771 0.1111 0.0827, -0.2756 0.1069 0.0787, -0.2756 0.1069 0.0827, -0.2733 0.1032 0.0787, -0.2733 0.1032 0.0827, -0.2701 0.1001 0.0787, -0.2701 0.1001 0.0827, -0.2664 0.0977 0.0787, -0.2664 0.0977 0.0827, -0.2623 0.0963 0.0787, -0.2623 0.0963 0.0827, -0.2579 0.0958 0.0787, -0.2579 0.0958 0.0827, -0.1978 0.0958 0.0827, -0.1978 0.0958 0.0787, -0.1978 0.1169 0.0827, -0.1978 0.1169 0.0787, -0.2291 0.1169 0.0827, -0.2291 0.1169 0.0787, -0.2334 0.1174 0.0827, -0.2334 0.1174 0.0787, -0.2376 0.1188 0.0827, -0.2376 0.1188 0.0787, -0.2413 0.1212 0.0827, -0.2413 0.1212 0.0787, -0.2444 0.1243 0.0827, -0.2444 0.1243 0.0787, -0.2468 0.128 0.0827, -0.2468 0.128 0.0787, -0.2482 0.1322 0.0827, -0.2482 0.1322 0.0787, -0.2487 0.1366 0.0827, -0.2487 0.1366 0.0787, -0.2487 0.2561 0.0827, -0.2487 0.2561 0.0787, -0.245 0.2634 0.0787, -0.245 0.2634 0.0827, -0.242 0.2711 0.0787, -0.242 0.2711 0.0827, -0.2399 0.2791 0.0787, -0.2399 0.2791 0.0827, -0.2386 0.2872 0.0787, -0.2386 0.2872 0.0827, -0.2382 0.2955 0.0787, -0.2382 0.2955 0.0827, -0.2776 0.2955 0.0827, -0.2776 0.2955 0.0787, -0.278 0.2893 0.0827, -0.278 0.2893 0.0787, -0.2795 0.2833 0.0827, -0.2795 0.2833 0.0787, -0.2818 0.2776 0.0827, -0.2818 0.2776 0.0787, -0.2851 0.2723 0.0827, -0.2851 0.2723 0.0787, -0.2891 0.2676 0.0827, -0.2891 0.2676 0.0787, -0.2938 0.2636 0.0827, -0.2938 0.2636 0.0787, -0.2991 0.2604 0.0827, -0.2991 0.2604 0.0787, -0.3048 0.258 0.0827, -0.3048 0.258 0.0787, -0.3108 0.2566 0.0827, -0.3108 0.2566 0.0787, -0.3169 0.2561 0.0827, -0.3169 0.2561 0.0787
            ]
        }
        coordIndex [
            0,1,2,-1,2,1,3,-1,2,3,4,-1,4,3,5,-1,4,5,6,-1,6,5,7,-1,6,7,8,-1,8,7,9,-1,8,9,10,-1,10,9,11,-1,10,11,12,-1,12,11,13,-1,12,13,14,-1,14,13,15,-1,16,14,17,-1,17,14,15,-1,18,16,19,-1,19,16,17,-1,20,18,21,-1,21,18,19,-1,20,21,22,-1,20,22,23,-1,23,22,24,-1,23,24,25,-1,25,24,26,-1,25,26,27,-1,27,26,28,-1,27,28,29,-1,29,28,30,-1,29,30,31,-1,31,30,32,-1,31,32,33,-1,33,32,34,-1,33,34,35,-1,36,35,37,-1,37,35,34,-1,36,37,38,-1,36,38,39,-1,39,38,40,-1,39,40,41,-1,41,40,42,-1,41,42,43,-1,43,42,44,-1,43,44,45,-1,45,44,46,-1,45,46,47,-1,48,47,49,-1,49,47,46,-1,48,49,50,-1,50,49,51,-1,50,51,52,-1,52,51,53,-1,52,53,54,-1,54,53,55,-1,54,55,56,-1,56,55,57,-1,56,57,58,-1,58,57,59,-1,58,59,60,-1,60,59,61,-1,60,61,62,-1,62,61,63,-1,62,63,64,-1,64,63,65,-1,64,65,66,-1,66,65,67,-1,66,67,68,-1,68,67,69,-1,70,68,71,-1,71,68,69,-1,70,71,72,-1,70,72,73,-1,73,72,74,-1,73,74,75,-1,75,74,76,-1,75,76,77,-1,77,76,78,-1,77,78,79,-1,79,78,80,-1,79,80,81,-1,0,81,1,-1,1,81,80,-1,66,68,70,-1,66,70,64,-1,27,29,6,-1,70,73,36,-1,36,73,75,-1,36,75,77,-1,77,79,36,-1,36,79,81,-1,36,81,35,-1,35,81,0,-1,47,48,45,-1,45,48,50,-1,0,2,35,-1,35,2,4,-1,35,4,33,-1,33,4,6,-1,33,6,31,-1,31,6,29,-1,10,20,8,-1,8,20,23,-1,8,23,6,-1,6,23,25,-1,6,25,27,-1,56,36,54,-1,54,36,39,-1,54,39,52,-1,52,39,41,-1,52,41,50,-1,50,41,43,-1,50,43,45,-1,16,18,14,-1,14,18,20,-1,14,20,12,-1,12,20,10,-1,56,58,36,-1,36,58,60,-1,36,60,70,-1,70,60,62,-1,70,62,64,-1,30,28,7,-1,49,46,44,-1,71,69,72,-1,72,69,67,-1,59,57,37,-1,37,57,55,-1,37,55,38,-1,38,55,53,-1,49,44,51,-1,51,44,42,-1,51,42,53,-1,53,42,40,-1,53,40,38,-1,78,76,37,-1,37,76,74,-1,37,74,72,-1,5,3,34,-1,34,3,1,-1,34,1,37,-1,37,1,80,-1,37,80,78,-1,67,65,72,-1,72,65,63,-1,72,63,37,-1,37,63,61,-1,37,61,59,-1,28,26,7,-1,7,26,24,-1,7,24,9,-1,9,24,22,-1,9,22,11,-1,11,22,21,-1,11,21,13,-1,5,34,7,-1,7,34,32,-1,7,32,30,-1,19,17,21,-1,21,17,15,-1,21,15,13,-1,82,83,84,-1,84,83,85,-1,84,85,86,-1,86,85,87,-1,86,87,88,-1,88,87,89,-1,88,89,90,-1,90,89,91,-1,90,91,92,-1,92,91,93,-1,92,93,94,-1,94,93,95,-1,94,95,96,-1,96,95,97,-1,96,97,98,-1,98,97,99,-1,98,99,100,-1,100,99,101,-1,100,101,102,-1,102,101,103,-1,102,103,104,-1,104,103,105,-1,104,105,106,-1,106,105,107,-1,108,106,109,-1,109,106,107,-1,108,109,110,-1,108,110,111,-1,111,110,112,-1,111,112,113,-1,113,112,114,-1,113,114,115,-1,115,114,116,-1,115,116,117,-1,117,116,118,-1,117,118,119,-1,119,118,120,-1,119,120,121,-1,121,120,122,-1,121,122,123,-1,123,122,124,-1,123,124,125,-1,125,124,126,-1,125,126,127,-1,128,127,129,-1,129,127,126,-1,130,128,131,-1,131,128,129,-1,132,130,133,-1,133,130,131,-1,132,133,134,-1,132,134,135,-1,135,134,136,-1,135,136,137,-1,137,136,138,-1,137,138,139,-1,139,138,140,-1,139,140,141,-1,82,141,83,-1,83,141,140,-1,128,130,127,-1,127,130,132,-1,108,111,132,-1,132,111,113,-1,132,113,115,-1,141,82,139,-1,139,82,84,-1,139,84,137,-1,132,90,92,-1,115,117,132,-1,132,117,119,-1,132,119,121,-1,137,84,135,-1,135,84,86,-1,135,86,132,-1,132,86,88,-1,132,88,90,-1,92,94,132,-1,132,94,96,-1,132,96,108,-1,108,96,98,-1,108,98,100,-1,100,102,108,-1,108,102,104,-1,108,104,106,-1,121,123,132,-1,132,123,125,-1,132,125,127,-1,124,109,126,-1,126,109,133,-1,126,133,129,-1,129,133,131,-1,133,95,93,-1,107,105,109,-1,109,105,103,-1,103,101,109,-1,109,101,99,-1,109,99,133,-1,133,99,97,-1,133,97,95,-1,93,91,133,-1,133,91,89,-1,133,89,134,-1,134,89,87,-1,134,87,136,-1,136,87,85,-1,136,85,138,-1,138,85,83,-1,138,83,140,-1,124,122,120,-1,120,118,124,-1,124,118,116,-1,124,116,114,-1,114,112,124,-1,124,112,110,-1,124,110,109,-1,142,143,144,-1,142,144,145,-1,145,144,146,-1,145,146,147,-1,147,146,148,-1,147,148,149,-1,149,148,150,-1,149,150,151,-1,151,150,152,-1,151,152,153,-1,154,153,155,-1,155,153,152,-1,154,155,156,-1,154,156,157,-1,157,156,158,-1,157,158,159,-1,159,158,160,-1,159,160,161,-1,161,160,162,-1,161,162,163,-1,163,162,164,-1,163,164,165,-1,165,164,166,-1,165,166,167,-1,167,166,168,-1,167,168,169,-1,170,169,171,-1,171,169,168,-1,172,170,173,-1,173,170,171,-1,174,172,175,-1,175,172,173,-1,174,175,176,-1,176,175,177,-1,176,177,178,-1,178,177,179,-1,178,179,180,-1,180,179,181,-1,180,181,182,-1,182,181,183,-1,182,183,184,-1,184,183,185,-1,184,185,186,-1,186,185,187,-1,186,187,188,-1,188,187,189,-1,190,188,191,-1,191,188,189,-1,190,191,192,-1,190,192,193,-1,193,192,194,-1,193,194,195,-1,195,194,196,-1,195,196,197,-1,197,196,198,-1,197,198,199,-1,199,198,200,-1,199,200,201,-1,202,201,203,-1,203,201,200,-1,202,203,204,-1,204,203,205,-1,204,205,206,-1,206,205,207,-1,206,207,208,-1,208,207,209,-1,208,209,210,-1,210,209,211,-1,210,211,212,-1,212,211,213,-1,212,213,214,-1,214,213,215,-1,214,215,216,-1,216,215,217,-1,216,217,218,-1,218,217,219,-1,218,219,220,-1,220,219,221,-1,220,221,222,-1,222,221,223,-1,142,222,143,-1,143,222,223,-1,220,222,142,-1,193,195,153,-1,153,195,197,-1,206,201,204,-1,204,201,202,-1,208,210,153,-1,154,188,153,-1,153,188,190,-1,153,190,193,-1,206,208,201,-1,201,208,153,-1,201,153,199,-1,199,153,197,-1,210,212,153,-1,153,212,214,-1,153,214,151,-1,151,214,216,-1,151,216,149,-1,149,216,218,-1,149,218,147,-1,147,218,220,-1,147,220,145,-1,145,220,142,-1,170,172,169,-1,169,172,174,-1,159,161,182,-1,174,176,169,-1,169,176,178,-1,169,178,167,-1,167,178,180,-1,167,180,165,-1,165,180,182,-1,165,182,163,-1,163,182,161,-1,159,182,157,-1,157,182,184,-1,157,184,154,-1,154,184,186,-1,154,186,188,-1,152,213,211,-1,196,194,152,-1,181,179,168,-1,194,192,152,-1,152,192,191,-1,152,191,155,-1,155,191,189,-1,143,223,144,-1,144,223,221,-1,144,221,146,-1,146,221,219,-1,146,219,148,-1,211,209,200,-1,211,200,152,-1,152,200,198,-1,152,198,196,-1,148,219,150,-1,150,219,217,-1,150,217,152,-1,152,217,215,-1,152,215,213,-1,209,207,200,-1,200,207,205,-1,200,205,203,-1,173,171,175,-1,175,171,168,-1,175,168,177,-1,177,168,179,-1,168,166,181,-1,181,166,164,-1,181,164,183,-1,183,164,162,-1,183,162,160,-1,189,187,155,-1,155,187,185,-1,155,185,156,-1,156,185,183,-1,156,183,158,-1,158,183,160,-1,
        ]
    }
}
Shape{
    appearance Appearance {
        material  Material {
            diffuseColor 0.25098039215686274 0.25098039215686274 0.25098039215686274
            specularColor 0.12549019607843137 0.12549019607843137 0.12549019607843137
            ambientIntensity 0.251
            transparency 0.0
            shininess 0.5
        }
    }
    geometry IndexedFaceSet {
        ccw TRUE
        solid FALSE
        coord DEF co Coordinate {
            point [
                0.0122 0.175 0.0, 0.0122 0.2955 0.0, 0.0122 0.175 0.0039, 0.0122 0.2955 0.0039, 0.1161 0.175 0.0, 0.1161 0.175 0.0039, 0.1161 0.1451 0.0, 0.1161 0.1451 0.0039, 0.0122 0.1451 0.0, 0.0122 0.1451 0.0039, 0.0122 -0.2951 0.0, 0.0122 -0.2951 0.0039, -0.0162 -0.2951 0.0, -0.0162 -0.2951 0.0039, -0.0162 0.2955 0.0, -0.0162 0.2955 0.0039
            ]
        }
        coordIndex [
            0,1,2,-1,2,1,3,-1,4,0,5,-1,5,0,2,-1,6,4,7,-1,7,4,5,-1,8,6,9,-1,9,6,7,-1,10,8,11,-1,11,8,9,-1,12,10,13,-1,13,10,11,-1,14,12,15,-1,15,12,13,-1,1,14,3,-1,3,14,15,-1,12,14,0,-1,0,14,1,-1,10,12,8,-1,8,12,0,-1,8,0,6,-1,6,0,4,-1,15,13,9,-1,9,13,11,-1,3,15,2,-1,2,15,9,-1,2,9,5,-1,5,9,7,-1,
        ]
    }
}
Shape{
    appearance Appearance {
        material  Material {
            diffuseColor 0.0 1.0 0.0
            specularColor 0.0 0.5019607843137255 0.0
            ambientIntensity 0.587
            transparency 0.0
            shininess 0.5
        }
    }
    geometry IndexedFaceSet {
        ccw TRUE
        solid FALSE
        coord DEF co Coordinate {
            point [
                0.1949 -0.047 0.0885, 0.1949 -0.047 0.0857, 0.313 -0.047 0.0885, 0.313 -0.047 0.0857
            ]
        }
        coordIndex [
            0,1,2,-1,2,1,3,-1,
        ]
    }
}
Shape{
    appearance Appearance {
        material  Material {
            diffuseColor 0.5019607843137255 1.0 0.5019607843137255
            specularColor 0.25098039215686274 0.5019607843137255 0.25098039215686274
            ambientIntensity 0.7943
            transparency 0.0
            shininess 0.5
        }
    }
    geometry IndexedFaceSet {
        ccw TRUE
        solid FALSE
        coord DEF co Coordinate {
            point [
                0.1949 0.0474 0.0885, 0.1949 -0.047 0.0885, 0.313 0.0474 0.0885, 0.313 -0.047 0.0885
            ]
        }
        coordIndex [
            0,1,2,-1,2,1,3,-1,
        ]
    }
}
Shape{
    appearance Appearance {
        material  Material {
            diffuseColor 0.0 1.0 0.0
            specularColor 0.0 0.5019607843137255 0.0
            ambientIntensity 0.587
            transparency 0.0
            shininess 0.5
        }
    }
    geometry IndexedFaceSet {
        ccw TRUE
        solid FALSE
        coord DEF co Coordinate {
            point [
                0.1949 0.0474 0.0857, 0.1949 0.0474 0.0885, 0.313 0.0474 0.0857, 0.313 0.0474 0.0885, 0.1949 -0.047 0.0857, 0.313 -0.047 0.0857, 0.1949 -0.047 0.0885, 0.313 -0.047 0.0885
            ]
        }
        coordIndex [
            0,1,2,-1,2,1,3,-1,4,0,5,-1,5,0,2,-1,1,0,6,-1,6,0,4,-1,2,3,5,-1,5,3,7,-1,
        ]
    }
}
Shape{
    appearance Appearance {
        material  Material {
            diffuseColor 0.7529411764705882 0.7529411764705882 0.7529411764705882
            specularColor 0.3764705882352941 0.3764705882352941 0.3764705882352941
            ambientIntensity 0.7529
            transparency 0.0
            shininess 0.5
        }
    }
    geometry IndexedFaceSet {
        ccw TRUE
        solid FALSE
        coord DEF co Coordinate {
            point [
                0.2736 0.2955 0.0, 0.2051 0.2955 0.0, 0.2736 0.2955 0.0079, 0.2051 0.2955 0.0079, 0.2742 0.2886 0.0, 0.2742 0.2886 0.0079, 0.276 0.282 0.0, 0.276 0.282 0.0079, 0.2789 0.2758 0.0, 0.2789 0.2758 0.0079, 0.2828 0.2702 0.0, 0.2828 0.2702 0.0079, 0.2877 0.2653 0.0, 0.2877 0.2653 0.0079, 0.2933 0.2614 0.0, 0.2933 0.2614 0.0079, 0.2995 0.2585 0.0, 0.2995 0.2585 0.0079, 0.3062 0.2567 0.0, 0.3062 0.2567 0.0079, 0.313 0.2561 0.0, 0.313 0.2561 0.0079, 0.313 0.1854 0.0, 0.313 0.1854 0.0079, 0.2933 0.1854 0.0, 0.2933 0.1854 0.0079, 0.2889 0.1849 0.0, 0.2889 0.1849 0.0079, 0.2848 0.1834 0.0, 0.2848 0.1834 0.0079, 0.281 0.1811 0.0, 0.281 0.1811 0.0079, 0.2779 0.178 0.0, 0.2779 0.178 0.0079, 0.2756 0.1742 0.0, 0.2756 0.1742 0.0079, 0.2741 0.1701 0.0, 0.2741 0.1701 0.0079, 0.2736 0.1657 0.0, 0.2736 0.1657 0.0079, 0.2736 0.0986 0.0, 0.2736 0.0986 0.0079, 0.2731 0.0942 0.0079, 0.2731 0.0942 0.0, 0.2717 0.0901 0.0079, 0.2717 0.0901 0.0, 0.2693 0.0863 0.0079, 0.2693 0.0863 0.0, 0.2662 0.0832 0.0079, 0.2662 0.0832 0.0, 0.2625 0.0809 0.0079, 0.2625 0.0809 0.0, 0.2583 0.0794 0.0079, 0.2583 0.0794 0.0, 0.2539 0.0789 0.0079, 0.2539 0.0789 0.0, 0.1161 0.0789 0.0, 0.1161 0.0789 0.0079, 0.1161 0.2364 0.0, 0.1161 0.2364 0.0079, 0.1166 0.2408 0.0079, 0.1166 0.2408 0.0, 0.1181 0.245 0.0079, 0.1181 0.245 0.0, 0.1204 0.2487 0.0079, 0.1204 0.2487 0.0, 0.1236 0.2518 0.0079, 0.1236 0.2518 0.0, 0.1273 0.2542 0.0079, 0.1273 0.2542 0.0, 0.1314 0.2556 0.0079, 0.1314 0.2556 0.0, 0.1358 0.2561 0.0079, 0.1358 0.2561 0.0, 0.1854 0.2561 0.0, 0.1854 0.2561 0.0079, 0.1898 0.2566 0.0, 0.1898 0.2566 0.0079, 0.194 0.2581 0.0, 0.194 0.2581 0.0079, 0.1977 0.2604 0.0, 0.1977 0.2604 0.0079, 0.2008 0.2635 0.0, 0.2008 0.2635 0.0079, 0.2032 0.2672 0.0, 0.2032 0.2672 0.0079, 0.2046 0.2714 0.0, 0.2046 0.2714 0.0079, 0.2051 0.2758 0.0, 0.2051 0.2758 0.0079, -0.2776 0.1657 0.0, -0.2776 0.1657 0.0079, -0.2781 0.1701 0.0, -0.2781 0.1701 0.0079, -0.2795 0.1742 0.0, -0.2795 0.1742 0.0079, -0.2819 0.178 0.0, -0.2819 0.178 0.0079, -0.285 0.1811 0.0, -0.285 0.1811 0.0079, -0.2887 0.1834 0.0, -0.2887 0.1834 0.0079, -0.2929 0.1849 0.0, -0.2929 0.1849 0.0079, -0.2972 0.1854 0.0, -0.2972 0.1854 0.0079, -0.3169 0.1854 0.0, -0.3169 0.1854 0.0079, -0.3169 0.2561 0.0, -0.3169 0.2561 0.0079, -0.3101 0.2567 0.0, -0.3101 0.2567 0.0079, -0.3035 0.2585 0.0, -0.3035 0.2585 0.0079, -0.2972 0.2614 0.0, -0.2972 0.2614 0.0079, -0.2916 0.2653 0.0, -0.2916 0.2653 0.0079, -0.2868 0.2702 0.0, -0.2868 0.2702 0.0079, -0.2828 0.2758 0.0, -0.2828 0.2758 0.0079, -0.2799 0.282 0.0, -0.2799 0.282 0.0079, -0.2782 0.2886 0.0, -0.2782 0.2886 0.0079, -0.2776 0.2955 0.0, -0.2776 0.2955 0.0079, -0.2091 0.2955 0.0, -0.2091 0.2955 0.0079, -0.2091 0.2758 0.0, -0.2091 0.2758 0.0079, -0.2086 0.2714 0.0, -0.2086 0.2714 0.0079, -0.2071 0.2672 0.0, -0.2071 0.2672 0.0079, -0.2048 0.2635 0.0, -0.2048 0.2635 0.0079, -0.2016 0.2604 0.0, -0.2016 0.2604 0.0079, -0.1979 0.2581 0.0, -0.1979 0.2581 0.0079, -0.1937 0.2566 0.0, -0.1937 0.2566 0.0079, -0.1894 0.2561 0.0, -0.1894 0.2561 0.0079, -0.1398 0.2561 0.0, -0.1398 0.2561 0.0079, -0.1354 0.2556 0.0079, -0.1354 0.2556 0.0, -0.1312 0.2542 0.0079, -0.1312 0.2542 0.0, -0.1275 0.2518 0.0079, -0.1275 0.2518 0.0, -0.1244 0.2487 0.0079, -0.1244 0.2487 0.0, -0.122 0.245 0.0079, -0.122 0.245 0.0, -0.1206 0.2408 0.0079, -0.1206 0.2408 0.0, -0.1201 0.2364 0.0079, -0.1201 0.2364 0.0, -0.1201 0.0789 0.0, -0.1201 0.0789 0.0079, -0.2579 0.0789 0.0, -0.2579 0.0789 0.0079, -0.2623 0.0794 0.0079, -0.2623 0.0794 0.0, -0.2664 0.0809 0.0079, -0.2664 0.0809 0.0, -0.2701 0.0832 0.0079, -0.2701 0.0832 0.0, -0.2733 0.0863 0.0079, -0.2733 0.0863 0.0, -0.2756 0.0901 0.0079, -0.2756 0.0901 0.0, -0.2771 0.0942 0.0079, -0.2771 0.0942 0.0, -0.2776 0.0986 0.0079, -0.2776 0.0986 0.0, -0.2776 -0.2951 0.0, -0.2776 -0.2951 0.0079, -0.2782 -0.2882 0.0, -0.2782 -0.2882 0.0079, -0.2799 -0.2816 0.0, -0.2799 -0.2816 0.0079, -0.2828 -0.2754 0.0, -0.2828 -0.2754 0.0079, -0.2868 -0.2698 0.0, -0.2868 -0.2698 0.0079, -0.2916 -0.2649 0.0, -0.2916 -0.2649 0.0079, -0.2972 -0.261 0.0, -0.2972 -0.261 0.0079, -0.3035 -0.2581 0.0, -0.3035 -0.2581 0.0079, -0.3101 -0.2563 0.0, -0.3101 -0.2563 0.0079, -0.3169 -0.2557 0.0, -0.3169 -0.2557 0.0079, -0.3169 -0.185 0.0, -0.3169 -0.185 0.0079, -0.2972 -0.185 0.0, -0.2972 -0.185 0.0079, -0.2929 -0.1845 0.0, -0.2929 -0.1845 0.0079, -0.2887 -0.183 0.0, -0.2887 -0.183 0.0079, -0.285 -0.1807 0.0, -0.285 -0.1807 0.0079, -0.2819 -0.1776 0.0, -0.2819 -0.1776 0.0079, -0.2795 -0.1739 0.0, -0.2795 -0.1739 0.0079, -0.2781 -0.1697 0.0, -0.2781 -0.1697 0.0079, -0.2776 -0.1653 0.0, -0.2776 -0.1653 0.0079, -0.2776 -0.0982 0.0, -0.2776 -0.0982 0.0079, -0.2771 -0.0938 0.0079, -0.2771 -0.0938 0.0, -0.2756 -0.0897 0.0079, -0.2756 -0.0897 0.0, -0.2733 -0.086 0.0079, -0.2733 -0.086 0.0, -0.2701 -0.0828 0.0079, -0.2701 -0.0828 0.0, -0.2664 -0.0805 0.0079, -0.2664 -0.0805 0.0, -0.2623 -0.079 0.0079, -0.2623 -0.079 0.0, -0.2579 -0.0785 0.0079, -0.2579 -0.0785 0.0, -0.1201 -0.0785 0.0, -0.1201 -0.0785 0.0079, -0.1201 -0.236 0.0, -0.1201 -0.236 0.0079, -0.1206 -0.2404 0.0079, -0.1206 -0.2404 0.0, -0.122 -0.2446 0.0079, -0.122 -0.2446 0.0, -0.1244 -0.2483 0.0079, -0.1244 -0.2483 0.0, -0.1275 -0.2514 0.0079, -0.1275 -0.2514 0.0, -0.1312 -0.2538 0.0079, -0.1312 -0.2538 0.0, -0.1354 -0.2552 0.0079, -0.1354 -0.2552 0.0, -0.1398 -0.2557 0.0079, -0.1398 -0.2557 0.0, -0.1894 -0.2557 0.0, -0.1894 -0.2557 0.0079, -0.1937 -0.2562 0.0, -0.1937 -0.2562 0.0079, -0.1979 -0.2577 0.0, -0.1979 -0.2577 0.0079, -0.2016 -0.26 0.0, -0.2016 -0.26 0.0079, -0.2048 -0.2631 0.0, -0.2048 -0.2631 0.0079, -0.2071 -0.2669 0.0, -0.2071 -0.2669 0.0079, -0.2086 -0.271 0.0, -0.2086 -0.271 0.0079, -0.2091 -0.2754 0.0, -0.2091 -0.2754 0.0079, -0.2091 -0.2951 0.0, -0.2091 -0.2951 0.0079
            ]
        }
        coordIndex [
            0,1,2,-1,2,1,3,-1,0,2,4,-1,4,2,5,-1,4,5,6,-1,6,5,7,-1,6,7,8,-1,8,7,9,-1,8,9,10,-1,10,9,11,-1,10,11,12,-1,12,11,13,-1,12,13,14,-1,14,13,15,-1,14,15,16,-1,16,15,17,-1,16,17,18,-1,18,17,19,-1,18,19,20,-1,20,19,21,-1,22,20,23,-1,23,20,21,-1,24,22,25,-1,25,22,23,-1,24,25,26,-1,26,25,27,-1,26,27,28,-1,28,27,29,-1,28,29,30,-1,30,29,31,-1,30,31,32,-1,32,31,33,-1,32,33,34,-1,34,33,35,-1,34,35,36,-1,36,35,37,-1,36,37,38,-1,38,37,39,-1,40,38,41,-1,41,38,39,-1,40,41,42,-1,40,42,43,-1,43,42,44,-1,43,44,45,-1,45,44,46,-1,45,46,47,-1,47,46,48,-1,47,48,49,-1,49,48,50,-1,49,50,51,-1,51,50,52,-1,51,52,53,-1,53,52,54,-1,53,54,55,-1,56,55,57,-1,57,55,54,-1,58,56,59,-1,59,56,57,-1,58,59,60,-1,58,60,61,-1,61,60,62,-1,61,62,63,-1,63,62,64,-1,63,64,65,-1,65,64,66,-1,65,66,67,-1,67,66,68,-1,67,68,69,-1,69,68,70,-1,69,70,71,-1,71,70,72,-1,71,72,73,-1,74,73,75,-1,75,73,72,-1,74,75,76,-1,76,75,77,-1,76,77,78,-1,78,77,79,-1,78,79,80,-1,80,79,81,-1,80,81,82,-1,82,81,83,-1,82,83,84,-1,84,83,85,-1,84,85,86,-1,86,85,87,-1,86,87,88,-1,88,87,89,-1,1,88,3,-1,3,88,89,-1,16,18,86,-1,58,36,38,-1,53,55,45,-1,84,86,30,-1,76,78,36,-1,36,78,80,-1,36,80,34,-1,34,80,32,-1,1,0,88,-1,88,0,4,-1,88,4,86,-1,58,38,56,-1,56,38,40,-1,56,40,55,-1,55,40,43,-1,55,43,45,-1,18,20,22,-1,4,6,86,-1,86,6,8,-1,86,8,10,-1,22,24,18,-1,18,24,26,-1,18,26,86,-1,86,26,28,-1,86,28,30,-1,32,80,30,-1,30,80,82,-1,30,82,84,-1,10,12,86,-1,86,12,14,-1,86,14,16,-1,53,45,51,-1,51,45,47,-1,51,47,49,-1,61,63,65,-1,69,71,58,-1,58,71,73,-1,58,73,36,-1,36,73,74,-1,36,74,76,-1,61,65,58,-1,58,65,67,-1,58,67,69,-1,39,37,59,-1,39,59,41,-1,37,81,79,-1,31,29,87,-1,87,29,19,-1,87,19,17,-1,17,15,87,-1,87,15,13,-1,87,13,11,-1,2,3,5,-1,5,3,89,-1,5,89,7,-1,7,89,87,-1,7,87,9,-1,9,87,11,-1,59,57,41,-1,41,57,54,-1,41,54,42,-1,42,54,44,-1,37,35,81,-1,81,35,33,-1,81,33,83,-1,83,33,31,-1,83,31,85,-1,85,31,87,-1,23,21,25,-1,25,21,19,-1,25,19,27,-1,27,19,29,-1,70,68,59,-1,54,52,44,-1,44,52,50,-1,44,50,46,-1,46,50,48,-1,79,77,37,-1,37,77,75,-1,37,75,59,-1,59,75,72,-1,59,72,70,-1,68,66,59,-1,59,66,64,-1,59,64,60,-1,60,64,62,-1,90,91,92,-1,92,91,93,-1,92,93,94,-1,94,93,95,-1,94,95,96,-1,96,95,97,-1,96,97,98,-1,98,97,99,-1,98,99,100,-1,100,99,101,-1,100,101,102,-1,102,101,103,-1,102,103,104,-1,104,103,105,-1,106,104,107,-1,107,104,105,-1,108,106,109,-1,109,106,107,-1,108,109,110,-1,110,109,111,-1,110,111,112,-1,112,111,113,-1,112,113,114,-1,114,113,115,-1,114,115,116,-1,116,115,117,-1,116,117,118,-1,118,117,119,-1,118,119,120,-1,120,119,121,-1,120,121,122,-1,122,121,123,-1,122,123,124,-1,124,123,125,-1,124,125,126,-1,126,125,127,-1,128,126,129,-1,129,126,127,-1,130,128,131,-1,131,128,129,-1,130,131,132,-1,132,131,133,-1,132,133,134,-1,134,133,135,-1,134,135,136,-1,136,135,137,-1,136,137,138,-1,138,137,139,-1,138,139,140,-1,140,139,141,-1,140,141,142,-1,142,141,143,-1,142,143,144,-1,144,143,145,-1,146,144,147,-1,147,144,145,-1,146,147,148,-1,146,148,149,-1,149,148,150,-1,149,150,151,-1,151,150,152,-1,151,152,153,-1,153,152,154,-1,153,154,155,-1,155,154,156,-1,155,156,157,-1,157,156,158,-1,157,158,159,-1,159,158,160,-1,159,160,161,-1,162,161,163,-1,163,161,160,-1,164,162,165,-1,165,162,163,-1,164,165,166,-1,164,166,167,-1,167,166,168,-1,167,168,169,-1,169,168,170,-1,169,170,171,-1,171,170,172,-1,171,172,173,-1,173,172,174,-1,173,174,175,-1,175,174,176,-1,175,176,177,-1,177,176,178,-1,177,178,179,-1,90,179,91,-1,91,179,178,-1,164,142,144,-1,164,144,162,-1,162,144,146,-1,162,146,161,-1,140,179,138,-1,138,179,90,-1,138,90,92,-1,134,110,132,-1,132,110,112,-1,164,167,142,-1,142,167,169,-1,142,169,171,-1,171,173,142,-1,142,173,175,-1,142,175,140,-1,140,175,177,-1,140,177,179,-1,155,157,159,-1,112,114,132,-1,132,114,116,-1,132,116,118,-1,92,94,138,-1,138,94,96,-1,138,96,136,-1,136,96,98,-1,136,98,134,-1,134,98,100,-1,134,100,102,-1,108,110,106,-1,106,110,134,-1,106,134,104,-1,104,134,102,-1,146,149,161,-1,161,149,151,-1,161,151,159,-1,159,151,153,-1,159,153,155,-1,126,128,124,-1,124,128,130,-1,124,130,122,-1,122,130,132,-1,122,132,120,-1,120,132,118,-1,147,163,160,-1,163,147,165,-1,97,95,139,-1,111,109,107,-1,101,99,135,-1,95,93,139,-1,139,93,91,-1,139,91,141,-1,91,178,141,-1,141,178,176,-1,141,176,143,-1,143,176,174,-1,174,172,143,-1,143,172,170,-1,143,170,168,-1,147,145,165,-1,165,145,143,-1,165,143,166,-1,166,143,168,-1,101,135,103,-1,111,107,133,-1,121,119,133,-1,133,119,117,-1,158,156,154,-1,154,152,158,-1,158,152,150,-1,158,150,160,-1,160,150,148,-1,160,148,147,-1,133,107,135,-1,135,107,105,-1,135,105,103,-1,97,139,99,-1,99,139,137,-1,99,137,135,-1,129,127,131,-1,131,127,125,-1,131,125,133,-1,133,125,123,-1,133,123,121,-1,117,115,133,-1,133,115,113,-1,133,113,111,-1,180,181,182,-1,182,181,183,-1,182,183,184,-1,184,183,185,-1,184,185,186,-1,186,185,187,-1,186,187,188,-1,188,187,189,-1,188,189,190,-1,190,189,191,-1,190,191,192,-1,192,191,193,-1,192,193,194,-1,194,193,195,-1,194,195,196,-1,196,195,197,-1,196,197,198,-1,198,197,199,-1,200,198,201,-1,201,198,199,-1,202,200,203,-1,203,200,201,-1,202,203,204,-1,204,203,205,-1,204,205,206,-1,206,205,207,-1,206,207,208,-1,208,207,209,-1,208,209,210,-1,210,209,211,-1,210,211,212,-1,212,211,213,-1,212,213,214,-1,214,213,215,-1,214,215,216,-1,216,215,217,-1,218,216,219,-1,219,216,217,-1,218,219,220,-1,218,220,221,-1,221,220,222,-1,221,222,223,-1,223,222,224,-1,223,224,225,-1,225,224,226,-1,225,226,227,-1,227,226,228,-1,227,228,229,-1,229,228,230,-1,229,230,231,-1,231,230,232,-1,231,232,233,-1,234,233,235,-1,235,233,232,-1,236,234,237,-1,237,234,235,-1,236,237,238,-1,236,238,239,-1,239,238,240,-1,239,240,241,-1,241,240,242,-1,241,242,243,-1,243,242,244,-1,243,244,245,-1,245,244,246,-1,245,246,247,-1,247,246,248,-1,247,248,249,-1,249,248,250,-1,249,250,251,-1,252,251,253,-1,253,251,250,-1,252,253,254,-1,254,253,255,-1,254,255,256,-1,256,255,257,-1,256,257,258,-1,258,257,259,-1,258,259,260,-1,260,259,261,-1,260,261,262,-1,262,261,263,-1,262,263,264,-1,264,263,265,-1,264,265,266,-1,266,265,267,-1,268,266,269,-1,269,266,267,-1,180,268,181,-1,181,268,269,-1,194,196,264,-1,252,254,233,-1,233,254,231,-1,210,212,258,-1,212,214,258,-1,258,214,216,-1,258,216,256,-1,196,198,200,-1,216,218,256,-1,256,218,221,-1,256,221,254,-1,254,221,223,-1,254,223,225,-1,262,264,208,-1,264,186,188,-1,233,234,252,-1,252,234,236,-1,252,236,251,-1,251,236,239,-1,243,245,247,-1,225,227,254,-1,254,227,229,-1,254,229,231,-1,200,202,196,-1,196,202,204,-1,196,204,264,-1,264,204,206,-1,264,206,208,-1,268,180,266,-1,266,180,182,-1,266,182,264,-1,264,182,184,-1,264,184,186,-1,188,190,264,-1,264,190,192,-1,264,192,194,-1,239,241,251,-1,251,241,243,-1,251,243,249,-1,249,243,247,-1,210,258,208,-1,208,258,260,-1,208,260,262,-1,265,197,195,-1,222,220,257,-1,257,220,219,-1,257,219,259,-1,259,219,217,-1,259,217,215,-1,238,237,250,-1,250,237,235,-1,250,235,253,-1,253,235,232,-1,253,232,255,-1,201,199,203,-1,203,199,197,-1,203,197,205,-1,255,232,257,-1,257,232,230,-1,257,230,228,-1,246,244,242,-1,195,193,265,-1,265,193,191,-1,265,191,189,-1,181,269,183,-1,183,269,267,-1,183,267,185,-1,185,267,265,-1,185,265,187,-1,187,265,189,-1,205,197,207,-1,207,197,265,-1,207,265,209,-1,228,226,257,-1,257,226,224,-1,257,224,222,-1,246,242,248,-1,248,242,250,-1,250,242,240,-1,250,240,238,-1,215,213,259,-1,259,213,211,-1,259,211,261,-1,261,211,209,-1,261,209,263,-1,263,209,265,-1,
        ]
    }
}
Shape{
    appearance Appearance {
        material  Material {
            diffuseColor 1.0 1.0 1.0
            specularColor 0.5019607843137255 0.5019607843137255 0.5019607843137255
            ambientIntensity 1.0
            transparency 0.0
            shininess 0.5
        }
    }
    geometry IndexedFaceSet {
        ccw TRUE
        solid FALSE
        coord DEF co Coordinate {
            point [
                0.0507 -0.2951 0.0172, 0.2736 -0.2951 0.0172, 0.2736 -0.2951 0.0233, 0.0408 -0.2951 0.039, 0.0457 -0.2951 0.039, 0.0457 -0.2951 0.0435, 0.0243 -0.2951 0.0234, 0.0236 -0.2951 0.0233, 0.0275 -0.2951 0.0233, -0.2776 -0.2951 0.0079, -0.1817 -0.2951 0.0079, -0.1817 -0.2951 0.0172, -0.0413 -0.2951 0.0079, -0.0413 -0.2951 0.0039, -0.0087 -0.2951 0.0039, -0.0362 -0.2951 0.0651, -0.0345 -0.2951 0.0639, -0.0087 -0.2951 0.0639, -0.0321 -0.2951 0.0622, -0.0281 -0.2951 0.0575, -0.016 -0.2951 0.0435, -0.0087 -0.2951 0.0435, -0.017 -0.2951 0.0459, -0.0192 -0.2951 0.0491, -0.0222 -0.2951 0.0516, -0.0261 -0.2951 0.0534, -0.0255 -0.2951 0.0533, -0.0571 -0.2951 0.0656, -0.0519 -0.2951 0.0674, -0.1817 -0.2951 0.0733, -0.0471 -0.2951 0.068, -0.0087 -0.2951 0.0733, -0.0417 -0.2951 0.0673, -0.06 -0.2951 0.0639, -0.1817 -0.2951 0.0639, -0.0604 -0.2951 0.0636, -0.0832 -0.2951 0.0503, -0.0806 -0.2951 0.0537, -0.0721 -0.2951 0.0585, -0.0678 -0.2951 0.059, -0.063 -0.2951 0.0614, -0.0666 -0.2951 0.0589, -0.0653 -0.2951 0.0588, -0.0798 -0.2951 0.0544, -0.0762 -0.2951 0.0569, -0.0778 -0.2951 0.0261, -0.0811 -0.2951 0.0289, -0.1817 -0.2951 0.0233, -0.0738 -0.2951 0.0241, -0.0837 -0.2951 0.0326, -0.0853 -0.2951 0.0368, -0.1817 -0.2951 0.0435, -0.0858 -0.2951 0.041, -0.0858 -0.2951 0.0421, -0.0855 -0.2951 0.0435, -0.085 -0.2951 0.0463, -0.0723 -0.2951 0.0236, -0.0721 -0.2951 0.0233, -0.0712 -0.2951 0.0213, -0.0695 -0.2951 0.0192, -0.0087 -0.2951 0.0172, -0.0572 -0.2951 0.0172, -0.0591 -0.2951 0.0164, -0.0618 -0.2951 0.0161, -0.0622 -0.2951 0.0161, -0.0648 -0.2951 0.0165, -0.0663 -0.2951 0.0172, -0.0674 -0.2951 0.0176, -0.0087 -0.2951 0.0233, -0.0514 -0.2951 0.0233, -0.0514 -0.2951 0.0233, -0.0527 -0.2951 0.0208, -0.0544 -0.2951 0.0189, -0.0566 -0.2951 0.0174, -0.0372 -0.2951 0.0299, -0.0365 -0.2951 0.0302, -0.0352 -0.2951 0.0365, -0.0192 -0.2951 0.0284, -0.0222 -0.2951 0.0258, -0.0534 -0.2951 0.0346, -0.0386 -0.2951 0.0424, -0.0554 -0.2951 0.0364, -0.0577 -0.2951 0.0376, -0.0379 -0.2951 0.0294, -0.017 -0.2951 0.0315, -0.022 -0.2951 0.0398, -0.0225 -0.2951 0.0419, -0.0234 -0.2951 0.0435, -0.0785 -0.2951 0.0435, -0.0156 -0.2951 0.0425, -0.0151 -0.2951 0.0389, -0.0156 -0.2951 0.035, -0.0356 -0.2951 0.0303, -0.0355 -0.2951 0.0303, -0.0352 -0.2951 0.0302, -0.0779 -0.2951 0.0368, -0.0766 -0.2951 0.0346, -0.0709 -0.2951 0.0334, -0.0746 -0.2951 0.0325, -0.0722 -0.2951 0.0311, -0.0668 -0.2951 0.0371, -0.0691 -0.2951 0.0355, -0.0788 -0.2951 0.0412, -0.0787 -0.2951 0.0395, -0.0644 -0.2951 0.038, -0.0618 -0.2951 0.0384, -0.0604 -0.2951 0.0383, -0.039 -0.2951 0.0268, -0.039 -0.2951 0.0273, -0.0507 -0.2951 0.0283, -0.0388 -0.2951 0.0281, -0.0384 -0.2951 0.0289, -0.0242 -0.2951 0.033, -0.023 -0.2951 0.0347, -0.0222 -0.2951 0.0367, -0.022 -0.2951 0.0388, -0.0364 -0.2951 0.0235, -0.0372 -0.2951 0.0238, -0.0379 -0.2951 0.0243, -0.0382 -0.2951 0.0246, -0.0386 -0.2951 0.0253, -0.0389 -0.2951 0.026, -0.0507 -0.2951 0.026, -0.0507 -0.2951 0.0272, -0.0256 -0.2951 0.0242, -0.0293 -0.2951 0.0234, -0.0358 -0.2951 0.0234, -0.0349 -0.2951 0.0302, -0.03 -0.2951 0.0302, -0.028 -0.2951 0.0305, -0.026 -0.2951 0.0315, -0.0244 -0.2951 0.0328, -0.0339 -0.2951 0.0541, -0.0364 -0.2951 0.0571, -0.0619 -0.2951 0.0507, -0.0367 -0.2951 0.0574, -0.0398 -0.2951 0.0595, -0.0602 -0.2951 0.0542, -0.0627 -0.2951 0.0511, -0.0651 -0.2951 0.052, -0.0236 -0.2951 0.0438, -0.0249 -0.2951 0.0452, -0.0306 -0.2951 0.0475, -0.0266 -0.2951 0.0464, -0.0285 -0.2951 0.0472, -0.0315 -0.2951 0.0475, -0.0322 -0.2951 0.0505, -0.0716 -0.2951 0.0516, -0.0741 -0.2951 0.0503, -0.0689 -0.2951 0.0523, -0.076 -0.2951 0.0486, -0.0775 -0.2951 0.0464, -0.0577 -0.2951 0.0571, -0.0433 -0.2951 0.0608, -0.0547 -0.2951 0.0593, -0.047 -0.2951 0.0613, -0.0511 -0.2951 0.0608, -0.0677 -0.2951 0.0523, -0.0785 -0.2951 0.0439, 0.0564 -0.2951 0.0524, 0.0507 -0.2951 0.0524, 0.058 -0.2951 0.0482, 0.0507 -0.2951 0.0435, 0.0602 -0.2951 0.0482, 0.0543 -0.2951 0.0638, 0.2736 -0.2951 0.0435, 0.2736 -0.2951 0.0639, 0.0507 -0.2951 0.0639, 0.0521 -0.2951 0.0638, 0.0507 -0.2951 0.06, 0.0462 -0.2951 0.0482, 0.0484 -0.2951 0.0482, 0.0499 -0.2951 0.0524, 0.0297 -0.2951 0.05, 0.0297 -0.2951 0.0482, 0.0312 -0.2951 0.0435, 0.0293 -0.2951 0.062, 0.0312 -0.2951 0.0639, 0.0293 -0.2951 0.0638, 0.0275 -0.2951 0.0639, 0.0275 -0.2951 0.0638, 0.0233 -0.2951 0.0552, 0.0233 -0.2951 0.05, 0.0275 -0.2951 0.0552, 0.0275 -0.2951 0.05, 0.0289 -0.2951 0.0552, 0.0289 -0.2951 0.057, 0.0233 -0.2951 0.062, 0.0233 -0.2951 0.057, 0.0275 -0.2951 0.062, 0.0275 -0.2951 0.057, 0.0275 -0.2951 0.0435, 0.0275 -0.2951 0.0482, 0.0204 -0.2951 0.0435, 0.0213 -0.2951 0.0638, 0.0204 -0.2951 0.0639, 0.0213 -0.2951 0.0482, 0.0182 -0.2951 0.0634, 0.0165 -0.2951 0.0639, 0.0162 -0.2951 0.0639, 0.0182 -0.2951 0.0613, 0.018 -0.2951 0.0614, 0.0182 -0.2951 0.0508, 0.0164 -0.2951 0.062, 0.0145 -0.2951 0.0622, 0.0137 -0.2951 0.0622, 0.0124 -0.2951 0.0619, 0.0112 -0.2951 0.0613, 0.0103 -0.2951 0.0605, 0.0102 -0.2951 0.0604, 0.0094 -0.2951 0.0593, 0.0182 -0.2951 0.0488, 0.0179 -0.2951 0.0487, 0.0112 -0.2951 0.0483, 0.0098 -0.2951 0.049, 0.0072 -0.2951 0.0435, 0.0085 -0.2951 0.0501, 0.0084 -0.2951 0.0502, 0.0089 -0.2951 0.0579, 0.0086 -0.2951 0.0558, 0.0087 -0.2951 0.055, 0.0089 -0.2951 0.0535, 0.0149 -0.2951 0.0497, 0.0166 -0.2951 0.0501, 0.0115 -0.2951 0.0503, 0.0126 -0.2951 0.0499, 0.0142 -0.2951 0.0497, 0.0162 -0.2951 0.0482, 0.0139 -0.2951 0.0479, 0.0129 -0.2951 0.048, 0.0095 -0.2951 0.0523, 0.0102 -0.2951 0.0514, 0.0105 -0.2951 0.051, 0.0145 -0.2951 0.064, 0.0204 -0.2951 0.0733, 0.0134 -0.2951 0.0639, 0.0072 -0.2951 0.0733, 0.0072 -0.2951 0.0639, 0.0076 -0.2951 0.0603, 0.0088 -0.2951 0.0617, 0.0091 -0.2951 0.0621, 0.0106 -0.2951 0.0631, 0.0122 -0.2951 0.0638, 0.0075 -0.2951 0.0515, 0.0072 -0.2951 0.0521, 0.0063 -0.2951 0.0435, 0.0063 -0.2951 0.0639, 0.0069 -0.2951 0.0585, 0.0072 -0.2951 0.0593, 0.0068 -0.2951 0.0531, 0.0065 -0.2951 0.0557, 0.0065 -0.2951 0.0565, 0.2736 -0.2951 0.0079, 0.0507 -0.2951 0.0079, 0.0457 -0.2951 0.0079, 0.0312 -0.2951 0.0039, 0.0374 -0.2951 0.0039, 0.0312 -0.2951 0.0172, 0.0374 -0.2951 0.0079, 0.0398 -0.2951 0.0172, 0.0398 -0.2951 0.0079, 0.0457 -0.2951 0.0172, 0.0453 -0.2951 0.0552, 0.0449 -0.2951 0.0534, 0.0441 -0.2951 0.0517, 0.043 -0.2951 0.0504, 0.0398 -0.2951 0.0639, 0.0398 -0.2951 0.0634, 0.0457 -0.2951 0.0639, 0.0413 -0.2951 0.0628, 0.0445 -0.2951 0.0598, 0.0451 -0.2951 0.0583, 0.0453 -0.2951 0.0562, 0.043 -0.2951 0.0617, 0.0435 -0.2951 0.0612, 0.0413 -0.2951 0.0492, 0.0398 -0.2951 0.0486, 0.0398 -0.2951 0.0435, 0.0396 -0.2951 0.0485, 0.0369 -0.2951 0.0482, 0.0326 -0.2951 0.0482, 0.0326 -0.2951 0.0638, 0.0371 -0.2951 0.0638, 0.0395 -0.2951 0.0635, 0.0133 -0.2951 0.0236, 0.0125 -0.2951 0.0233, 0.0149 -0.2951 0.0235, 0.0133 -0.2951 0.0332, 0.0126 -0.2951 0.0333, 0.0116 -0.2951 0.0301, 0.0138 -0.2951 0.0239, 0.0072 -0.2951 0.0233, 0.0082 -0.2951 0.0249, 0.008 -0.2951 0.0255, 0.0086 -0.2951 0.0287, 0.0092 -0.2951 0.0292, 0.009 -0.2951 0.0319, 0.01 -0.2951 0.0297, 0.0103 -0.2951 0.0328, 0.0116 -0.2951 0.0332, 0.0095 -0.2951 0.0236, 0.0103 -0.2951 0.0233, 0.0103 -0.2951 0.0233, 0.0089 -0.2951 0.0241, 0.0087 -0.2951 0.0243, 0.0079 -0.2951 0.0264, 0.008 -0.2951 0.0274, 0.0149 -0.2951 0.0252, 0.0148 -0.2951 0.0252, 0.0144 -0.2951 0.0246, 0.0094 -0.2951 0.034, 0.009 -0.2951 0.0338, 0.0082 -0.2951 0.0281, 0.0201 -0.2951 0.0298, 0.0198 -0.2951 0.0302, 0.0169 -0.2951 0.0306, 0.0196 -0.2951 0.0308, 0.0167 -0.2951 0.0323, 0.0195 -0.2951 0.0316, 0.0149 -0.2951 0.0305, 0.0148 -0.2951 0.0314, 0.0146 -0.2951 0.0321, 0.0144 -0.2951 0.0325, 0.0149 -0.2951 0.0344, 0.0156 -0.2951 0.0341, 0.0202 -0.2951 0.0334, 0.0204 -0.2951 0.0295, 0.0195 -0.2951 0.0259, 0.0204 -0.2951 0.0295, 0.0203 -0.2951 0.0254, 0.0204 -0.2951 0.0253, 0.0108 -0.2951 0.0346, 0.0128 -0.2951 0.0348, 0.0142 -0.2951 0.0347, 0.0196 -0.2951 0.0323, 0.0198 -0.2951 0.0329, 0.0163 -0.2951 0.0331, 0.0159 -0.2951 0.0337, 0.0141 -0.2951 0.0328, 0.0138 -0.2951 0.033, 0.0114 -0.2951 0.0232, 0.0072 -0.2951 0.0172, 0.0125 -0.2951 0.0233, 0.0204 -0.2951 0.0172, 0.0195 -0.2951 0.0239, 0.0169 -0.2951 0.0235, 0.0204 -0.2951 0.0235, 0.0204 -0.2951 0.0233, 0.0209 -0.2951 0.0234, 0.0212 -0.2951 0.0233, 0.0225 -0.2951 0.0232, 0.0265 -0.2951 0.0344, 0.0265 -0.2951 0.0325, 0.0208 -0.2951 0.034, 0.0212 -0.2951 0.0343, 0.0204 -0.2951 0.0336, 0.0269 -0.2951 0.0257, 0.0267 -0.2951 0.0251, 0.0263 -0.2951 0.0246, 0.0223 -0.2951 0.0347, 0.0238 -0.2951 0.0348, 0.0252 -0.2951 0.0347, 0.0264 -0.2951 0.0283, 0.0267 -0.2951 0.0278, 0.0269 -0.2951 0.0272, 0.027 -0.2951 0.0265, 0.0258 -0.2951 0.0241, 0.0253 -0.2951 0.0238, 0.0237 -0.2951 0.0333, 0.0231 -0.2951 0.0332, 0.0215 -0.2951 0.0318, 0.0226 -0.2951 0.0331, 0.0221 -0.2951 0.0328, 0.0215 -0.2951 0.0315, 0.0216 -0.2951 0.0312, 0.0218 -0.2951 0.0309, 0.0219 -0.2951 0.0307, 0.0226 -0.2951 0.0303, 0.0249 -0.2951 0.0331, 0.0238 -0.2951 0.0298, 0.026 -0.2951 0.0327, 0.0246 -0.2951 0.0295, 0.0259 -0.2951 0.0287, 0.0218 -0.2951 0.0326, 0.0217 -0.2951 0.0323, 0.0216 -0.2951 0.0321, 0.0215 -0.2951 0.0249, 0.0225 -0.2951 0.0284, 0.0213 -0.2951 0.0289, 0.0227 -0.2951 0.0248, 0.0228 -0.2951 0.0248, 0.0237 -0.2951 0.0278, 0.0238 -0.2951 0.0249, 0.025 -0.2951 0.0263, 0.025 -0.2951 0.0265, 0.0243 -0.2951 0.0251, 0.0245 -0.2951 0.0252, 0.0247 -0.2951 0.0254, 0.0249 -0.2951 0.0256, 0.025 -0.2951 0.0259, 0.0249 -0.2951 0.0268, 0.0248 -0.2951 0.0271, 0.0245 -0.2951 0.0274, 0.0367 -0.2951 0.0346, 0.0387 -0.2951 0.0346, 0.0398 -0.2951 0.0233, 0.0331 -0.2951 0.0262, 0.0334 -0.2951 0.0253, 0.0334 -0.2951 0.0253, 0.0312 -0.2951 0.0319, 0.0337 -0.2951 0.0262, 0.0335 -0.2951 0.0257, 0.0312 -0.2951 0.0233, 0.0312 -0.2951 0.0266, 0.028 -0.2951 0.0346, 0.0302 -0.2951 0.0346, 0.0324 -0.2951 0.0235, 0.0323 -0.2951 0.0233, 0.0315 -0.2951 0.0215, 0.0275 -0.2951 0.0172, 0.0284 -0.2951 0.0184, 0.0284 -0.2951 0.0201, 0.0308 -0.2951 0.0203, 0.0311 -0.2951 0.0208, 0.0312 -0.2951 0.0208, 0.0288 -0.2951 0.02, 0.0295 -0.2951 0.0199, 0.0312 -0.2951 0.0186, 0.0305 -0.2951 0.0183, 0.0297 -0.2951 0.0182, 0.0293 -0.2951 0.0182, 0.03 -0.2951 0.02, 0.0305 -0.2951 0.0201, 0.0337 -0.2951 0.0218, 0.0328 -0.2951 0.0201, 0.0343 -0.2951 0.0233, 0.0321 -0.2951 0.0192, 0.0319 -0.2951 0.0191, 0.0313 -0.2951 0.0186, 0.0492 -0.2951 0.0252, 0.0492 -0.2951 0.0235, 0.0507 -0.2951 0.0233, 0.0488 -0.2951 0.0373, 0.0457 -0.2951 0.0233, 0.0488 -0.2951 0.039, 0.0428 -0.2951 0.0305, 0.0428 -0.2951 0.0252, 0.0457 -0.2951 0.0305, 0.0457 -0.2951 0.0252, 0.0484 -0.2951 0.0305, 0.0484 -0.2951 0.0323, 0.0457 -0.2951 0.0323, 0.0457 -0.2951 0.0373, 0.0428 -0.2951 0.0323, 0.0428 -0.2951 0.0373, 0.0457 -0.2951 0.0235, 0.0408 -0.2951 0.0235, 0.0564 -0.2951 0.0235, 0.0521 -0.2951 0.0235, 0.0521 -0.2951 0.039, 0.0648 -0.2951 0.0305, 0.0644 -0.2951 0.0286, 0.0657 -0.2951 0.0235, 0.0636 -0.2951 0.027, 0.0625 -0.2951 0.0256, 0.0716 -0.2951 0.039, 0.0738 -0.2951 0.039, 0.0648 -0.2951 0.0315, 0.0646 -0.2951 0.0336, 0.0625 -0.2951 0.037, 0.063 -0.2951 0.0364, 0.064 -0.2951 0.0351, 0.0797 -0.2951 0.0235, 0.0775 -0.2951 0.0235, 0.0566 -0.2951 0.039, 0.059 -0.2951 0.0388, 0.0609 -0.2951 0.0381, 0.2736 -0.2951 0.0733, 0.0507 -0.2951 0.0733, 0.0457 -0.2951 0.0733, 0.0398 -0.2951 0.0733, 0.0312 -0.2951 0.0733, 0.0275 -0.2951 0.0733, 0.0275 -0.2951 0.0039, 0.0204 -0.2951 0.0039, 0.0072 -0.2951 0.0039, 0.0063 -0.2951 0.0039, 0.0063 -0.2951 0.0172, 0.0063 -0.2951 0.0233, 0.006 -0.2951 0.0252, 0.006 -0.2951 0.0235, -0.0023 -0.2951 0.0235, 0.0057 -0.2951 0.0373, -0.0023 -0.2951 0.039, 0.0057 -0.2951 0.039, -0.0003 -0.2951 0.0305, -0.0003 -0.2951 0.0252, 0.0052 -0.2951 0.0305, 0.0052 -0.2951 0.0323, -0.0003 -0.2951 0.0323, -0.0003 -0.2951 0.0373, -0.0003 -0.2951 0.0638, -0.0003 -0.2951 0.05, 0.0059 -0.2951 0.05, -0.0023 -0.2951 0.0482, -0.0023 -0.2951 0.0638, 0.0059 -0.2951 0.0482, 0.0063 -0.2951 0.0733, -0.2776 -0.2951 0.0172, -0.2776 -0.2951 0.0233, -0.2776 -0.2951 0.0435, -0.2776 -0.2951 0.0639, -0.2776 -0.2951 0.0733, 0.2736 -0.2951 0.0787, 0.0507 -0.2951 0.0787, 0.0457 -0.2951 0.0787, 0.0398 -0.2951 0.0787, 0.0312 -0.2951 0.0787, 0.0275 -0.2951 0.0787, 0.0204 -0.2951 0.0787, 0.0072 -0.2951 0.0787, 0.0063 -0.2951 0.0787, -0.0087 -0.2951 0.0787, -0.1817 -0.2951 0.0787, -0.2776 -0.2951 0.0787, 0.0679 -0.2951 0.0235, 0.0759 -0.2951 0.0277, 0.0694 -0.2951 0.0277, 0.0591 -0.2951 0.0238, 0.0609 -0.2951 0.0245, 0.2933 -0.261 0.0079, 0.2852 -0.2672 0.0079, 0.0374 -0.047 0.0079, 0.2789 -0.2754 0.0079, 0.275 -0.2849 0.0079, 0.3028 -0.257 0.0079, 0.313 -0.047 0.0079, 0.313 -0.2557 0.0079, -0.2828 -0.2754 0.0079, -0.0413 -0.047 0.0079, -0.2789 -0.2849 0.0079, -0.2891 -0.2672 0.0079, -0.2972 -0.261 0.0079, -0.3169 -0.047 0.0079, -0.3067 -0.257 0.0079, -0.3169 -0.2557 0.0079, -0.2972 0.2614 0.0079, -0.0413 0.0474 0.0079, -0.3067 0.2574 0.0079, -0.3169 0.0474 0.0079, -0.3169 0.2561 0.0079, -0.2891 0.2676 0.0079, -0.2828 0.2758 0.0079, -0.0413 0.2955 0.0079, -0.2789 0.2853 0.0079, -0.2776 0.2955 0.0079, 0.0374 0.0474 0.0079, 0.0374 0.124 0.0079, 0.313 0.0474 0.0079, 0.1161 0.124 0.0079, 0.0374 0.1961 0.0079, 0.0374 0.2955 0.0079, 0.1161 0.1961 0.0079, 0.2736 0.2955 0.0079, 0.275 0.2853 0.0079, 0.2789 0.2758 0.0079, 0.2852 0.2676 0.0079, 0.2933 0.2614 0.0079, 0.3028 0.2574 0.0079, 0.313 0.2561 0.0079, -0.3067 0.2574 0.0787, -0.3169 0.2561 0.0787, -0.3169 -0.2557 0.0787, 0.2645 -0.0933 0.0787, 0.2614 -0.0974 0.0787, 0.313 -0.2557 0.0787, 0.2573 -0.1005 0.0787, -0.2776 0.2955 0.0787, -0.1017 0.1307 0.0787, 0.2343 0.2955 0.0787, -0.0457 0.1307 0.0787, 0.313 0.2167 0.0787, 0.3024 0.2174 0.0787, 0.313 0.0474 0.0787, 0.313 -0.047 0.0787, 0.275 -0.2849 0.0787, 0.2789 -0.2754 0.0787, 0.1949 -0.1032 0.0787, 0.1949 -0.0851 0.0787, -0.0457 -0.0733 0.0787, -0.0457 -0.1303 0.0787, -0.1017 -0.1303 0.0787, -0.2789 -0.2849 0.0787, 0.1949 0.2374 0.0787, -0.1017 -0.0733 0.0787, 0.2193 0.237 0.0787, 0.2243 0.2362 0.0787, 0.2354 0.2818 0.0787, 0.1949 0.2561 0.0787, 0.239 0.2685 0.0787, 0.2448 0.2561 0.0787, 0.2665 -0.0886 0.0787, 0.2671 -0.0835 0.0787, 0.292 0.2196 0.0787, 0.2525 -0.1025 0.0787, 0.2933 -0.261 0.0787, 0.3028 -0.257 0.0787, 0.2852 -0.2672 0.0787, 0.2474 -0.1032 0.0787, 0.236 -0.0753 0.0787, 0.219 -0.0851 0.0787, 0.2329 -0.0794 0.0787, 0.2241 -0.0845 0.0787, 0.2288 -0.0825 0.0787, 0.238 -0.0705 0.0787, 0.2386 -0.0655 0.0787, 0.2386 0.2173 0.0787, 0.238 0.2223 0.0787, 0.2361 0.227 0.0787, 0.233 0.2311 0.0787, 0.229 0.2342 0.0787, 0.2692 0.2093 0.0787, 0.2676 0.2051 0.0787, 0.2671 0.2006 0.0787, -0.3067 -0.257 0.0787, -0.2789 0.2853 0.0787, -0.2828 0.2758 0.0787, -0.1017 0.0737 0.0787, -0.2891 0.2676 0.0787, -0.2972 0.2614 0.0787, -0.0457 0.0737 0.0787, 0.2831 0.2199 0.0787, 0.2788 0.2186 0.0787, 0.2749 0.2163 0.0787, -0.2972 -0.261 0.0787, -0.2891 -0.2672 0.0787, -0.2828 -0.2754 0.0787, 0.2876 0.2203 0.0787, 0.2716 0.2131 0.0787, 0.2343 0.2955 0.0827, 0.2736 0.2955 0.0827, 0.0374 0.2955 0.0039, -0.0413 0.2955 0.0039, 0.275 0.2853 0.0827, 0.2789 0.2758 0.0827, 0.2852 0.2676 0.0827, 0.2933 0.2614 0.0827, 0.3028 0.2574 0.0827, 0.313 0.2561 0.0827, 0.313 0.2167 0.0827, -0.3169 -0.047 0.0039, -0.3169 0.0474 0.0039
            ]
        }
        coordIndex [
            0,1,2,-1,3,4,5,-1,6,7,8,-1,9,10,11,-1,12,13,14,-1,15,16,17,-1,17,16,18,-1,17,18,19,-1,20,21,22,-1,22,21,17,-1,22,17,23,-1,23,17,24,-1,19,25,17,-1,17,25,26,-1,17,26,24,-1,27,28,29,-1,29,28,30,-1,29,30,31,-1,31,30,32,-1,27,29,33,-1,33,29,34,-1,33,34,35,-1,34,36,37,-1,34,38,35,-1,35,38,39,-1,35,39,40,-1,40,39,41,-1,40,41,42,-1,37,43,34,-1,34,43,44,-1,34,44,38,-1,45,46,47,-1,45,47,48,-1,46,49,47,-1,47,49,50,-1,47,50,51,-1,51,50,52,-1,52,53,51,-1,51,53,54,-1,51,54,34,-1,34,54,55,-1,34,55,36,-1,56,48,57,-1,57,48,47,-1,57,47,58,-1,58,47,59,-1,14,60,12,-1,12,60,61,-1,12,61,62,-1,62,63,12,-1,12,63,64,-1,12,64,10,-1,10,64,65,-1,10,65,11,-1,11,65,66,-1,11,66,47,-1,47,66,67,-1,47,67,59,-1,68,69,60,-1,60,69,70,-1,60,70,71,-1,71,72,60,-1,60,72,73,-1,60,73,61,-1,74,75,76,-1,77,78,68,-1,79,80,81,-1,81,80,82,-1,74,76,83,-1,77,68,84,-1,85,86,80,-1,80,86,87,-1,80,87,88,-1,20,89,21,-1,21,89,90,-1,21,90,68,-1,68,90,91,-1,68,91,84,-1,75,92,76,-1,76,92,93,-1,76,93,94,-1,95,96,97,-1,97,96,98,-1,97,98,99,-1,100,88,101,-1,101,88,102,-1,101,102,97,-1,97,102,103,-1,97,103,95,-1,100,104,88,-1,88,104,105,-1,88,105,80,-1,80,105,106,-1,80,106,82,-1,107,108,109,-1,109,108,110,-1,109,110,76,-1,76,110,111,-1,76,111,83,-1,112,113,76,-1,76,113,114,-1,76,114,80,-1,80,114,115,-1,80,115,85,-1,116,117,69,-1,69,117,118,-1,69,118,119,-1,119,120,69,-1,69,120,121,-1,69,121,122,-1,122,121,107,-1,122,107,123,-1,123,107,109,-1,78,124,68,-1,68,124,125,-1,68,125,69,-1,69,125,126,-1,69,126,116,-1,94,127,76,-1,76,127,128,-1,76,128,129,-1,129,130,76,-1,76,130,131,-1,76,131,112,-1,132,133,134,-1,133,135,134,-1,134,135,136,-1,134,136,137,-1,87,134,88,-1,88,134,138,-1,88,138,139,-1,140,141,142,-1,142,141,143,-1,142,143,144,-1,140,142,87,-1,87,142,145,-1,87,145,134,-1,134,145,146,-1,134,146,132,-1,147,148,149,-1,149,148,150,-1,149,150,151,-1,137,136,152,-1,152,136,153,-1,152,153,154,-1,154,153,155,-1,154,155,156,-1,139,157,88,-1,88,157,149,-1,88,149,158,-1,158,149,151,-1,159,160,161,-1,161,160,162,-1,161,162,163,-1,164,163,165,-1,165,166,164,-1,164,166,167,-1,164,167,168,-1,168,167,169,-1,170,5,171,-1,171,5,162,-1,171,162,172,-1,172,162,160,-1,173,174,175,-1,176,177,178,-1,178,177,179,-1,178,179,180,-1,181,182,183,-1,183,182,184,-1,183,184,185,-1,185,184,173,-1,185,173,186,-1,187,188,189,-1,189,188,190,-1,189,190,176,-1,175,174,191,-1,191,174,192,-1,191,192,193,-1,180,179,194,-1,194,179,195,-1,194,195,196,-1,197,195,198,-1,198,195,199,-1,192,196,193,-1,193,196,195,-1,193,195,200,-1,200,195,197,-1,200,201,202,-1,202,201,203,-1,202,203,204,-1,204,205,202,-1,202,205,206,-1,202,206,207,-1,207,208,202,-1,202,208,209,-1,202,209,210,-1,200,202,193,-1,193,202,211,-1,193,211,212,-1,213,214,215,-1,215,214,216,-1,215,216,217,-1,210,218,202,-1,202,218,219,-1,202,219,220,-1,221,222,220,-1,220,222,223,-1,220,223,202,-1,224,225,226,-1,212,227,193,-1,193,227,228,-1,193,228,215,-1,215,228,229,-1,215,229,213,-1,221,230,222,-1,222,230,231,-1,222,231,226,-1,226,231,232,-1,226,232,224,-1,233,234,235,-1,235,234,236,-1,237,238,239,-1,239,240,237,-1,237,240,241,-1,237,241,242,-1,217,243,215,-1,215,243,244,-1,215,244,245,-1,246,247,237,-1,237,247,248,-1,237,248,238,-1,244,249,245,-1,245,249,250,-1,245,250,246,-1,246,250,251,-1,246,251,247,-1,252,1,253,-1,253,1,0,-1,253,0,254,-1,255,256,257,-1,257,256,258,-1,257,258,259,-1,259,258,260,-1,259,260,261,-1,262,263,5,-1,5,263,264,-1,5,264,265,-1,266,267,268,-1,268,267,269,-1,270,271,268,-1,268,271,272,-1,269,273,268,-1,268,273,274,-1,268,274,270,-1,169,167,170,-1,170,167,268,-1,170,268,5,-1,5,268,272,-1,5,272,262,-1,275,276,277,-1,277,276,278,-1,279,280,175,-1,175,280,177,-1,175,177,173,-1,173,177,176,-1,173,176,186,-1,186,176,190,-1,280,281,177,-1,177,281,282,-1,177,282,266,-1,266,282,283,-1,266,283,267,-1,284,285,286,-1,287,288,289,-1,284,286,290,-1,291,292,293,-1,294,295,296,-1,296,295,297,-1,296,297,298,-1,298,297,289,-1,298,289,299,-1,299,289,288,-1,300,291,301,-1,301,291,302,-1,300,303,291,-1,291,303,304,-1,291,304,292,-1,305,306,215,-1,307,308,286,-1,286,308,309,-1,286,309,290,-1,310,215,311,-1,311,215,306,-1,311,306,296,-1,296,306,312,-1,296,312,294,-1,313,314,315,-1,315,314,316,-1,315,316,317,-1,317,316,318,-1,319,320,289,-1,289,320,321,-1,289,321,322,-1,323,324,325,-1,326,327,328,-1,328,327,329,-1,328,329,330,-1,310,331,215,-1,215,331,332,-1,215,332,333,-1,318,334,317,-1,317,334,335,-1,317,335,336,-1,336,335,325,-1,336,325,337,-1,337,325,324,-1,322,338,289,-1,289,338,339,-1,289,339,287,-1,340,341,342,-1,342,341,343,-1,342,343,285,-1,326,313,327,-1,327,313,315,-1,327,315,344,-1,344,315,345,-1,344,345,346,-1,346,345,347,-1,346,347,348,-1,348,347,349,-1,350,349,343,-1,343,349,347,-1,343,347,285,-1,285,347,345,-1,285,345,286,-1,351,352,8,-1,353,354,193,-1,333,323,215,-1,215,323,325,-1,215,325,193,-1,193,325,355,-1,193,355,353,-1,356,357,8,-1,8,357,358,-1,354,359,193,-1,193,359,360,-1,193,360,191,-1,191,360,361,-1,191,361,351,-1,362,363,352,-1,352,363,364,-1,352,364,8,-1,8,364,365,-1,8,365,356,-1,358,366,8,-1,8,366,367,-1,8,367,6,-1,368,369,370,-1,370,369,371,-1,370,371,372,-1,370,373,368,-1,368,373,374,-1,368,374,375,-1,375,376,368,-1,368,376,377,-1,368,377,378,-1,378,377,379,-1,378,379,380,-1,380,379,381,-1,380,381,352,-1,352,381,382,-1,352,382,362,-1,383,384,372,-1,372,384,385,-1,372,385,370,-1,386,387,330,-1,330,387,388,-1,330,388,328,-1,386,389,387,-1,387,389,390,-1,387,390,391,-1,391,390,392,-1,391,393,394,-1,392,395,391,-1,391,395,396,-1,391,396,397,-1,397,398,391,-1,391,398,399,-1,391,399,393,-1,394,400,391,-1,391,400,401,-1,391,401,402,-1,403,404,277,-1,277,404,405,-1,406,407,408,-1,278,279,277,-1,277,279,175,-1,277,175,403,-1,403,175,409,-1,403,409,410,-1,410,409,406,-1,410,406,411,-1,411,406,408,-1,412,413,8,-1,8,413,414,-1,351,8,191,-1,191,8,414,-1,191,414,175,-1,175,414,415,-1,175,415,409,-1,416,413,417,-1,417,413,412,-1,417,412,418,-1,419,420,421,-1,422,423,412,-1,412,423,424,-1,412,424,418,-1,350,343,7,-1,7,343,419,-1,7,419,8,-1,8,419,421,-1,8,421,412,-1,412,421,425,-1,412,425,426,-1,427,428,257,-1,257,428,429,-1,257,429,419,-1,419,429,430,-1,419,430,420,-1,426,431,412,-1,412,431,432,-1,412,432,422,-1,433,434,259,-1,433,259,435,-1,434,436,259,-1,259,436,437,-1,259,437,257,-1,257,437,438,-1,257,438,427,-1,439,440,441,-1,442,439,162,-1,441,440,443,-1,5,4,162,-1,162,4,444,-1,162,444,442,-1,445,446,447,-1,447,446,448,-1,447,448,449,-1,449,448,439,-1,449,439,450,-1,450,439,442,-1,450,442,451,-1,451,442,452,-1,451,452,453,-1,453,452,454,-1,440,455,443,-1,443,455,456,-1,443,456,405,-1,405,456,3,-1,405,3,277,-1,277,3,5,-1,277,5,275,-1,275,5,265,-1,457,458,441,-1,439,441,162,-1,162,441,458,-1,162,458,459,-1,460,461,462,-1,462,461,463,-1,462,463,464,-1,162,465,466,-1,460,462,467,-1,467,462,465,-1,467,465,468,-1,469,470,465,-1,465,470,471,-1,465,471,468,-1,163,162,165,-1,165,162,466,-1,165,466,2,-1,2,466,472,-1,2,472,473,-1,459,474,162,-1,162,474,475,-1,162,475,465,-1,465,475,476,-1,465,476,469,-1,404,435,405,-1,405,435,259,-1,405,259,443,-1,443,259,261,-1,443,261,441,-1,166,477,167,-1,167,477,478,-1,167,478,268,-1,268,478,479,-1,268,479,266,-1,266,479,480,-1,266,480,177,-1,177,480,481,-1,177,481,179,-1,179,481,482,-1,179,482,195,-1,195,482,234,-1,195,234,199,-1,199,234,233,-1,255,257,483,-1,483,257,419,-1,483,419,484,-1,484,419,343,-1,484,343,485,-1,485,343,341,-1,485,341,486,-1,486,341,487,-1,486,487,14,-1,340,302,341,-1,341,302,291,-1,341,291,487,-1,487,291,488,-1,489,490,488,-1,488,490,491,-1,293,305,291,-1,291,305,215,-1,291,215,488,-1,488,215,245,-1,488,245,489,-1,489,245,492,-1,14,487,60,-1,60,487,488,-1,60,488,68,-1,68,488,491,-1,68,491,21,-1,21,491,493,-1,21,493,245,-1,245,493,494,-1,245,494,492,-1,495,496,497,-1,497,496,489,-1,497,489,498,-1,498,489,492,-1,498,492,499,-1,499,492,500,-1,501,502,503,-1,504,505,17,-1,17,505,501,-1,17,501,246,-1,246,501,503,-1,246,503,245,-1,245,503,506,-1,245,506,21,-1,21,506,504,-1,21,504,17,-1,242,235,237,-1,237,235,236,-1,237,236,246,-1,246,236,507,-1,246,507,17,-1,17,507,31,-1,17,31,15,-1,15,31,32,-1,9,11,508,-1,508,11,47,-1,508,47,509,-1,509,47,51,-1,509,51,510,-1,510,51,34,-1,510,34,511,-1,511,34,29,-1,511,29,512,-1,477,513,478,-1,478,513,514,-1,478,514,479,-1,479,514,515,-1,479,515,480,-1,480,515,516,-1,480,516,481,-1,481,516,517,-1,481,517,482,-1,482,517,518,-1,482,518,234,-1,234,518,519,-1,234,519,236,-1,236,519,520,-1,236,520,507,-1,507,520,521,-1,507,521,31,-1,31,521,522,-1,31,522,29,-1,29,522,523,-1,29,523,512,-1,512,523,524,-1,462,473,525,-1,525,473,526,-1,525,526,527,-1,260,254,261,-1,261,254,0,-1,261,0,441,-1,441,0,2,-1,441,2,457,-1,457,2,473,-1,457,473,528,-1,528,473,462,-1,528,462,529,-1,529,462,464,-1,530,531,532,-1,532,531,533,-1,532,533,258,-1,258,533,534,-1,258,534,252,-1,530,532,535,-1,535,532,536,-1,535,536,537,-1,538,539,540,-1,540,539,12,-1,540,12,9,-1,538,541,539,-1,539,541,542,-1,539,542,543,-1,543,542,544,-1,543,544,545,-1,546,547,548,-1,548,547,549,-1,548,549,550,-1,546,551,547,-1,547,551,552,-1,547,552,553,-1,553,552,554,-1,553,554,555,-1,556,557,558,-1,558,557,559,-1,560,561,562,-1,562,561,563,-1,563,564,562,-1,562,564,565,-1,562,565,559,-1,565,566,559,-1,559,566,567,-1,559,567,558,-1,558,567,568,-1,558,568,569,-1,570,571,572,-1,573,574,575,-1,575,574,576,-1,577,578,579,-1,579,578,580,-1,581,582,583,-1,583,582,584,-1,513,585,524,-1,524,585,586,-1,524,586,587,-1,588,589,587,-1,587,589,590,-1,587,590,524,-1,524,590,591,-1,524,591,592,-1,593,594,595,-1,595,594,589,-1,595,589,596,-1,597,598,599,-1,599,598,600,-1,573,575,601,-1,601,575,584,-1,601,584,602,-1,602,584,582,-1,602,582,603,-1,604,605,576,-1,576,605,606,-1,576,606,575,-1,586,607,587,-1,587,607,605,-1,587,605,608,-1,608,605,604,-1,609,610,611,-1,611,610,612,-1,611,612,613,-1,609,614,610,-1,610,614,615,-1,610,615,588,-1,588,615,616,-1,588,616,589,-1,589,616,617,-1,589,617,618,-1,618,619,589,-1,589,619,620,-1,589,620,596,-1,621,622,603,-1,603,622,623,-1,603,623,602,-1,594,572,624,-1,577,625,578,-1,578,625,626,-1,578,626,627,-1,627,626,628,-1,627,628,629,-1,597,579,598,-1,598,579,580,-1,598,580,593,-1,593,580,630,-1,593,630,594,-1,594,630,627,-1,594,627,572,-1,572,627,629,-1,572,629,570,-1,631,632,633,-1,624,634,594,-1,594,634,635,-1,594,635,591,-1,591,635,636,-1,591,636,592,-1,603,637,621,-1,621,637,631,-1,621,631,638,-1,638,631,633,-1,575,537,584,-1,584,537,536,-1,550,571,548,-1,548,571,570,-1,548,570,546,-1,546,570,629,-1,546,629,551,-1,551,629,628,-1,551,628,552,-1,552,628,626,-1,552,626,554,-1,554,626,625,-1,554,625,555,-1,555,625,577,-1,579,639,640,-1,641,642,561,-1,561,642,553,-1,640,563,579,-1,579,563,561,-1,579,561,577,-1,577,561,553,-1,577,553,555,-1,563,640,564,-1,564,640,643,-1,564,643,565,-1,565,643,644,-1,565,644,566,-1,566,644,645,-1,566,645,567,-1,567,645,646,-1,567,646,568,-1,568,646,647,-1,568,647,569,-1,569,647,648,-1,583,558,581,-1,581,558,569,-1,581,569,649,-1,649,569,648,-1,537,575,535,-1,535,575,606,-1,535,606,530,-1,530,606,605,-1,530,605,531,-1,531,605,607,-1,531,607,533,-1,533,607,586,-1,533,586,534,-1,534,586,585,-1,534,585,252,-1,252,585,513,-1,9,524,540,-1,540,524,592,-1,540,592,538,-1,538,592,636,-1,538,636,541,-1,541,636,635,-1,541,635,542,-1,542,635,634,-1,542,634,544,-1,544,634,624,-1,544,624,545,-1,545,624,572,-1,572,571,549,-1,549,571,550,-1,545,572,543,-1,543,572,549,-1,543,549,650,-1,650,549,651,-1,
        ]
    }
}
Shape{
    appearance Appearance {
        material  Material {
            diffuseColor 0.9882352941176471 0.7372549019607844 0.5176470588235295
            specularColor 0.49411764705882355 0.3686274509803922 0.25882352941176473
            ambientIntensity 0.7873
            transparency 0.0
            shininess 0.5
        }
    }
    geometry IndexedFaceSet {
        ccw TRUE
        solid FALSE
        coord DEF co Coordinate {
            point [
                -0.0457 0.1307 0.0827, -0.0457 0.0737 0.0827, -0.0457 0.1307 0.0787, -0.0457 0.0737 0.0787, -0.1017 0.1307 0.0827, -0.1017 0.1307 0.0787, -0.1017 0.0737 0.0827, -0.1017 0.0737 0.0787, -0.1017 -0.1303 0.0827, -0.1017 -0.0733 0.0827, -0.1017 -0.1303 0.0787, -0.1017 -0.0733 0.0787, -0.0457 -0.1303 0.0827, -0.0457 -0.1303 0.0787, -0.0457 -0.0733 0.0827, -0.0457 -0.0733 0.0787
            ]
        }
        coordIndex [
            0,1,2,-1,2,1,3,-1,4,0,5,-1,5,0,2,-1,6,4,7,-1,7,4,5,-1,1,6,3,-1,3,6,7,-1,4,6,0,-1,0,6,1,-1,8,9,10,-1,10,9,11,-1,12,8,13,-1,13,8,10,-1,14,12,15,-1,15,12,13,-1,9,14,11,-1,11,14,15,-1,12,14,8,-1,8,14,9,-1,
        ]
    }
}
Shape{
    appearance Appearance {
        material  Material {
            diffuseColor 0.0 1.0 0.0
            specularColor 0.0 0.5019607843137255 0.0
            ambientIntensity 0.587
            transparency 0.0
            shininess 0.5
        }
    }
    geometry IndexedFaceSet {
        ccw TRUE
        solid FALSE
        coord DEF co Coordinate {
            point [
                0.313 -0.047 0.0885, 0.313 0.0474 0.0885, 0.313 -0.047 0.0787, 0.313 0.0474 0.0787
            ]
        }
        coordIndex [
            0,1,2,-1,2,1,3,-1,
        ]
    }
}
Shape{
    appearance Appearance {
        material  Material {
            diffuseColor 0.5019607843137255 1.0 0.5019607843137255
            specularColor 0.25098039215686274 0.5019607843137255 0.25098039215686274
            ambientIntensity 0.7943
            transparency 0.0
            shininess 0.5
        }
    }
    geometry IndexedFaceSet {
        ccw TRUE
        solid FALSE
        coord DEF co Coordinate {
            point [
                -0.0413 0.2955 0.0039, 0.0374 0.2955 0.0039, -0.0413 0.0474 0.0039, 0.0374 0.1961 0.0039, -0.0413 -0.2951 0.0039, -0.0413 -0.047 0.0039, 0.0374 -0.2951 0.0039, 0.0374 -0.047 0.0039, 0.0374 0.0474 0.0039, 0.0374 0.124 0.0039, 0.1161 0.124 0.0039, 0.1161 0.1961 0.0039, 0.3091 0.0474 0.0039, 0.3091 -0.047 0.0039, -0.3169 0.0474 0.0039, -0.3169 -0.047 0.0039, 0.0374 0.0474 0.0079, 0.313 0.0474 0.0079, 0.3111 0.0474 0.0042, 0.313 0.0474 0.005, 0.3167 0.0474 0.0098, 0.3159 0.0474 0.0079, 0.3146 0.0474 0.0062, 0.3159 0.0474 0.0857, 0.313 0.0474 0.0787, 0.3146 0.0474 0.0873, 0.313 0.0474 0.0885, 0.3167 0.0474 0.0838, 0.3169 0.0474 0.0817, 0.3169 0.0474 0.0118, 0.0374 -0.047 0.0079, 0.313 -0.047 0.0079, 0.3167 -0.047 0.0838, 0.3159 -0.047 0.0857, 0.313 -0.047 0.0787, 0.3146 -0.047 0.0873, 0.313 -0.047 0.0885, 0.3146 -0.047 0.0062, 0.3159 -0.047 0.0079, 0.3111 -0.047 0.0042, 0.313 -0.047 0.005, 0.3167 -0.047 0.0098, 0.3169 -0.047 0.0118, 0.3169 -0.047 0.0817
            ]
        }
        coordIndex [
            0,1,2,-1,2,1,3,-1,4,5,6,-1,6,5,7,-1,8,2,9,-1,9,2,3,-1,9,3,10,-1,10,3,11,-1,12,13,8,-1,8,13,7,-1,8,7,2,-1,2,7,5,-1,2,5,14,-1,14,5,15,-1,8,16,12,-1,12,16,17,-1,12,17,18,-1,18,17,19,-1,20,21,17,-1,17,21,22,-1,17,22,19,-1,23,24,25,-1,25,24,26,-1,23,27,24,-1,24,27,28,-1,24,28,17,-1,17,28,29,-1,17,29,20,-1,30,7,31,-1,31,7,13,-1,32,33,34,-1,34,33,35,-1,34,35,36,-1,31,37,38,-1,13,39,31,-1,31,39,40,-1,31,40,37,-1,38,41,31,-1,31,41,42,-1,31,42,34,-1,34,42,43,-1,34,43,32,-1,29,28,42,-1,42,28,43,-1,
        ]
    }
}
Shape{
    appearance Appearance {
        material  Material {
            diffuseColor 0.9882352941176471 0.7372549019607844 0.5176470588235295
            specularColor 0.49411764705882355 0.3686274509803922 0.25882352941176473
            ambientIntensity 0.7873
            transparency 0.0
            shininess 0.5
        }
    }
    geometry IndexedFaceSet {
        ccw TRUE
        solid FALSE
        coord DEF co Coordinate {
            point [
                0.2343 0.2955 0.0827, 0.2343 0.2955 0.0787, 0.2354 0.2818 0.0787, 0.2354 0.2818 0.0827, 0.239 0.2685 0.0787, 0.239 0.2685 0.0827, 0.2448 0.2561 0.0787, 0.2448 0.2561 0.0827, 0.1949 0.2561 0.0827, 0.1949 0.2561 0.0787, 0.1949 0.2374 0.0827, 0.1949 0.2374 0.0787, 0.2193 0.237 0.0827, 0.2193 0.237 0.0787, 0.2243 0.2362 0.0827, 0.2243 0.2362 0.0787, 0.229 0.2342 0.0827, 0.229 0.2342 0.0787, 0.233 0.2311 0.0827, 0.233 0.2311 0.0787, 0.2361 0.227 0.0827, 0.2361 0.227 0.0787, 0.238 0.2223 0.0827, 0.238 0.2223 0.0787, 0.2386 0.2173 0.0827, 0.2386 0.2173 0.0787, 0.2386 -0.0655 0.0827, 0.2386 -0.0655 0.0787, 0.238 -0.0705 0.0827, 0.238 -0.0705 0.0787, 0.236 -0.0753 0.0827, 0.236 -0.0753 0.0787, 0.2329 -0.0794 0.0827, 0.2329 -0.0794 0.0787, 0.2288 -0.0825 0.0827, 0.2288 -0.0825 0.0787, 0.2241 -0.0845 0.0827, 0.2241 -0.0845 0.0787, 0.219 -0.0851 0.0827, 0.219 -0.0851 0.0787, 0.1949 -0.0851 0.0827, 0.1949 -0.0851 0.0787, 0.1949 -0.1032 0.0827, 0.1949 -0.1032 0.0787, 0.2474 -0.1032 0.0827, 0.2474 -0.1032 0.0787, 0.2525 -0.1025 0.0787, 0.2525 -0.1025 0.0827, 0.2573 -0.1005 0.0787, 0.2573 -0.1005 0.0827, 0.2614 -0.0974 0.0787, 0.2614 -0.0974 0.0827, 0.2645 -0.0933 0.0787, 0.2645 -0.0933 0.0827, 0.2665 -0.0886 0.0787, 0.2665 -0.0886 0.0827, 0.2671 -0.0835 0.0787, 0.2671 -0.0835 0.0827, 0.2671 0.2006 0.0827, 0.2671 0.2006 0.0787, 0.2676 0.2051 0.0827, 0.2676 0.2051 0.0787, 0.2692 0.2093 0.0827, 0.2692 0.2093 0.0787, 0.2716 0.2131 0.0827, 0.2716 0.2131 0.0787, 0.2749 0.2163 0.0827, 0.2749 0.2163 0.0787, 0.2788 0.2186 0.0827, 0.2788 0.2186 0.0787, 0.2831 0.2199 0.0827, 0.2831 0.2199 0.0787, 0.2876 0.2203 0.0827, 0.2876 0.2203 0.0787, 0.292 0.2196 0.0827, 0.292 0.2196 0.0787, 0.3024 0.2174 0.0787, 0.3024 0.2174 0.0827, 0.313 0.2167 0.0787, 0.313 0.2167 0.0827, 0.275 0.2853 0.0827, 0.2736 0.2955 0.0827, 0.313 0.2561 0.0827, 0.3028 0.2574 0.0827, 0.2933 0.2614 0.0827, 0.2852 0.2676 0.0827, 0.2789 0.2758 0.0827
            ]
        }
        coordIndex [
            0,1,2,-1,0,2,3,-1,3,2,4,-1,3,4,5,-1,5,4,6,-1,5,6,7,-1,8,7,9,-1,9,7,6,-1,10,8,11,-1,11,8,9,-1,12,10,13,-1,13,10,11,-1,12,13,14,-1,14,13,15,-1,14,15,16,-1,16,15,17,-1,16,17,18,-1,18,17,19,-1,18,19,20,-1,20,19,21,-1,20,21,22,-1,22,21,23,-1,22,23,24,-1,24,23,25,-1,26,24,27,-1,27,24,25,-1,26,27,28,-1,28,27,29,-1,28,29,30,-1,30,29,31,-1,30,31,32,-1,32,31,33,-1,32,33,34,-1,34,33,35,-1,34,35,36,-1,36,35,37,-1,36,37,38,-1,38,37,39,-1,40,38,41,-1,41,38,39,-1,42,40,43,-1,43,40,41,-1,44,42,45,-1,45,42,43,-1,44,45,46,-1,44,46,47,-1,47,46,48,-1,47,48,49,-1,49,48,50,-1,49,50,51,-1,51,50,52,-1,51,52,53,-1,53,52,54,-1,53,54,55,-1,55,54,56,-1,55,56,57,-1,58,57,59,-1,59,57,56,-1,58,59,60,-1,60,59,61,-1,60,61,62,-1,62,61,63,-1,62,63,64,-1,64,63,65,-1,64,65,66,-1,66,65,67,-1,66,67,68,-1,68,67,69,-1,68,69,70,-1,70,69,71,-1,70,71,72,-1,72,71,73,-1,72,73,74,-1,74,73,75,-1,74,75,76,-1,74,76,77,-1,77,76,78,-1,77,78,79,-1,80,81,0,-1,79,82,77,-1,77,82,83,-1,84,85,7,-1,7,85,86,-1,7,86,5,-1,5,86,80,-1,5,80,3,-1,3,80,0,-1,49,51,32,-1,32,51,30,-1,7,14,16,-1,83,84,77,-1,77,84,7,-1,77,7,74,-1,74,7,72,-1,34,44,32,-1,32,44,47,-1,32,47,49,-1,40,42,38,-1,38,42,44,-1,38,44,36,-1,36,44,34,-1,8,10,7,-1,7,10,12,-1,7,12,14,-1,16,18,7,-1,7,18,20,-1,7,20,72,-1,72,20,22,-1,72,22,70,-1,64,66,22,-1,22,66,68,-1,22,68,70,-1,51,53,30,-1,30,53,55,-1,30,55,28,-1,28,55,57,-1,28,57,26,-1,26,57,24,-1,57,58,24,-1,24,58,60,-1,24,60,22,-1,22,60,62,-1,22,62,64,-1,
        ]
    }
}
Shape{
    appearance Appearance {
        material  Material {
            diffuseColor 0.5019607843137255 1.0 0.5019607843137255
            specularColor 0.25098039215686274 0.5019607843137255 0.25098039215686274
            ambientIntensity 0.7943
            transparency 0.0
            shininess 0.5
        }
    }
    geometry IndexedFaceSet {
        ccw TRUE
        solid FALSE
        coord DEF co Coordinate {
            point [
                0.0374 -0.2951 0.0039, 0.0374 -0.047 0.0039, 0.0374 -0.2951 0.0079, 0.0374 -0.047 0.0079, -0.0413 -0.047 0.0039, -0.0413 -0.2951 0.0039, -0.0413 -0.047 0.0079, -0.0413 -0.2951 0.0079, -0.3169 -0.047 0.0039, -0.3169 -0.047 0.0079, -0.0413 0.0474 0.0039, -0.3169 0.0474 0.0039, -0.0413 0.0474 0.0079, -0.3169 0.0474 0.0079, -0.0413 0.2955 0.0039, -0.0413 0.2955 0.0079, 0.0374 0.1961 0.0039, 0.0374 0.2955 0.0039, 0.0374 0.1961 0.0079, 0.0374 0.2955 0.0079, 0.1161 0.1961 0.0039, 0.1161 0.1961 0.0079, 0.1161 0.124 0.0039, 0.1161 0.124 0.0079, 0.0374 0.124 0.0039, 0.0374 0.124 0.0079, 0.0374 0.0474 0.0039, 0.0374 0.0474 0.0079, 0.3091 -0.047 0.0039, 0.3091 0.0474 0.0039, 0.3111 0.0474 0.0042, 0.3111 -0.047 0.0042, 0.313 0.0474 0.005, 0.313 -0.047 0.005, 0.3146 0.0474 0.0062, 0.3146 -0.047 0.0062, 0.3159 0.0474 0.0079, 0.3159 -0.047 0.0079, 0.3167 0.0474 0.0098, 0.3167 -0.047 0.0098, 0.3169 0.0474 0.0118, 0.3169 -0.047 0.0118, 0.3169 -0.047 0.0817, 0.3169 0.0474 0.0817, 0.3167 0.0474 0.0838, 0.3167 -0.047 0.0838, 0.3159 0.0474 0.0857, 0.3159 -0.047 0.0857, 0.3146 0.0474 0.0873, 0.3146 -0.047 0.0873, 0.313 0.0474 0.0885, 0.313 -0.047 0.0885
            ]
        }
        coordIndex [
            0,1,2,-1,2,1,3,-1,4,5,6,-1,6,5,7,-1,8,4,9,-1,9,4,6,-1,10,11,12,-1,12,11,13,-1,14,10,15,-1,15,10,12,-1,16,17,18,-1,18,17,19,-1,20,16,21,-1,21,16,18,-1,22,20,23,-1,23,20,21,-1,24,22,25,-1,25,22,23,-1,26,24,27,-1,27,24,25,-1,28,29,30,-1,28,30,31,-1,31,30,32,-1,31,32,33,-1,33,32,34,-1,33,34,35,-1,35,34,36,-1,35,36,37,-1,37,36,38,-1,37,38,39,-1,39,38,40,-1,39,40,41,-1,42,43,44,-1,42,44,45,-1,45,44,46,-1,45,46,47,-1,47,46,48,-1,47,48,49,-1,49,48,50,-1,49,50,51,-1,
        ]
    }
}
Shape{
    appearance Appearance {
        material  Material {
            diffuseColor 0.25098039215686274 0.25098039215686274 0.25098039215686274
            specularColor 0.12549019607843137 0.12549019607843137 0.12549019607843137
            ambientIntensity 0.251
            transparency 0.0
            shininess 0.5
        }
    }
    geometry IndexedFaceSet {
        ccw TRUE
        solid FALSE
        coord DEF co Coordinate {
            point [
                0.0059 -0.2955 0.05, 0.0059 -0.2955 0.0482, 0.0059 -0.2951 0.05, 0.0059 -0.2951 0.0482, -0.0003 -0.2955 0.05, -0.0003 -0.2951 0.05, -0.0003 -0.2955 0.0638, -0.0003 -0.2951 0.0638, -0.0023 -0.2955 0.0638, -0.0023 -0.2951 0.0638, -0.0023 -0.2955 0.0482, -0.0023 -0.2951 0.0482, 0.0139 -0.2955 0.0479, 0.0139 -0.2951 0.0479, 0.0162 -0.2951 0.0482, 0.0162 -0.2955 0.0482, 0.0179 -0.2951 0.0487, 0.0179 -0.2955 0.0487, 0.0182 -0.2951 0.0488, 0.0182 -0.2955 0.0488, 0.0182 -0.2955 0.0508, 0.0182 -0.2951 0.0508, 0.0166 -0.2951 0.0501, 0.0166 -0.2955 0.0501, 0.0149 -0.2951 0.0497, 0.0149 -0.2955 0.0497, 0.0142 -0.2951 0.0497, 0.0142 -0.2955 0.0497, 0.0126 -0.2951 0.0499, 0.0126 -0.2955 0.0499, 0.0115 -0.2951 0.0503, 0.0115 -0.2955 0.0503, 0.0105 -0.2951 0.051, 0.0105 -0.2955 0.051, 0.0102 -0.2951 0.0514, 0.0102 -0.2955 0.0514, 0.0095 -0.2951 0.0523, 0.0095 -0.2955 0.0523, 0.0089 -0.2951 0.0535, 0.0089 -0.2955 0.0535, 0.0087 -0.2951 0.055, 0.0087 -0.2955 0.055, 0.0086 -0.2951 0.0558, 0.0086 -0.2955 0.0558, 0.0089 -0.2951 0.0579, 0.0089 -0.2955 0.0579, 0.0094 -0.2951 0.0593, 0.0094 -0.2955 0.0593, 0.0102 -0.2951 0.0604, 0.0102 -0.2955 0.0604, 0.0103 -0.2951 0.0605, 0.0103 -0.2955 0.0605, 0.0112 -0.2951 0.0613, 0.0112 -0.2955 0.0613, 0.0124 -0.2951 0.0619, 0.0124 -0.2955 0.0619, 0.0137 -0.2951 0.0622, 0.0137 -0.2955 0.0622, 0.0145 -0.2951 0.0622, 0.0145 -0.2955 0.0622, 0.0164 -0.2951 0.062, 0.0164 -0.2955 0.062, 0.018 -0.2951 0.0614, 0.018 -0.2955 0.0614, 0.0182 -0.2951 0.0613, 0.0182 -0.2955 0.0613, 0.0182 -0.2955 0.0634, 0.0182 -0.2951 0.0634, 0.0145 -0.2951 0.064, 0.0145 -0.2955 0.064, 0.0162 -0.2951 0.0639, 0.0165 -0.2955 0.0639, 0.0165 -0.2951 0.0639, 0.0134 -0.2951 0.0639, 0.0122 -0.2955 0.0638, 0.0122 -0.2951 0.0638, 0.0106 -0.2951 0.0631, 0.0106 -0.2955 0.0631, 0.0091 -0.2951 0.0621, 0.0091 -0.2955 0.0621, 0.0088 -0.2951 0.0617, 0.0088 -0.2955 0.0617, 0.0076 -0.2951 0.0603, 0.0072 -0.2951 0.0593, 0.0069 -0.2955 0.0585, 0.0076 -0.2955 0.0603, 0.0069 -0.2951 0.0585, 0.0065 -0.2951 0.0565, 0.0065 -0.2955 0.0565, 0.0065 -0.2951 0.0557, 0.0065 -0.2955 0.0557, 0.0068 -0.2951 0.0531, 0.0072 -0.2951 0.0521, 0.0075 -0.2955 0.0515, 0.0068 -0.2955 0.0531, 0.0075 -0.2951 0.0515, 0.0084 -0.2951 0.0502, 0.0084 -0.2955 0.0502, 0.0085 -0.2951 0.0501, 0.0085 -0.2955 0.0501, 0.0098 -0.2951 0.049, 0.0098 -0.2955 0.049, 0.0112 -0.2951 0.0483, 0.0112 -0.2955 0.0483, 0.0129 -0.2951 0.048, 0.0129 -0.2955 0.048, 0.0297 -0.2955 0.05, 0.0297 -0.2955 0.0482, 0.0297 -0.2951 0.05, 0.0297 -0.2951 0.0482, 0.0233 -0.2951 0.05, 0.0233 -0.2955 0.05, 0.0275 -0.2951 0.05, 0.0233 -0.2955 0.0552, 0.0233 -0.2951 0.0552, 0.0289 -0.2951 0.0552, 0.0289 -0.2955 0.0552, 0.0275 -0.2951 0.0552, 0.0289 -0.2955 0.057, 0.0289 -0.2951 0.057, 0.0233 -0.2951 0.057, 0.0233 -0.2955 0.057, 0.0275 -0.2951 0.057, 0.0233 -0.2955 0.062, 0.0233 -0.2951 0.062, 0.0293 -0.2951 0.062, 0.0293 -0.2955 0.062, 0.0275 -0.2951 0.062, 0.0293 -0.2955 0.0638, 0.0293 -0.2951 0.0638, 0.0213 -0.2951 0.0638, 0.0213 -0.2955 0.0638, 0.0275 -0.2951 0.0638, 0.0213 -0.2955 0.0482, 0.0213 -0.2951 0.0482, 0.0275 -0.2951 0.0482, 0.043 -0.2955 0.0504, 0.0414 -0.2955 0.0514, 0.0413 -0.2955 0.0492, 0.0404 -0.2955 0.0507, 0.0396 -0.2955 0.0485, 0.0391 -0.2955 0.0502, 0.0369 -0.2955 0.0482, 0.0369 -0.2955 0.05, 0.0326 -0.2955 0.0482, 0.0346 -0.2955 0.05, 0.0326 -0.2955 0.0638, 0.0346 -0.2955 0.062, 0.0371 -0.2955 0.0638, 0.037 -0.2955 0.062, 0.0376 -0.2955 0.062, 0.0395 -0.2955 0.0635, 0.0392 -0.2955 0.0617, 0.0413 -0.2955 0.0628, 0.0405 -0.2955 0.0612, 0.043 -0.2955 0.0617, 0.0415 -0.2955 0.0605, 0.0435 -0.2955 0.0612, 0.0419 -0.2955 0.0601, 0.0445 -0.2955 0.0598, 0.0425 -0.2955 0.0592, 0.0451 -0.2955 0.0583, 0.043 -0.2955 0.0581, 0.0453 -0.2955 0.0562, 0.0432 -0.2955 0.0561, 0.0453 -0.2955 0.0552, 0.0431 -0.2955 0.055, 0.0449 -0.2955 0.0534, 0.0428 -0.2955 0.0536, 0.0441 -0.2955 0.0517, 0.0423 -0.2955 0.0525, 0.0415 -0.2955 0.0516, 0.0369 -0.2951 0.0482, 0.0326 -0.2951 0.0482, 0.043 -0.2951 0.0504, 0.0396 -0.2951 0.0485, 0.0398 -0.2951 0.0486, 0.0413 -0.2951 0.0492, 0.0441 -0.2951 0.0517, 0.0449 -0.2951 0.0534, 0.0453 -0.2951 0.0552, 0.0453 -0.2951 0.0562, 0.0451 -0.2951 0.0583, 0.0445 -0.2951 0.0598, 0.0435 -0.2951 0.0612, 0.043 -0.2951 0.0617, 0.0413 -0.2951 0.0628, 0.0398 -0.2951 0.0634, 0.0395 -0.2951 0.0635, 0.0371 -0.2951 0.0638, 0.0326 -0.2951 0.0638, 0.037 -0.2951 0.062, 0.0346 -0.2951 0.062, 0.0346 -0.2951 0.05, 0.0369 -0.2951 0.05, 0.0415 -0.2951 0.0516, 0.0414 -0.2951 0.0514, 0.0404 -0.2951 0.0507, 0.0391 -0.2951 0.0502, 0.0432 -0.2951 0.0561, 0.0431 -0.2951 0.055, 0.0428 -0.2951 0.0536, 0.0423 -0.2951 0.0525, 0.0415 -0.2951 0.0605, 0.0419 -0.2951 0.0601, 0.0425 -0.2951 0.0592, 0.043 -0.2951 0.0581, 0.0376 -0.2951 0.062, 0.0392 -0.2951 0.0617, 0.0405 -0.2951 0.0612
            ]
        }
        coordIndex [
            0,1,2,-1,2,1,3,-1,4,0,5,-1,5,0,2,-1,6,4,7,-1,7,4,5,-1,8,6,9,-1,9,6,7,-1,10,8,11,-1,11,8,9,-1,1,10,3,-1,3,10,11,-1,6,8,4,-1,4,8,10,-1,4,10,0,-1,0,10,1,-1,12,13,14,-1,12,14,15,-1,15,14,16,-1,15,16,17,-1,17,16,18,-1,17,18,19,-1,20,19,21,-1,21,19,18,-1,20,21,22,-1,20,22,23,-1,23,22,24,-1,23,24,25,-1,25,24,26,-1,25,26,27,-1,27,26,28,-1,27,28,29,-1,29,28,30,-1,29,30,31,-1,31,30,32,-1,31,32,33,-1,33,32,34,-1,33,34,35,-1,35,34,36,-1,35,36,37,-1,37,36,38,-1,37,38,39,-1,39,38,40,-1,39,40,41,-1,41,40,42,-1,41,42,43,-1,43,42,44,-1,43,44,45,-1,45,44,46,-1,45,46,47,-1,47,46,48,-1,47,48,49,-1,49,48,50,-1,49,50,51,-1,51,50,52,-1,51,52,53,-1,53,52,54,-1,53,54,55,-1,55,54,56,-1,55,56,57,-1,57,56,58,-1,57,58,59,-1,59,58,60,-1,59,60,61,-1,61,60,62,-1,61,62,63,-1,63,62,64,-1,63,64,65,-1,66,65,67,-1,67,65,64,-1,68,69,70,-1,70,69,71,-1,70,71,72,-1,72,71,66,-1,72,66,67,-1,69,68,73,-1,69,73,74,-1,73,75,74,-1,74,75,76,-1,74,76,77,-1,77,76,78,-1,77,78,79,-1,79,78,80,-1,79,80,81,-1,81,80,82,-1,83,84,82,-1,82,84,85,-1,82,85,81,-1,83,86,84,-1,84,86,87,-1,84,87,88,-1,88,87,89,-1,88,89,90,-1,90,89,91,-1,92,93,91,-1,91,93,94,-1,91,94,90,-1,92,95,93,-1,93,95,96,-1,93,96,97,-1,97,96,98,-1,97,98,99,-1,99,98,100,-1,99,100,101,-1,101,100,102,-1,101,102,103,-1,103,102,104,-1,103,104,105,-1,105,104,13,-1,105,13,12,-1,53,55,74,-1,45,47,85,-1,85,47,81,-1,74,55,69,-1,55,57,69,-1,69,57,59,-1,69,59,71,-1,71,59,61,-1,71,61,66,-1,66,61,63,-1,66,63,65,-1,19,20,17,-1,17,20,23,-1,17,23,15,-1,15,23,25,-1,15,25,12,-1,12,25,27,-1,12,27,105,-1,105,27,29,-1,105,29,103,-1,103,29,31,-1,103,31,101,-1,101,31,33,-1,101,33,99,-1,99,33,35,-1,99,35,97,-1,97,35,37,-1,97,37,93,-1,90,43,88,-1,88,43,45,-1,88,45,84,-1,84,45,85,-1,47,49,81,-1,81,49,51,-1,81,51,79,-1,79,51,53,-1,79,53,77,-1,77,53,74,-1,93,37,94,-1,94,37,39,-1,94,39,90,-1,90,39,41,-1,90,41,43,-1,106,107,108,-1,108,107,109,-1,110,111,112,-1,112,111,106,-1,112,106,108,-1,113,111,114,-1,114,111,110,-1,115,116,117,-1,117,116,113,-1,117,113,114,-1,118,116,119,-1,119,116,115,-1,120,121,122,-1,122,121,118,-1,122,118,119,-1,123,121,124,-1,124,121,120,-1,125,126,127,-1,127,126,123,-1,127,123,124,-1,128,126,129,-1,129,126,125,-1,130,131,132,-1,132,131,128,-1,132,128,129,-1,133,131,134,-1,134,131,130,-1,109,107,135,-1,135,107,133,-1,135,133,134,-1,133,107,106,-1,106,111,133,-1,133,111,113,-1,133,113,131,-1,126,128,123,-1,123,128,131,-1,123,131,121,-1,121,131,113,-1,121,113,118,-1,118,113,116,-1,136,137,138,-1,138,137,139,-1,138,139,140,-1,140,139,141,-1,140,141,142,-1,142,141,143,-1,142,143,144,-1,144,143,145,-1,144,145,146,-1,146,145,147,-1,146,147,148,-1,147,149,148,-1,148,149,150,-1,148,150,151,-1,151,150,152,-1,151,152,153,-1,153,152,154,-1,153,154,155,-1,155,154,156,-1,155,156,157,-1,157,156,158,-1,157,158,159,-1,159,158,160,-1,159,160,161,-1,161,160,162,-1,161,162,163,-1,163,162,164,-1,163,164,165,-1,165,164,166,-1,165,166,167,-1,167,166,168,-1,167,168,169,-1,169,168,170,-1,169,170,136,-1,136,170,171,-1,136,171,137,-1,142,144,172,-1,172,144,173,-1,174,136,138,-1,142,172,175,-1,142,175,140,-1,140,175,176,-1,140,176,138,-1,138,176,177,-1,138,177,174,-1,136,174,178,-1,136,178,169,-1,169,178,179,-1,169,179,167,-1,167,179,180,-1,167,180,165,-1,165,180,181,-1,165,181,163,-1,163,181,182,-1,163,182,161,-1,161,182,183,-1,161,183,159,-1,159,183,184,-1,159,184,157,-1,157,184,185,-1,157,185,155,-1,155,185,186,-1,187,151,186,-1,186,151,153,-1,186,153,155,-1,187,188,151,-1,151,188,189,-1,151,189,148,-1,146,148,190,-1,190,148,189,-1,144,146,173,-1,173,146,190,-1,149,147,191,-1,191,147,192,-1,147,145,192,-1,192,145,193,-1,145,143,193,-1,193,143,194,-1,171,195,196,-1,171,196,137,-1,137,196,197,-1,137,197,139,-1,139,197,198,-1,139,198,141,-1,141,198,194,-1,141,194,143,-1,164,199,200,-1,164,200,166,-1,166,200,201,-1,166,201,168,-1,168,201,202,-1,168,202,170,-1,170,202,195,-1,170,195,171,-1,156,203,204,-1,156,204,158,-1,158,204,205,-1,158,205,160,-1,160,205,206,-1,160,206,162,-1,162,206,199,-1,162,199,164,-1,149,191,207,-1,149,207,150,-1,150,207,208,-1,150,208,152,-1,152,208,209,-1,152,209,154,-1,154,209,203,-1,154,203,156,-1,
        ]
    }
}
Shape{
    appearance Appearance {
        material  Material {
            diffuseColor 1.0 1.0 1.0
            specularColor 0.5019607843137255 0.5019607843137255 0.5019607843137255
            ambientIntensity 1.0
            transparency 0.0
            shininess 0.5
        }
    }
    geometry IndexedFaceSet {
        ccw TRUE
        solid FALSE
        coord DEF co Coordinate {
            point [
                0.0414 -0.2951 0.0514, 0.0415 -0.2951 0.0516, 0.0376 -0.2951 0.062, 0.0404 -0.2951 0.0507, 0.0346 -0.2951 0.062, 0.0346 -0.2951 0.05, 0.037 -0.2951 0.062, 0.0369 -0.2951 0.05, 0.0391 -0.2951 0.0502, 0.0423 -0.2951 0.0525, 0.0428 -0.2951 0.0536, 0.0431 -0.2951 0.055, 0.0415 -0.2951 0.0605, 0.0432 -0.2951 0.0561, 0.0405 -0.2951 0.0612, 0.0392 -0.2951 0.0617, 0.043 -0.2951 0.0581, 0.0425 -0.2951 0.0592, 0.0419 -0.2951 0.0601
            ]
        }
        coordIndex [
            0,1,2,-1,0,2,3,-1,4,5,6,-1,6,5,7,-1,6,7,2,-1,2,7,8,-1,2,8,3,-1,1,9,2,-1,2,9,10,-1,2,10,11,-1,12,11,13,-1,12,14,11,-1,11,14,15,-1,11,15,2,-1,16,17,13,-1,13,17,18,-1,13,18,12,-1,
        ]
    }
}
Shape{
    appearance Appearance {
        material  Material {
            diffuseColor 0.25098039215686274 0.25098039215686274 0.25098039215686274
            specularColor 0.12549019607843137 0.12549019607843137 0.12549019607843137
            ambientIntensity 0.251
            transparency 0.0
            shininess 0.5
        }
    }
    geometry IndexedFaceSet {
        ccw TRUE
        solid FALSE
        coord DEF co Coordinate {
            point [
                0.0505 -0.2955 0.0542, 0.0499 -0.2955 0.0524, 0.0558 -0.2955 0.0542, 0.0564 -0.2955 0.0524, 0.0529 -0.2955 0.0607, 0.0521 -0.2955 0.0638, 0.0462 -0.2955 0.0482, 0.0484 -0.2955 0.0482, 0.053 -0.2955 0.0612, 0.0531 -0.2955 0.0618, 0.0543 -0.2955 0.0638, 0.0532 -0.2955 0.0618, 0.0533 -0.2955 0.0611, 0.0534 -0.2955 0.0607, 0.0602 -0.2955 0.0482, 0.058 -0.2955 0.0482, 0.0543 -0.2951 0.0638, 0.0602 -0.2951 0.0482, 0.0521 -0.2951 0.0638, 0.0462 -0.2951 0.0482, 0.0507 -0.2951 0.06, 0.0484 -0.2951 0.0482, 0.0499 -0.2951 0.0524, 0.0564 -0.2951 0.0524, 0.0507 -0.2951 0.0524, 0.058 -0.2951 0.0482, 0.0505 -0.2951 0.0542, 0.0558 -0.2951 0.0542, 0.0534 -0.2951 0.0607, 0.0532 -0.2951 0.0618, 0.0533 -0.2951 0.0611, 0.0531 -0.2951 0.0618, 0.0529 -0.2951 0.0607, 0.053 -0.2951 0.0612
            ]
        }
        coordIndex [
            0,1,2,-1,2,1,3,-1,4,5,0,-1,0,5,6,-1,0,6,1,-1,1,6,7,-1,4,8,5,-1,5,8,9,-1,5,9,10,-1,10,9,11,-1,10,11,12,-1,12,13,10,-1,10,13,2,-1,10,2,14,-1,14,2,3,-1,14,3,15,-1,10,14,16,-1,16,14,17,-1,5,10,18,-1,18,10,16,-1,19,6,20,-1,20,6,5,-1,20,5,18,-1,7,6,21,-1,21,6,19,-1,1,7,22,-1,22,7,21,-1,23,3,24,-1,24,3,1,-1,24,1,22,-1,15,3,25,-1,25,3,23,-1,14,15,17,-1,17,15,25,-1,0,2,26,-1,26,2,27,-1,2,13,27,-1,27,13,28,-1,11,29,30,-1,11,30,12,-1,12,30,28,-1,12,28,13,-1,11,9,29,-1,29,9,31,-1,4,32,33,-1,4,33,8,-1,8,33,31,-1,8,31,9,-1,4,0,32,-1,32,0,26,-1,
        ]
    }
}
Shape{
    appearance Appearance {
        material  Material {
            diffuseColor 1.0 1.0 1.0
            specularColor 0.5019607843137255 0.5019607843137255 0.5019607843137255
            ambientIntensity 1.0
            transparency 0.0
            shininess 0.5
        }
    }
    geometry IndexedFaceSet {
        ccw TRUE
        solid FALSE
        coord DEF co Coordinate {
            point [
                0.0532 -0.2951 0.0618, 0.0531 -0.2951 0.0618, 0.0533 -0.2951 0.0611, 0.053 -0.2951 0.0612, 0.0534 -0.2951 0.0607, 0.0529 -0.2951 0.0607, 0.0558 -0.2951 0.0542, 0.0505 -0.2951 0.0542
            ]
        }
        coordIndex [
            0,1,2,-1,2,1,3,-1,2,3,4,-1,4,3,5,-1,4,5,6,-1,6,5,7,-1,
        ]
    }
}
Shape{
    appearance Appearance {
        material  Material {
            diffuseColor 0.25098039215686274 0.25098039215686274 0.25098039215686274
            specularColor 0.12549019607843137 0.12549019607843137 0.12549019607843137
            ambientIntensity 0.251
            transparency 0.0
            shininess 0.5
        }
    }
    geometry IndexedFaceSet {
        ccw TRUE
        solid FALSE
        coord DEF co Coordinate {
            point [
                0.006 -0.2955 0.0252, 0.006 -0.2955 0.0235, 0.006 -0.2951 0.0252, 0.006 -0.2951 0.0235, -0.0003 -0.2955 0.0252, -0.0003 -0.2951 0.0252, -0.0003 -0.2955 0.0305, -0.0003 -0.2951 0.0305, 0.0052 -0.2955 0.0305, 0.0052 -0.2951 0.0305, 0.0052 -0.2955 0.0323, 0.0052 -0.2951 0.0323, -0.0003 -0.2955 0.0323, -0.0003 -0.2951 0.0323, -0.0003 -0.2955 0.0373, -0.0003 -0.2951 0.0373, 0.0057 -0.2955 0.0373, 0.0057 -0.2951 0.0373, 0.0057 -0.2955 0.039, 0.0057 -0.2951 0.039, -0.0023 -0.2955 0.039, -0.0023 -0.2951 0.039, -0.0023 -0.2955 0.0235, -0.0023 -0.2951 0.0235, 0.0106 -0.2955 0.0282, 0.011 -0.2955 0.0284, 0.01 -0.2955 0.0297, 0.0148 -0.2955 0.0252, 0.0149 -0.2955 0.0252, 0.0148 -0.2955 0.027, 0.0149 -0.2955 0.0279, 0.0169 -0.2955 0.0306, 0.0149 -0.2955 0.028, 0.0149 -0.2955 0.029, 0.0149 -0.2955 0.0235, 0.0169 -0.2955 0.0235, 0.0142 -0.2955 0.0347, 0.0138 -0.2955 0.033, 0.0149 -0.2955 0.0344, 0.0141 -0.2955 0.0328, 0.0116 -0.2955 0.0301, 0.0123 -0.2955 0.0287, 0.0149 -0.2955 0.0305, 0.0145 -0.2955 0.0263, 0.0141 -0.2955 0.0257, 0.0144 -0.2955 0.0246, 0.0138 -0.2955 0.0255, 0.0138 -0.2955 0.0239, 0.0133 -0.2955 0.0251, 0.0133 -0.2955 0.0236, 0.0127 -0.2955 0.0249, 0.0125 -0.2955 0.0233, 0.0119 -0.2955 0.0248, 0.0114 -0.2955 0.0232, 0.0113 -0.2955 0.0249, 0.0103 -0.2955 0.0233, 0.0108 -0.2955 0.025, 0.0095 -0.2955 0.0236, 0.0105 -0.2955 0.0253, 0.0089 -0.2955 0.0241, 0.0103 -0.2955 0.0255, 0.0148 -0.2955 0.0314, 0.0167 -0.2955 0.0323, 0.0146 -0.2955 0.0321, 0.0163 -0.2955 0.0331, 0.0144 -0.2955 0.0325, 0.0159 -0.2955 0.0337, 0.0156 -0.2955 0.0341, 0.009 -0.2955 0.0338, 0.009 -0.2955 0.0319, 0.0094 -0.2955 0.034, 0.0103 -0.2955 0.0328, 0.0108 -0.2955 0.0346, 0.0116 -0.2955 0.0332, 0.0128 -0.2955 0.0348, 0.0126 -0.2955 0.0333, 0.0133 -0.2955 0.0332, 0.0104 -0.2955 0.028, 0.0092 -0.2955 0.0292, 0.0102 -0.2955 0.0277, 0.0086 -0.2955 0.0287, 0.01 -0.2955 0.0274, 0.0082 -0.2955 0.0281, 0.0099 -0.2955 0.0269, 0.008 -0.2955 0.0274, 0.0099 -0.2955 0.0266, 0.0079 -0.2955 0.0264, 0.0099 -0.2955 0.0262, 0.008 -0.2955 0.0255, 0.0101 -0.2955 0.0258, 0.0082 -0.2955 0.0249, 0.0087 -0.2955 0.0243, 0.0128 -0.2951 0.0348, 0.0108 -0.2951 0.0346, 0.0094 -0.2951 0.034, 0.009 -0.2951 0.0338, 0.009 -0.2951 0.0319, 0.0103 -0.2951 0.0328, 0.0116 -0.2951 0.0332, 0.0126 -0.2951 0.0333, 0.0133 -0.2951 0.0332, 0.0138 -0.2951 0.033, 0.0141 -0.2951 0.0328, 0.0144 -0.2951 0.0325, 0.0146 -0.2951 0.0321, 0.0148 -0.2951 0.0314, 0.0149 -0.2951 0.0305, 0.0116 -0.2951 0.0301, 0.01 -0.2951 0.0297, 0.0092 -0.2951 0.0292, 0.0086 -0.2951 0.0287, 0.0082 -0.2951 0.0281, 0.008 -0.2951 0.0274, 0.0079 -0.2951 0.0264, 0.008 -0.2951 0.0255, 0.0082 -0.2951 0.0249, 0.0087 -0.2951 0.0243, 0.0089 -0.2951 0.0241, 0.0114 -0.2951 0.0232, 0.0103 -0.2951 0.0233, 0.0103 -0.2951 0.0233, 0.0095 -0.2951 0.0236, 0.0125 -0.2951 0.0233, 0.0125 -0.2951 0.0233, 0.0133 -0.2951 0.0236, 0.0138 -0.2951 0.0239, 0.0144 -0.2951 0.0246, 0.0148 -0.2951 0.0252, 0.0149 -0.2951 0.0252, 0.0149 -0.2951 0.0235, 0.0169 -0.2951 0.0235, 0.0169 -0.2951 0.0306, 0.0167 -0.2951 0.0323, 0.0163 -0.2951 0.0331, 0.0159 -0.2951 0.0337, 0.0156 -0.2951 0.0341, 0.0149 -0.2951 0.0344, 0.0142 -0.2951 0.0347, 0.0104 -0.2951 0.028, 0.0106 -0.2951 0.0282, 0.011 -0.2951 0.0284, 0.0123 -0.2951 0.0287, 0.0099 -0.2951 0.0266, 0.0099 -0.2951 0.0269, 0.01 -0.2951 0.0274, 0.0102 -0.2951 0.0277, 0.0105 -0.2951 0.0253, 0.0103 -0.2951 0.0255, 0.0101 -0.2951 0.0258, 0.0099 -0.2951 0.0262, 0.0119 -0.2951 0.0248, 0.0113 -0.2951 0.0249, 0.0108 -0.2951 0.025, 0.0141 -0.2951 0.0257, 0.0138 -0.2951 0.0255, 0.0133 -0.2951 0.0251, 0.0127 -0.2951 0.0249, 0.0149 -0.2951 0.028, 0.0149 -0.2951 0.0279, 0.0148 -0.2951 0.027, 0.0145 -0.2951 0.0263, 0.0149 -0.2951 0.029
            ]
        }
        coordIndex [
            0,1,2,-1,2,1,3,-1,4,0,5,-1,5,0,2,-1,6,4,7,-1,7,4,5,-1,8,6,9,-1,9,6,7,-1,10,8,11,-1,11,8,9,-1,12,10,13,-1,13,10,11,-1,14,12,15,-1,15,12,13,-1,16,14,17,-1,17,14,15,-1,18,16,19,-1,19,16,17,-1,20,18,21,-1,21,18,19,-1,22,20,23,-1,23,20,21,-1,1,22,3,-1,3,22,23,-1,22,1,0,-1,0,4,22,-1,22,4,6,-1,22,6,20,-1,16,18,14,-1,14,18,20,-1,14,20,12,-1,12,20,6,-1,12,6,10,-1,10,6,8,-1,24,25,26,-1,27,28,29,-1,30,31,32,-1,32,31,33,-1,34,35,28,-1,28,35,31,-1,28,31,29,-1,29,31,30,-1,36,37,38,-1,38,37,39,-1,26,25,40,-1,40,25,41,-1,40,41,42,-1,29,43,27,-1,27,43,44,-1,27,44,45,-1,45,44,46,-1,45,46,47,-1,47,46,48,-1,47,48,49,-1,49,48,50,-1,49,50,51,-1,51,50,52,-1,51,52,53,-1,53,52,54,-1,53,54,55,-1,55,54,56,-1,55,56,57,-1,57,56,58,-1,57,58,59,-1,59,58,60,-1,41,33,42,-1,42,33,31,-1,42,31,61,-1,61,31,62,-1,61,62,63,-1,63,62,64,-1,63,64,65,-1,65,64,66,-1,65,66,39,-1,39,66,67,-1,39,67,38,-1,68,69,70,-1,70,69,71,-1,70,71,72,-1,72,71,73,-1,72,73,74,-1,74,73,75,-1,74,75,36,-1,36,75,76,-1,36,76,37,-1,24,26,77,-1,77,26,78,-1,77,78,79,-1,79,78,80,-1,79,80,81,-1,81,80,82,-1,81,82,83,-1,83,82,84,-1,83,84,85,-1,85,84,86,-1,85,86,87,-1,87,86,88,-1,87,88,89,-1,89,88,90,-1,89,90,60,-1,60,90,91,-1,60,91,59,-1,74,92,93,-1,74,93,72,-1,72,93,94,-1,72,94,70,-1,70,94,95,-1,70,95,68,-1,69,68,96,-1,96,68,95,-1,69,96,97,-1,69,97,71,-1,71,97,98,-1,71,98,73,-1,73,98,99,-1,73,99,75,-1,75,99,100,-1,75,100,76,-1,76,100,101,-1,76,101,37,-1,37,101,102,-1,37,102,39,-1,39,102,103,-1,39,103,65,-1,65,103,104,-1,65,104,63,-1,63,104,105,-1,63,105,61,-1,61,105,106,-1,61,106,42,-1,40,42,107,-1,107,42,106,-1,40,107,108,-1,40,108,26,-1,26,108,109,-1,26,109,78,-1,78,109,110,-1,78,110,80,-1,80,110,111,-1,80,111,82,-1,82,111,112,-1,82,112,84,-1,84,112,113,-1,84,113,86,-1,86,113,114,-1,86,114,88,-1,88,114,115,-1,88,115,90,-1,90,115,116,-1,90,116,91,-1,91,116,117,-1,91,117,59,-1,118,53,119,-1,119,53,55,-1,119,55,120,-1,120,55,57,-1,120,57,121,-1,121,57,59,-1,121,59,117,-1,53,118,122,-1,53,122,51,-1,51,122,123,-1,51,123,49,-1,123,124,49,-1,49,124,125,-1,49,125,47,-1,47,125,126,-1,47,126,45,-1,45,126,127,-1,45,127,27,-1,28,27,128,-1,128,27,127,-1,34,28,129,-1,129,28,128,-1,35,34,130,-1,130,34,129,-1,31,35,131,-1,131,35,130,-1,31,131,132,-1,31,132,62,-1,62,132,133,-1,62,133,64,-1,64,133,134,-1,64,134,66,-1,66,134,135,-1,66,135,67,-1,67,135,136,-1,67,136,38,-1,38,136,137,-1,38,137,36,-1,36,137,92,-1,36,92,74,-1,77,138,139,-1,77,139,24,-1,24,139,140,-1,24,140,25,-1,25,140,141,-1,25,141,41,-1,85,142,143,-1,85,143,83,-1,83,143,144,-1,83,144,81,-1,81,144,145,-1,81,145,79,-1,79,145,138,-1,79,138,77,-1,58,146,147,-1,58,147,60,-1,60,147,148,-1,60,148,89,-1,89,148,149,-1,89,149,87,-1,87,149,142,-1,87,142,85,-1,52,150,151,-1,52,151,54,-1,54,151,152,-1,54,152,56,-1,56,152,146,-1,56,146,58,-1,44,153,154,-1,44,154,46,-1,46,154,155,-1,46,155,48,-1,48,155,156,-1,48,156,50,-1,50,156,150,-1,50,150,52,-1,32,157,158,-1,32,158,30,-1,30,158,159,-1,30,159,29,-1,29,159,160,-1,29,160,43,-1,43,160,153,-1,43,153,44,-1,32,33,157,-1,157,33,161,-1,33,41,161,-1,161,41,141,-1,
        ]
    }
}
Shape{
    appearance Appearance {
        material  Material {
            diffuseColor 1.0 1.0 1.0
            specularColor 0.5019607843137255 0.5019607843137255 0.5019607843137255
            ambientIntensity 1.0
            transparency 0.0
            shininess 0.5
        }
    }
    geometry IndexedFaceSet {
        ccw TRUE
        solid FALSE
        coord DEF co Coordinate {
            point [
                0.0149 -0.2951 0.0279, 0.0149 -0.2951 0.028, 0.0104 -0.2951 0.028, 0.0149 -0.2951 0.029, 0.0123 -0.2951 0.0287, 0.011 -0.2951 0.0284, 0.0106 -0.2951 0.0282, 0.0148 -0.2951 0.027, 0.0102 -0.2951 0.0277, 0.0145 -0.2951 0.0263, 0.0103 -0.2951 0.0255, 0.0105 -0.2951 0.0253, 0.0138 -0.2951 0.0255, 0.0101 -0.2951 0.0258, 0.0133 -0.2951 0.0251, 0.0127 -0.2951 0.0249, 0.0119 -0.2951 0.0248, 0.01 -0.2951 0.0274, 0.0099 -0.2951 0.0269, 0.0141 -0.2951 0.0257, 0.0099 -0.2951 0.0266, 0.0099 -0.2951 0.0262, 0.0108 -0.2951 0.025, 0.0113 -0.2951 0.0249
            ]
        }
        coordIndex [
            0,1,2,-1,1,3,4,-1,4,5,1,-1,1,5,6,-1,1,6,2,-1,0,2,7,-1,7,2,8,-1,7,8,9,-1,10,11,12,-1,10,12,13,-1,14,12,15,-1,15,12,16,-1,8,17,9,-1,9,17,18,-1,9,18,19,-1,19,18,20,-1,19,20,12,-1,12,20,21,-1,12,21,13,-1,11,22,12,-1,12,22,23,-1,12,23,16,-1,
        ]
    }
}
Shape{
    appearance Appearance {
        material  Material {
            diffuseColor 0.25098039215686274 0.25098039215686274 0.25098039215686274
            specularColor 0.12549019607843137 0.12549019607843137 0.12549019607843137
            ambientIntensity 0.251
            transparency 0.0
            shininess 0.5
        }
    }
    geometry IndexedFaceSet {
        ccw TRUE
        solid FALSE
        coord DEF co Coordinate {
            point [
                0.0195 -0.2951 0.0259, 0.0195 -0.2955 0.0259, 0.0203 -0.2955 0.0254, 0.0227 -0.2955 0.0248, 0.0227 -0.2951 0.0248, 0.0215 -0.2951 0.0249, 0.0215 -0.2955 0.0249, 0.0204 -0.2951 0.0253, 0.0203 -0.2951 0.0254, 0.0195 -0.2955 0.0239, 0.0195 -0.2951 0.0239, 0.0209 -0.2955 0.0234, 0.0204 -0.2951 0.0235, 0.0225 -0.2951 0.0232, 0.0225 -0.2955 0.0232, 0.0212 -0.2951 0.0233, 0.0209 -0.2951 0.0234, 0.0243 -0.2955 0.0234, 0.0236 -0.2951 0.0233, 0.0243 -0.2951 0.0234, 0.0253 -0.2951 0.0238, 0.0253 -0.2955 0.0238, 0.0258 -0.2951 0.0241, 0.0258 -0.2955 0.0241, 0.0263 -0.2951 0.0246, 0.0263 -0.2955 0.0246, 0.0267 -0.2951 0.0251, 0.0267 -0.2955 0.0251, 0.0269 -0.2951 0.0257, 0.0269 -0.2955 0.0257, 0.027 -0.2951 0.0265, 0.027 -0.2955 0.0265, 0.0269 -0.2951 0.0272, 0.0269 -0.2955 0.0272, 0.0267 -0.2951 0.0278, 0.0267 -0.2955 0.0278, 0.0264 -0.2951 0.0283, 0.0264 -0.2955 0.0283, 0.0259 -0.2951 0.0287, 0.0259 -0.2955 0.0287, 0.0246 -0.2951 0.0295, 0.0246 -0.2955 0.0295, 0.0238 -0.2951 0.0298, 0.0238 -0.2955 0.0298, 0.0226 -0.2951 0.0303, 0.0226 -0.2955 0.0303, 0.0219 -0.2951 0.0307, 0.0219 -0.2955 0.0307, 0.0218 -0.2951 0.0309, 0.0218 -0.2955 0.0309, 0.0216 -0.2951 0.0312, 0.0216 -0.2955 0.0312, 0.0215 -0.2951 0.0315, 0.0215 -0.2955 0.0315, 0.0215 -0.2951 0.0318, 0.0215 -0.2955 0.0318, 0.0216 -0.2951 0.0321, 0.0216 -0.2955 0.0321, 0.0217 -0.2951 0.0323, 0.0217 -0.2955 0.0323, 0.0218 -0.2951 0.0326, 0.0218 -0.2955 0.0326, 0.0221 -0.2951 0.0328, 0.0221 -0.2955 0.0328, 0.0226 -0.2951 0.0331, 0.0226 -0.2955 0.0331, 0.0231 -0.2951 0.0332, 0.0231 -0.2955 0.0332, 0.0237 -0.2951 0.0333, 0.0237 -0.2955 0.0333, 0.0249 -0.2951 0.0331, 0.0249 -0.2955 0.0331, 0.026 -0.2951 0.0327, 0.026 -0.2955 0.0327, 0.0265 -0.2951 0.0325, 0.0265 -0.2955 0.0325, 0.0265 -0.2955 0.0344, 0.0265 -0.2951 0.0344, 0.0252 -0.2951 0.0347, 0.0252 -0.2955 0.0347, 0.0238 -0.2951 0.0348, 0.0238 -0.2955 0.0348, 0.0223 -0.2951 0.0347, 0.0223 -0.2955 0.0347, 0.0212 -0.2951 0.0343, 0.0212 -0.2955 0.0343, 0.0208 -0.2951 0.034, 0.0208 -0.2955 0.034, 0.0202 -0.2955 0.0334, 0.0204 -0.2951 0.0336, 0.0202 -0.2951 0.0334, 0.0198 -0.2951 0.0329, 0.0198 -0.2955 0.0329, 0.0196 -0.2951 0.0323, 0.0196 -0.2955 0.0323, 0.0195 -0.2951 0.0316, 0.0195 -0.2955 0.0316, 0.0196 -0.2951 0.0308, 0.0196 -0.2955 0.0308, 0.0198 -0.2951 0.0302, 0.0198 -0.2955 0.0302, 0.0201 -0.2951 0.0298, 0.0201 -0.2955 0.0298, 0.0225 -0.2951 0.0284, 0.0225 -0.2955 0.0284, 0.0213 -0.2955 0.0289, 0.0204 -0.2951 0.0295, 0.0204 -0.2955 0.0295, 0.0204 -0.2951 0.0295, 0.0213 -0.2951 0.0289, 0.0237 -0.2951 0.0278, 0.0237 -0.2955 0.0278, 0.0245 -0.2951 0.0274, 0.0245 -0.2955 0.0274, 0.0248 -0.2951 0.0271, 0.0248 -0.2955 0.0271, 0.0249 -0.2951 0.0268, 0.0249 -0.2955 0.0268, 0.025 -0.2951 0.0265, 0.025 -0.2955 0.0265, 0.025 -0.2951 0.0263, 0.025 -0.2955 0.0263, 0.025 -0.2951 0.0259, 0.025 -0.2955 0.0259, 0.0249 -0.2951 0.0256, 0.0249 -0.2955 0.0256, 0.0247 -0.2951 0.0254, 0.0247 -0.2955 0.0254, 0.0245 -0.2951 0.0252, 0.0245 -0.2955 0.0252, 0.0243 -0.2951 0.0251, 0.0243 -0.2955 0.0251, 0.0238 -0.2951 0.0249, 0.0238 -0.2955 0.0249, 0.0228 -0.2951 0.0248, 0.0228 -0.2955 0.0248, 0.0367 -0.2955 0.0346, 0.0387 -0.2955 0.0346, 0.0367 -0.2951 0.0346, 0.0387 -0.2951 0.0346, 0.0337 -0.2955 0.0262, 0.0337 -0.2951 0.0262, 0.0335 -0.2951 0.0257, 0.0335 -0.2955 0.0257, 0.0334 -0.2951 0.0253, 0.0334 -0.2955 0.0253, 0.0334 -0.2955 0.0253, 0.0334 -0.2951 0.0253, 0.0331 -0.2955 0.0262, 0.0331 -0.2951 0.0262, 0.0302 -0.2951 0.0346, 0.0302 -0.2955 0.0346, 0.0312 -0.2951 0.0319, 0.028 -0.2955 0.0346, 0.028 -0.2951 0.0346, 0.0324 -0.2951 0.0235, 0.0324 -0.2955 0.0235, 0.0312 -0.2951 0.0266, 0.0315 -0.2951 0.0215, 0.0315 -0.2955 0.0215, 0.0323 -0.2951 0.0233, 0.0312 -0.2951 0.0208, 0.0311 -0.2955 0.0208, 0.0311 -0.2951 0.0208, 0.0308 -0.2951 0.0203, 0.0308 -0.2955 0.0203, 0.0305 -0.2951 0.0201, 0.0305 -0.2955 0.0201, 0.03 -0.2951 0.02, 0.03 -0.2955 0.02, 0.0295 -0.2951 0.0199, 0.0295 -0.2955 0.0199, 0.0288 -0.2951 0.02, 0.0288 -0.2955 0.02, 0.0284 -0.2951 0.0201, 0.0284 -0.2955 0.0201, 0.0284 -0.2955 0.0184, 0.0284 -0.2951 0.0184, 0.0293 -0.2951 0.0182, 0.0293 -0.2955 0.0182, 0.0297 -0.2951 0.0182, 0.0297 -0.2955 0.0182, 0.0305 -0.2951 0.0183, 0.0305 -0.2955 0.0183, 0.0312 -0.2951 0.0186, 0.0313 -0.2955 0.0186, 0.0313 -0.2951 0.0186, 0.0319 -0.2951 0.0191, 0.0319 -0.2955 0.0191, 0.0321 -0.2951 0.0192, 0.0321 -0.2955 0.0192, 0.0328 -0.2951 0.0201, 0.0328 -0.2955 0.0201, 0.0337 -0.2951 0.0218, 0.0337 -0.2955 0.0218, 0.0343 -0.2951 0.0233, 0.0492 -0.2955 0.0252, 0.0492 -0.2955 0.0235, 0.0492 -0.2951 0.0252, 0.0492 -0.2951 0.0235, 0.0428 -0.2951 0.0252, 0.0428 -0.2955 0.0252, 0.0457 -0.2951 0.0252, 0.0428 -0.2955 0.0305, 0.0428 -0.2951 0.0305, 0.0484 -0.2951 0.0305, 0.0484 -0.2955 0.0305, 0.0457 -0.2951 0.0305, 0.0484 -0.2955 0.0323, 0.0484 -0.2951 0.0323, 0.0428 -0.2951 0.0323, 0.0428 -0.2955 0.0323, 0.0457 -0.2951 0.0323, 0.0428 -0.2955 0.0373, 0.0428 -0.2951 0.0373, 0.0488 -0.2951 0.0373, 0.0488 -0.2955 0.0373, 0.0457 -0.2951 0.0373, 0.0488 -0.2955 0.039, 0.0488 -0.2951 0.039, 0.0408 -0.2951 0.039, 0.0408 -0.2955 0.039, 0.0457 -0.2951 0.039, 0.0408 -0.2955 0.0235, 0.0408 -0.2951 0.0235, 0.0457 -0.2951 0.0235, 0.0625 -0.2955 0.0256, 0.0609 -0.2955 0.0267, 0.0609 -0.2955 0.0245, 0.0599 -0.2955 0.026, 0.0591 -0.2955 0.0238, 0.0586 -0.2955 0.0255, 0.0564 -0.2955 0.0235, 0.0564 -0.2955 0.0252, 0.0521 -0.2955 0.0235, 0.0542 -0.2955 0.0252, 0.0521 -0.2955 0.039, 0.0542 -0.2955 0.0373, 0.0566 -0.2955 0.039, 0.0565 -0.2955 0.0373, 0.0571 -0.2955 0.0372, 0.059 -0.2955 0.0388, 0.0587 -0.2955 0.037, 0.0609 -0.2955 0.0381, 0.06 -0.2955 0.0365, 0.0625 -0.2955 0.037, 0.061 -0.2955 0.0358, 0.063 -0.2955 0.0364, 0.0614 -0.2955 0.0354, 0.064 -0.2955 0.0351, 0.062 -0.2955 0.0345, 0.0646 -0.2955 0.0336, 0.0625 -0.2955 0.0334, 0.0648 -0.2955 0.0315, 0.0627 -0.2955 0.0314, 0.0648 -0.2955 0.0305, 0.0626 -0.2955 0.0303, 0.0644 -0.2955 0.0286, 0.0623 -0.2955 0.0289, 0.0636 -0.2955 0.027, 0.0618 -0.2955 0.0277, 0.0611 -0.2955 0.0269, 0.0564 -0.2951 0.0235, 0.0521 -0.2951 0.0235, 0.0591 -0.2951 0.0238, 0.0609 -0.2951 0.0245, 0.0625 -0.2951 0.0256, 0.0636 -0.2951 0.027, 0.0644 -0.2951 0.0286, 0.0648 -0.2951 0.0305, 0.0648 -0.2951 0.0315, 0.0646 -0.2951 0.0336, 0.064 -0.2951 0.0351, 0.063 -0.2951 0.0364, 0.0625 -0.2951 0.037, 0.0609 -0.2951 0.0381, 0.059 -0.2951 0.0388, 0.0566 -0.2951 0.039, 0.0521 -0.2951 0.039, 0.0565 -0.2951 0.0373, 0.0542 -0.2951 0.0373, 0.0542 -0.2951 0.0252, 0.0564 -0.2951 0.0252, 0.0611 -0.2951 0.0269, 0.0609 -0.2951 0.0267, 0.0599 -0.2951 0.026, 0.0586 -0.2951 0.0255, 0.0627 -0.2951 0.0314, 0.0626 -0.2951 0.0303, 0.0623 -0.2951 0.0289, 0.0618 -0.2951 0.0277, 0.061 -0.2951 0.0358, 0.0614 -0.2951 0.0354, 0.062 -0.2951 0.0345, 0.0625 -0.2951 0.0334, 0.0571 -0.2951 0.0372, 0.0587 -0.2951 0.037, 0.06 -0.2951 0.0365
            ]
        }
        coordIndex [
            0,1,2,-1,3,4,5,-1,3,5,6,-1,6,5,7,-1,6,7,2,-1,2,7,8,-1,2,8,0,-1,9,1,10,-1,10,1,0,-1,9,10,11,-1,11,10,12,-1,13,14,15,-1,15,14,11,-1,15,11,16,-1,16,11,12,-1,14,13,17,-1,17,13,18,-1,18,19,17,-1,17,19,20,-1,17,20,21,-1,21,20,22,-1,21,22,23,-1,23,22,24,-1,23,24,25,-1,25,24,26,-1,25,26,27,-1,27,26,28,-1,27,28,29,-1,29,28,30,-1,29,30,31,-1,31,30,32,-1,31,32,33,-1,33,32,34,-1,33,34,35,-1,35,34,36,-1,35,36,37,-1,37,36,38,-1,37,38,39,-1,39,38,40,-1,39,40,41,-1,41,40,42,-1,41,42,43,-1,43,42,44,-1,43,44,45,-1,45,44,46,-1,45,46,47,-1,47,46,48,-1,47,48,49,-1,49,48,50,-1,49,50,51,-1,51,50,52,-1,51,52,53,-1,53,52,54,-1,53,54,55,-1,55,54,56,-1,55,56,57,-1,57,56,58,-1,57,58,59,-1,59,58,60,-1,59,60,61,-1,61,60,62,-1,61,62,63,-1,63,62,64,-1,63,64,65,-1,65,64,66,-1,65,66,67,-1,67,66,68,-1,67,68,69,-1,69,68,70,-1,69,70,71,-1,71,70,72,-1,71,72,73,-1,73,72,74,-1,73,74,75,-1,76,75,77,-1,77,75,74,-1,76,77,78,-1,76,78,79,-1,79,78,80,-1,79,80,81,-1,81,80,82,-1,81,82,83,-1,83,82,84,-1,83,84,85,-1,85,84,86,-1,85,86,87,-1,87,86,88,-1,88,86,89,-1,89,90,88,-1,88,90,91,-1,88,91,92,-1,92,91,93,-1,92,93,94,-1,94,93,95,-1,94,95,96,-1,96,95,97,-1,96,97,98,-1,98,97,99,-1,98,99,100,-1,100,99,101,-1,100,101,102,-1,103,104,105,-1,102,101,106,-1,102,106,107,-1,107,106,108,-1,107,108,105,-1,105,108,109,-1,105,109,103,-1,104,103,110,-1,104,110,111,-1,111,110,112,-1,111,112,113,-1,113,112,114,-1,113,114,115,-1,115,114,116,-1,115,116,117,-1,117,116,118,-1,117,118,119,-1,119,118,120,-1,119,120,121,-1,121,120,122,-1,121,122,123,-1,123,122,124,-1,123,124,125,-1,125,124,126,-1,125,126,127,-1,127,126,128,-1,127,128,129,-1,129,128,130,-1,129,130,131,-1,131,130,132,-1,131,132,133,-1,133,132,134,-1,133,134,135,-1,135,134,4,-1,135,4,3,-1,61,63,85,-1,85,63,83,-1,111,43,104,-1,104,43,45,-1,21,23,127,-1,127,23,25,-1,127,25,125,-1,125,25,27,-1,125,27,123,-1,123,27,29,-1,123,29,121,-1,121,29,31,-1,121,31,119,-1,119,31,33,-1,119,33,117,-1,117,33,35,-1,117,35,115,-1,115,35,37,-1,115,37,113,-1,113,37,39,-1,113,39,111,-1,111,39,41,-1,111,41,43,-1,14,3,11,-1,11,3,6,-1,11,6,9,-1,9,6,2,-1,9,2,1,-1,63,65,83,-1,83,65,67,-1,83,67,81,-1,81,67,69,-1,81,69,79,-1,79,69,71,-1,79,71,76,-1,76,71,73,-1,76,73,75,-1,127,129,21,-1,21,129,131,-1,21,131,17,-1,17,131,133,-1,17,133,14,-1,14,133,135,-1,14,135,3,-1,85,87,61,-1,61,87,88,-1,61,88,59,-1,59,88,92,-1,59,92,57,-1,57,92,94,-1,57,94,55,-1,55,94,96,-1,55,96,53,-1,53,96,98,-1,53,98,51,-1,51,98,100,-1,51,100,49,-1,49,100,102,-1,49,102,47,-1,47,102,107,-1,47,107,45,-1,45,107,105,-1,45,105,104,-1,136,137,138,-1,138,137,139,-1,140,136,141,-1,141,136,138,-1,140,141,142,-1,140,142,143,-1,143,142,144,-1,143,144,145,-1,146,145,147,-1,147,145,144,-1,148,146,149,-1,149,146,147,-1,150,151,152,-1,152,151,148,-1,152,148,149,-1,153,151,154,-1,154,151,150,-1,155,156,157,-1,157,156,153,-1,157,153,154,-1,158,159,160,-1,160,159,156,-1,160,156,155,-1,158,161,159,-1,159,161,162,-1,161,163,162,-1,162,163,164,-1,162,164,165,-1,165,164,166,-1,165,166,167,-1,167,166,168,-1,167,168,169,-1,169,168,170,-1,169,170,171,-1,171,170,172,-1,171,172,173,-1,173,172,174,-1,173,174,175,-1,176,175,177,-1,177,175,174,-1,176,177,178,-1,176,178,179,-1,179,178,180,-1,179,180,181,-1,181,180,182,-1,181,182,183,-1,183,182,184,-1,183,184,185,-1,184,186,185,-1,185,186,187,-1,185,187,188,-1,188,187,189,-1,188,189,190,-1,190,189,191,-1,190,191,192,-1,192,191,193,-1,192,193,194,-1,139,137,195,-1,195,137,194,-1,195,194,193,-1,143,145,194,-1,137,136,194,-1,194,136,140,-1,194,140,143,-1,151,153,148,-1,148,153,156,-1,148,156,146,-1,175,176,173,-1,173,176,179,-1,173,179,171,-1,171,179,181,-1,171,181,169,-1,169,181,183,-1,169,183,167,-1,167,183,185,-1,167,185,165,-1,145,146,194,-1,194,146,156,-1,194,156,192,-1,156,159,192,-1,192,159,162,-1,192,162,190,-1,190,162,165,-1,190,165,188,-1,188,165,185,-1,196,197,198,-1,198,197,199,-1,200,201,202,-1,202,201,196,-1,202,196,198,-1,203,201,204,-1,204,201,200,-1,205,206,207,-1,207,206,203,-1,207,203,204,-1,208,206,209,-1,209,206,205,-1,210,211,212,-1,212,211,208,-1,212,208,209,-1,213,211,214,-1,214,211,210,-1,215,216,217,-1,217,216,213,-1,217,213,214,-1,218,216,219,-1,219,216,215,-1,220,221,222,-1,222,221,218,-1,222,218,219,-1,223,221,224,-1,224,221,220,-1,199,197,225,-1,225,197,223,-1,225,223,224,-1,223,197,196,-1,196,201,223,-1,223,201,203,-1,223,203,221,-1,216,218,213,-1,213,218,221,-1,213,221,211,-1,211,221,203,-1,211,203,208,-1,208,203,206,-1,226,227,228,-1,228,227,229,-1,228,229,230,-1,230,229,231,-1,230,231,232,-1,232,231,233,-1,232,233,234,-1,234,233,235,-1,234,235,236,-1,236,235,237,-1,236,237,238,-1,237,239,238,-1,238,239,240,-1,238,240,241,-1,241,240,242,-1,241,242,243,-1,243,242,244,-1,243,244,245,-1,245,244,246,-1,245,246,247,-1,247,246,248,-1,247,248,249,-1,249,248,250,-1,249,250,251,-1,251,250,252,-1,251,252,253,-1,253,252,254,-1,253,254,255,-1,255,254,256,-1,255,256,257,-1,257,256,258,-1,257,258,259,-1,259,258,260,-1,259,260,226,-1,226,260,261,-1,226,261,227,-1,232,234,262,-1,262,234,263,-1,232,262,264,-1,232,264,230,-1,230,264,265,-1,230,265,228,-1,228,265,266,-1,228,266,226,-1,226,266,267,-1,226,267,259,-1,259,267,268,-1,259,268,257,-1,257,268,269,-1,257,269,255,-1,255,269,270,-1,255,270,253,-1,253,270,271,-1,253,271,251,-1,251,271,272,-1,251,272,249,-1,249,272,273,-1,249,273,247,-1,247,273,274,-1,247,274,245,-1,245,274,275,-1,245,275,243,-1,243,275,276,-1,243,276,241,-1,241,276,277,-1,241,277,238,-1,236,238,278,-1,278,238,277,-1,234,236,263,-1,263,236,278,-1,239,237,279,-1,279,237,280,-1,237,235,280,-1,280,235,281,-1,235,233,281,-1,281,233,282,-1,261,283,284,-1,261,284,227,-1,227,284,285,-1,227,285,229,-1,229,285,286,-1,229,286,231,-1,231,286,282,-1,231,282,233,-1,254,287,288,-1,254,288,256,-1,256,288,289,-1,256,289,258,-1,258,289,290,-1,258,290,260,-1,260,290,283,-1,260,283,261,-1,246,291,292,-1,246,292,248,-1,248,292,293,-1,248,293,250,-1,250,293,294,-1,250,294,252,-1,252,294,287,-1,252,287,254,-1,239,279,295,-1,239,295,240,-1,240,295,296,-1,240,296,242,-1,242,296,297,-1,242,297,244,-1,244,297,291,-1,244,291,246,-1,
        ]
    }
}
Shape{
    appearance Appearance {
        material  Material {
            diffuseColor 1.0 1.0 1.0
            specularColor 0.5019607843137255 0.5019607843137255 0.5019607843137255
            ambientIntensity 1.0
            transparency 0.0
            shininess 0.5
        }
    }
    geometry IndexedFaceSet {
        ccw TRUE
        solid FALSE
        coord DEF co Coordinate {
            point [
                0.0609 -0.2951 0.0267, 0.0611 -0.2951 0.0269, 0.0571 -0.2951 0.0372, 0.0599 -0.2951 0.026, 0.0542 -0.2951 0.0373, 0.0542 -0.2951 0.0252, 0.0565 -0.2951 0.0373, 0.0564 -0.2951 0.0252, 0.0586 -0.2951 0.0255, 0.0618 -0.2951 0.0277, 0.0623 -0.2951 0.0289, 0.0626 -0.2951 0.0303, 0.061 -0.2951 0.0358, 0.0627 -0.2951 0.0314, 0.06 -0.2951 0.0365, 0.0587 -0.2951 0.037, 0.0625 -0.2951 0.0334, 0.062 -0.2951 0.0345, 0.0614 -0.2951 0.0354
            ]
        }
        coordIndex [
            0,1,2,-1,0,2,3,-1,4,5,6,-1,6,5,7,-1,6,7,2,-1,2,7,8,-1,2,8,3,-1,1,9,2,-1,2,9,10,-1,2,10,11,-1,12,11,13,-1,12,14,11,-1,11,14,15,-1,11,15,2,-1,16,17,13,-1,13,17,18,-1,13,18,12,-1,
        ]
    }
}
Shape{
    appearance Appearance {
        material  Material {
            diffuseColor 0.25098039215686274 0.25098039215686274 0.25098039215686274
            specularColor 0.12549019607843137 0.12549019607843137 0.12549019607843137
            ambientIntensity 0.251
            transparency 0.0
            shininess 0.5
        }
    }
    geometry IndexedFaceSet {
        ccw TRUE
        solid FALSE
        coord DEF co Coordinate {
            point [
                0.0701 -0.2955 0.0295, 0.0694 -0.2955 0.0277, 0.0753 -0.2955 0.0295, 0.0759 -0.2955 0.0277, 0.0724 -0.2955 0.036, 0.0716 -0.2955 0.039, 0.0657 -0.2955 0.0235, 0.0679 -0.2955 0.0235, 0.0725 -0.2955 0.0364, 0.0726 -0.2955 0.0371, 0.0738 -0.2955 0.039, 0.0727 -0.2955 0.0371, 0.0728 -0.2955 0.0364, 0.0729 -0.2955 0.036, 0.0797 -0.2955 0.0235, 0.0775 -0.2955 0.0235, 0.0738 -0.2951 0.039, 0.0797 -0.2951 0.0235, 0.0716 -0.2951 0.039, 0.0657 -0.2951 0.0235, 0.0679 -0.2951 0.0235, 0.0694 -0.2951 0.0277, 0.0759 -0.2951 0.0277, 0.0775 -0.2951 0.0235, 0.0701 -0.2951 0.0295, 0.0753 -0.2951 0.0295, 0.0729 -0.2951 0.036, 0.0727 -0.2951 0.0371, 0.0728 -0.2951 0.0364, 0.0726 -0.2951 0.0371, 0.0724 -0.2951 0.036, 0.0725 -0.2951 0.0364
            ]
        }
        coordIndex [
            0,1,2,-1,2,1,3,-1,4,5,0,-1,0,5,6,-1,0,6,1,-1,1,6,7,-1,4,8,5,-1,5,8,9,-1,5,9,10,-1,10,9,11,-1,10,11,12,-1,12,13,10,-1,10,13,2,-1,10,2,14,-1,14,2,3,-1,14,3,15,-1,10,14,16,-1,16,14,17,-1,5,10,18,-1,18,10,16,-1,6,5,19,-1,19,5,18,-1,7,6,20,-1,20,6,19,-1,1,7,21,-1,21,7,20,-1,3,1,22,-1,22,1,21,-1,15,3,23,-1,23,3,22,-1,14,15,17,-1,17,15,23,-1,0,2,24,-1,24,2,25,-1,2,13,25,-1,25,13,26,-1,11,27,28,-1,11,28,12,-1,12,28,26,-1,12,26,13,-1,11,9,27,-1,27,9,29,-1,4,30,31,-1,4,31,8,-1,8,31,29,-1,8,29,9,-1,4,0,30,-1,30,0,24,-1,
        ]
    }
}
Shape{
    appearance Appearance {
        material  Material {
            diffuseColor 1.0 1.0 1.0
            specularColor 0.5019607843137255 0.5019607843137255 0.5019607843137255
            ambientIntensity 1.0
            transparency 0.0
            shininess 0.5
        }
    }
    geometry IndexedFaceSet {
        ccw TRUE
        solid FALSE
        coord DEF co Coordinate {
            point [
                0.0727 -0.2951 0.0371, 0.0726 -0.2951 0.0371, 0.0728 -0.2951 0.0364, 0.0725 -0.2951 0.0364, 0.0729 -0.2951 0.036, 0.0724 -0.2951 0.036, 0.0753 -0.2951 0.0295, 0.0701 -0.2951 0.0295
            ]
        }
        coordIndex [
            0,1,2,-1,2,1,3,-1,2,3,4,-1,4,3,5,-1,4,5,6,-1,6,5,7,-1,
        ]
    }
}
Shape{
    appearance Appearance {
        material  Material {
            diffuseColor 0.25098039215686274 0.25098039215686274 0.25098039215686274
            specularColor 0.12549019607843137 0.12549019607843137 0.12549019607843137
            ambientIntensity 0.251
            transparency 0.0
            shininess 0.5
        }
    }
    geometry IndexedFaceSet {
        ccw TRUE
        solid FALSE
        coord DEF co Coordinate {
            point [
                -0.0712 -0.2955 0.0213, -0.0695 -0.2955 0.0192, -0.0722 -0.2955 0.0311, -0.0741 -0.2955 0.0503, -0.0716 -0.2955 0.0516, -0.0721 -0.2955 0.0585, -0.0527 -0.2955 0.0208, -0.0514 -0.2955 0.0233, -0.0507 -0.2955 0.026, -0.0653 -0.2955 0.0588, -0.0619 -0.2955 0.0507, -0.0602 -0.2955 0.0542, -0.0746 -0.2955 0.0325, -0.0738 -0.2955 0.0241, -0.0723 -0.2955 0.0236, -0.0678 -0.2955 0.059, -0.0352 -0.2955 0.0365, -0.0386 -0.2955 0.0424, -0.0507 -0.2955 0.0283, -0.0534 -0.2955 0.0346, -0.0507 -0.2955 0.0272, -0.0566 -0.2955 0.0174, -0.0544 -0.2955 0.0189, -0.0647 -0.2955 0.0238, -0.0638 -0.2955 0.0232, -0.0674 -0.2955 0.0176, -0.0628 -0.2955 0.0228, -0.0579 -0.2955 0.0287, -0.0576 -0.2955 0.0277, -0.0576 -0.2955 0.0266, -0.0578 -0.2955 0.0256, -0.0583 -0.2955 0.0246, -0.0315 -0.2955 0.0475, -0.0306 -0.2955 0.0475, -0.0261 -0.2955 0.0534, -0.0285 -0.2955 0.0472, -0.0255 -0.2955 0.0533, -0.0266 -0.2955 0.0464, -0.0222 -0.2955 0.0516, -0.0192 -0.2955 0.0491, -0.063 -0.2955 0.0614, -0.0577 -0.2955 0.0571, -0.0604 -0.2955 0.0636, -0.0547 -0.2955 0.0593, -0.0571 -0.2955 0.0656, -0.0689 -0.2955 0.0523, -0.0677 -0.2955 0.0523, -0.0666 -0.2955 0.0589, -0.0651 -0.2955 0.052, -0.0627 -0.2955 0.0511, -0.0654 -0.2955 0.0246, -0.0659 -0.2955 0.0255, -0.0662 -0.2955 0.0265, -0.0648 -0.2955 0.0165, -0.0622 -0.2955 0.0161, -0.0619 -0.2955 0.0227, -0.0618 -0.2955 0.0161, -0.0608 -0.2955 0.0229, -0.0591 -0.2955 0.0164, -0.0599 -0.2955 0.0232, -0.059 -0.2955 0.0238, -0.0192 -0.2955 0.0284, -0.0244 -0.2955 0.0328, -0.0222 -0.2955 0.0258, -0.026 -0.2955 0.0315, -0.0256 -0.2955 0.0242, -0.028 -0.2955 0.0305, -0.0293 -0.2955 0.0234, -0.03 -0.2955 0.0302, -0.0358 -0.2955 0.0234, -0.0349 -0.2955 0.0302, -0.0364 -0.2955 0.0235, -0.0249 -0.2955 0.0452, -0.0236 -0.2955 0.0438, -0.017 -0.2955 0.0459, -0.0225 -0.2955 0.0419, -0.0156 -0.2955 0.0425, -0.022 -0.2955 0.0398, -0.0151 -0.2955 0.0389, -0.022 -0.2955 0.0388, -0.0156 -0.2955 0.035, -0.0222 -0.2955 0.0367, -0.017 -0.2955 0.0315, -0.023 -0.2955 0.0347, -0.0242 -0.2955 0.033, -0.0321 -0.2955 0.0622, -0.0364 -0.2955 0.0571, -0.0281 -0.2955 0.0575, -0.0339 -0.2955 0.0541, -0.0322 -0.2955 0.0505, -0.0785 -0.2955 0.0439, -0.0858 -0.2955 0.0421, -0.0788 -0.2955 0.0412, -0.0858 -0.2955 0.041, -0.0787 -0.2955 0.0395, -0.0853 -0.2955 0.0368, -0.0779 -0.2955 0.0368, -0.0837 -0.2955 0.0326, -0.0766 -0.2955 0.0346, -0.0811 -0.2955 0.0289, -0.0778 -0.2955 0.0261, -0.0662 -0.2955 0.0276, -0.0659 -0.2955 0.0287, -0.0709 -0.2955 0.0334, -0.0654 -0.2955 0.0296, -0.0691 -0.2955 0.0355, -0.0647 -0.2955 0.0303, -0.0668 -0.2955 0.0371, -0.0639 -0.2955 0.0309, -0.0644 -0.2955 0.038, -0.0629 -0.2955 0.0313, -0.0618 -0.2955 0.0384, -0.0619 -0.2955 0.0314, -0.0604 -0.2955 0.0383, -0.0611 -0.2955 0.0313, -0.0577 -0.2955 0.0376, -0.06 -0.2955 0.031, -0.0554 -0.2955 0.0364, -0.0591 -0.2955 0.0304, -0.0584 -0.2955 0.0296, -0.0519 -0.2955 0.0674, -0.0511 -0.2955 0.0608, -0.0471 -0.2955 0.068, -0.047 -0.2955 0.0613, -0.0417 -0.2955 0.0673, -0.0433 -0.2955 0.0608, -0.0362 -0.2955 0.0651, -0.0398 -0.2955 0.0595, -0.0367 -0.2955 0.0574, -0.0762 -0.2955 0.0569, -0.0798 -0.2955 0.0544, -0.076 -0.2955 0.0486, -0.0806 -0.2955 0.0537, -0.0775 -0.2955 0.0464, -0.0832 -0.2955 0.0503, -0.085 -0.2955 0.0463, -0.0355 -0.2955 0.0303, -0.0382 -0.2955 0.0246, -0.0379 -0.2955 0.0243, -0.0352 -0.2955 0.0302, -0.0372 -0.2955 0.0238, -0.039 -0.2955 0.0268, -0.0389 -0.2955 0.026, -0.0386 -0.2955 0.0253, -0.0365 -0.2955 0.0302, -0.0372 -0.2955 0.0299, -0.039 -0.2955 0.0273, -0.0379 -0.2955 0.0294, -0.0384 -0.2955 0.0289, -0.0388 -0.2955 0.0281, -0.0356 -0.2955 0.0303, -0.0151 -0.2951 0.0389, -0.0156 -0.2951 0.0425, -0.016 -0.2951 0.0435, -0.017 -0.2951 0.0459, -0.0192 -0.2951 0.0491, -0.0222 -0.2951 0.0516, -0.0255 -0.2951 0.0533, -0.0261 -0.2951 0.0534, -0.0281 -0.2951 0.0575, -0.0321 -0.2951 0.0622, -0.0345 -0.2951 0.0639, -0.0362 -0.2951 0.0651, -0.0417 -0.2951 0.0673, -0.0471 -0.2951 0.068, -0.0519 -0.2951 0.0674, -0.0571 -0.2951 0.0656, -0.06 -0.2951 0.0639, -0.0604 -0.2951 0.0636, -0.063 -0.2951 0.0614, -0.0653 -0.2951 0.0588, -0.0666 -0.2951 0.0589, -0.0678 -0.2951 0.059, -0.0721 -0.2951 0.0585, -0.0762 -0.2951 0.0569, -0.0798 -0.2951 0.0544, -0.0806 -0.2951 0.0537, -0.0858 -0.2951 0.041, -0.0832 -0.2951 0.0503, -0.085 -0.2951 0.0463, -0.0855 -0.2951 0.0435, -0.0858 -0.2951 0.0421, -0.0853 -0.2951 0.0368, -0.0837 -0.2951 0.0326, -0.0811 -0.2951 0.0289, -0.0778 -0.2951 0.0261, -0.0738 -0.2951 0.0241, -0.0723 -0.2951 0.0236, -0.0721 -0.2951 0.0233, -0.0712 -0.2951 0.0213, -0.0695 -0.2951 0.0192, -0.0674 -0.2951 0.0176, -0.0663 -0.2951 0.0172, -0.0648 -0.2951 0.0165, -0.0622 -0.2951 0.0161, -0.0618 -0.2951 0.0161, -0.0507 -0.2951 0.0272, -0.0591 -0.2951 0.0164, -0.0572 -0.2951 0.0172, -0.0566 -0.2951 0.0174, -0.0544 -0.2951 0.0189, -0.0527 -0.2951 0.0208, -0.0514 -0.2951 0.0233, -0.0514 -0.2951 0.0233, -0.0507 -0.2951 0.026, -0.0507 -0.2951 0.0283, -0.0352 -0.2951 0.0365, -0.0386 -0.2951 0.0424, -0.0534 -0.2951 0.0346, -0.0554 -0.2951 0.0364, -0.0577 -0.2951 0.0376, -0.0604 -0.2951 0.0383, -0.0618 -0.2951 0.0384, -0.0644 -0.2951 0.038, -0.0668 -0.2951 0.0371, -0.0691 -0.2951 0.0355, -0.0709 -0.2951 0.0334, -0.0722 -0.2951 0.0311, -0.0746 -0.2951 0.0325, -0.0766 -0.2951 0.0346, -0.0779 -0.2951 0.0368, -0.0787 -0.2951 0.0395, -0.0788 -0.2951 0.0412, -0.0785 -0.2951 0.0435, -0.0785 -0.2951 0.0439, -0.0775 -0.2951 0.0464, -0.076 -0.2951 0.0486, -0.0741 -0.2951 0.0503, -0.0716 -0.2951 0.0516, -0.0689 -0.2951 0.0523, -0.0677 -0.2951 0.0523, -0.0651 -0.2951 0.052, -0.0627 -0.2951 0.0511, -0.0619 -0.2951 0.0507, -0.0602 -0.2951 0.0542, -0.0577 -0.2951 0.0571, -0.0547 -0.2951 0.0593, -0.0511 -0.2951 0.0608, -0.047 -0.2951 0.0613, -0.0433 -0.2951 0.0608, -0.0398 -0.2951 0.0595, -0.0367 -0.2951 0.0574, -0.0364 -0.2951 0.0571, -0.0339 -0.2951 0.0541, -0.0322 -0.2951 0.0505, -0.0315 -0.2951 0.0475, -0.0306 -0.2951 0.0475, -0.0285 -0.2951 0.0472, -0.0266 -0.2951 0.0464, -0.0249 -0.2951 0.0452, -0.0236 -0.2951 0.0438, -0.0234 -0.2951 0.0435, -0.0225 -0.2951 0.0419, -0.022 -0.2951 0.0398, -0.022 -0.2951 0.0388, -0.0222 -0.2951 0.0367, -0.023 -0.2951 0.0347, -0.0242 -0.2951 0.033, -0.0244 -0.2951 0.0328, -0.026 -0.2951 0.0315, -0.028 -0.2951 0.0305, -0.03 -0.2951 0.0302, -0.0349 -0.2951 0.0302, -0.0352 -0.2951 0.0302, -0.0355 -0.2951 0.0303, -0.0356 -0.2951 0.0303, -0.0365 -0.2951 0.0302, -0.0372 -0.2951 0.0299, -0.0379 -0.2951 0.0294, -0.0384 -0.2951 0.0289, -0.0388 -0.2951 0.0281, -0.039 -0.2951 0.0273, -0.039 -0.2951 0.0268, -0.0389 -0.2951 0.026, -0.0386 -0.2951 0.0253, -0.0382 -0.2951 0.0246, -0.0379 -0.2951 0.0243, -0.0372 -0.2951 0.0238, -0.0364 -0.2951 0.0235, -0.0358 -0.2951 0.0234, -0.0293 -0.2951 0.0234, -0.0256 -0.2951 0.0242, -0.0222 -0.2951 0.0258, -0.0192 -0.2951 0.0284, -0.017 -0.2951 0.0315, -0.0156 -0.2951 0.035, -0.0619 -0.2951 0.0314, -0.0611 -0.2951 0.0313, -0.06 -0.2951 0.031, -0.0591 -0.2951 0.0304, -0.0584 -0.2951 0.0296, -0.0579 -0.2951 0.0287, -0.0576 -0.2951 0.0277, -0.0576 -0.2951 0.0266, -0.0578 -0.2951 0.0256, -0.0583 -0.2951 0.0246, -0.059 -0.2951 0.0238, -0.0599 -0.2951 0.0232, -0.0608 -0.2951 0.0229, -0.0619 -0.2951 0.0227, -0.0628 -0.2951 0.0228, -0.0638 -0.2951 0.0232, -0.0647 -0.2951 0.0238, -0.0654 -0.2951 0.0246, -0.0659 -0.2951 0.0255, -0.0662 -0.2951 0.0265, -0.0662 -0.2951 0.0276, -0.0659 -0.2951 0.0287, -0.0654 -0.2951 0.0296, -0.0647 -0.2951 0.0303, -0.0639 -0.2951 0.0309, -0.0629 -0.2951 0.0313
            ]
        }
        coordIndex [
            0,1,2,-1,3,4,5,-1,6,7,8,-1,9,10,11,-1,12,13,2,-1,2,13,14,-1,2,14,0,-1,5,4,15,-1,16,17,18,-1,18,17,19,-1,18,19,20,-1,20,19,21,-1,20,21,8,-1,8,21,22,-1,8,22,6,-1,23,1,24,-1,24,1,25,-1,24,25,26,-1,27,28,19,-1,19,28,29,-1,19,29,21,-1,21,29,30,-1,21,30,31,-1,32,33,34,-1,34,33,35,-1,34,35,36,-1,36,35,37,-1,36,37,38,-1,38,37,39,-1,9,11,40,-1,40,11,41,-1,40,41,42,-1,42,41,43,-1,42,43,44,-1,4,45,15,-1,15,45,46,-1,15,46,47,-1,47,46,48,-1,47,48,9,-1,9,48,49,-1,9,49,10,-1,23,50,1,-1,1,50,51,-1,1,51,2,-1,2,51,52,-1,25,53,26,-1,26,53,54,-1,26,54,55,-1,55,54,56,-1,55,56,57,-1,57,56,58,-1,57,58,59,-1,59,58,21,-1,59,21,60,-1,60,21,31,-1,61,62,63,-1,63,62,64,-1,63,64,65,-1,65,64,66,-1,65,66,67,-1,67,66,68,-1,67,68,69,-1,69,68,70,-1,69,70,71,-1,37,72,39,-1,39,72,73,-1,39,73,74,-1,74,73,75,-1,74,75,76,-1,76,75,77,-1,76,77,78,-1,78,77,79,-1,78,79,80,-1,80,79,81,-1,80,81,82,-1,82,81,83,-1,82,83,61,-1,61,83,84,-1,61,84,62,-1,85,86,87,-1,87,86,88,-1,87,88,34,-1,34,88,89,-1,34,89,32,-1,90,91,92,-1,92,91,93,-1,92,93,94,-1,94,93,95,-1,94,95,96,-1,96,95,97,-1,96,97,98,-1,98,97,99,-1,98,99,12,-1,12,99,100,-1,12,100,13,-1,52,101,2,-1,2,101,102,-1,2,102,103,-1,103,102,104,-1,103,104,105,-1,105,104,106,-1,105,106,107,-1,107,106,108,-1,107,108,109,-1,109,108,110,-1,109,110,111,-1,111,110,112,-1,111,112,113,-1,113,112,114,-1,113,114,115,-1,115,114,116,-1,115,116,117,-1,117,116,118,-1,117,118,19,-1,19,118,119,-1,19,119,27,-1,44,43,120,-1,120,43,121,-1,120,121,122,-1,122,121,123,-1,122,123,124,-1,124,123,125,-1,124,125,126,-1,126,125,127,-1,126,127,85,-1,85,127,128,-1,85,128,86,-1,5,129,3,-1,3,129,130,-1,3,130,131,-1,131,130,132,-1,131,132,133,-1,133,132,134,-1,133,134,90,-1,90,134,135,-1,90,135,91,-1,136,137,138,-1,70,139,71,-1,71,139,136,-1,71,136,140,-1,140,136,138,-1,141,142,136,-1,136,142,143,-1,136,143,137,-1,144,145,146,-1,145,147,146,-1,146,147,148,-1,146,148,149,-1,141,136,146,-1,146,136,150,-1,146,150,144,-1,78,151,152,-1,78,152,76,-1,76,152,153,-1,76,153,74,-1,153,154,74,-1,74,154,155,-1,74,155,39,-1,39,155,156,-1,39,156,38,-1,38,156,157,-1,38,157,36,-1,36,157,158,-1,36,158,34,-1,34,158,159,-1,34,159,87,-1,87,159,160,-1,87,160,85,-1,126,85,161,-1,161,85,160,-1,161,162,126,-1,126,162,163,-1,126,163,124,-1,124,163,164,-1,124,164,122,-1,122,164,165,-1,122,165,120,-1,120,165,166,-1,120,166,44,-1,44,166,42,-1,42,166,167,-1,42,167,168,-1,42,168,169,-1,42,169,40,-1,40,169,170,-1,40,170,9,-1,9,170,171,-1,9,171,47,-1,47,171,172,-1,47,172,15,-1,15,172,173,-1,15,173,5,-1,5,173,174,-1,5,174,129,-1,129,174,175,-1,129,175,130,-1,130,175,176,-1,130,176,132,-1,177,93,91,-1,132,176,178,-1,132,178,134,-1,134,178,179,-1,134,179,135,-1,135,179,180,-1,135,180,91,-1,91,180,181,-1,91,181,177,-1,93,177,182,-1,93,182,95,-1,95,182,183,-1,95,183,97,-1,97,183,184,-1,97,184,99,-1,99,184,185,-1,99,185,100,-1,100,185,186,-1,100,186,13,-1,13,186,187,-1,13,187,14,-1,14,187,188,-1,14,188,0,-1,188,189,0,-1,0,189,190,-1,0,190,1,-1,1,190,191,-1,1,191,25,-1,25,191,192,-1,25,192,53,-1,192,193,53,-1,53,193,194,-1,53,194,54,-1,54,194,195,-1,54,195,56,-1,196,20,8,-1,56,195,197,-1,198,21,197,-1,197,21,58,-1,197,58,56,-1,198,199,21,-1,21,199,200,-1,21,200,22,-1,22,200,201,-1,22,201,6,-1,6,201,202,-1,6,202,7,-1,7,202,203,-1,7,203,8,-1,8,203,204,-1,8,204,196,-1,18,20,205,-1,205,20,196,-1,16,18,206,-1,206,18,205,-1,17,16,207,-1,207,16,206,-1,19,17,208,-1,208,17,207,-1,19,208,209,-1,19,209,117,-1,117,209,210,-1,117,210,115,-1,115,210,211,-1,115,211,113,-1,113,211,212,-1,113,212,111,-1,111,212,213,-1,111,213,109,-1,109,213,214,-1,109,214,107,-1,107,214,215,-1,107,215,105,-1,105,215,216,-1,105,216,103,-1,103,216,217,-1,103,217,2,-1,2,217,218,-1,2,218,12,-1,12,218,219,-1,12,219,98,-1,98,219,220,-1,98,220,96,-1,96,220,221,-1,96,221,94,-1,94,221,222,-1,94,222,92,-1,92,222,90,-1,90,222,223,-1,223,224,90,-1,90,224,225,-1,90,225,133,-1,133,225,226,-1,133,226,131,-1,131,226,227,-1,131,227,3,-1,3,227,228,-1,3,228,4,-1,4,228,229,-1,4,229,45,-1,45,229,230,-1,45,230,46,-1,46,230,231,-1,46,231,48,-1,48,231,232,-1,48,232,49,-1,49,232,233,-1,49,233,10,-1,10,233,234,-1,10,234,11,-1,11,234,235,-1,11,235,41,-1,41,235,236,-1,41,236,43,-1,43,236,237,-1,43,237,121,-1,121,237,238,-1,121,238,123,-1,123,238,239,-1,123,239,125,-1,125,239,240,-1,125,240,127,-1,127,240,241,-1,127,241,128,-1,128,241,242,-1,128,242,86,-1,86,242,243,-1,86,243,88,-1,88,243,244,-1,88,244,89,-1,89,244,245,-1,89,245,32,-1,33,32,246,-1,246,32,245,-1,33,246,247,-1,33,247,35,-1,35,247,248,-1,35,248,37,-1,37,248,249,-1,37,249,72,-1,72,249,250,-1,72,250,73,-1,73,250,251,-1,73,251,75,-1,251,252,75,-1,75,252,253,-1,75,253,77,-1,77,253,254,-1,77,254,79,-1,79,254,255,-1,79,255,81,-1,81,255,256,-1,81,256,83,-1,83,256,257,-1,83,257,84,-1,84,257,258,-1,84,258,62,-1,62,258,259,-1,62,259,64,-1,64,259,260,-1,64,260,66,-1,66,260,261,-1,66,261,68,-1,70,68,262,-1,262,68,261,-1,70,262,263,-1,70,263,139,-1,139,263,264,-1,139,264,136,-1,136,264,265,-1,136,265,150,-1,150,265,266,-1,150,266,144,-1,144,266,267,-1,144,267,145,-1,145,267,268,-1,145,268,147,-1,147,268,269,-1,147,269,148,-1,148,269,270,-1,148,270,149,-1,149,270,271,-1,149,271,146,-1,146,271,272,-1,146,272,141,-1,141,272,273,-1,141,273,142,-1,142,273,274,-1,142,274,143,-1,143,274,275,-1,143,275,137,-1,137,275,276,-1,137,276,138,-1,138,276,277,-1,138,277,140,-1,140,277,278,-1,140,278,71,-1,71,278,279,-1,71,279,69,-1,67,69,280,-1,280,69,279,-1,67,280,281,-1,67,281,65,-1,65,281,282,-1,65,282,63,-1,63,282,283,-1,63,283,61,-1,61,283,284,-1,61,284,82,-1,82,284,285,-1,82,285,80,-1,80,285,151,-1,80,151,78,-1,112,286,287,-1,112,287,114,-1,114,287,288,-1,114,288,116,-1,116,288,289,-1,116,289,118,-1,118,289,290,-1,118,290,119,-1,119,290,291,-1,119,291,27,-1,27,291,292,-1,27,292,28,-1,28,292,293,-1,28,293,29,-1,29,293,294,-1,29,294,30,-1,30,294,295,-1,30,295,31,-1,31,295,296,-1,31,296,60,-1,60,296,297,-1,60,297,59,-1,59,297,298,-1,59,298,57,-1,57,298,299,-1,57,299,55,-1,55,299,300,-1,55,300,26,-1,26,300,301,-1,26,301,24,-1,24,301,302,-1,24,302,23,-1,23,302,303,-1,23,303,50,-1,50,303,304,-1,50,304,51,-1,51,304,305,-1,51,305,52,-1,52,305,306,-1,52,306,101,-1,101,306,307,-1,101,307,102,-1,102,307,308,-1,102,308,104,-1,104,308,309,-1,104,309,106,-1,106,309,310,-1,106,310,108,-1,108,310,311,-1,108,311,110,-1,110,311,286,-1,110,286,112,-1,
        ]
    }
}
Shape{
    appearance Appearance {
        material  Material {
            diffuseColor 1.0 1.0 1.0
            specularColor 0.5019607843137255 0.5019607843137255 0.5019607843137255
            ambientIntensity 1.0
            transparency 0.0
            shininess 0.5
        }
    }
    geometry IndexedFaceSet {
        ccw TRUE
        solid FALSE
        coord DEF co Coordinate {
            point [
                -0.0608 -0.2951 0.0229, -0.0611 -0.2951 0.0313, -0.0619 -0.2951 0.0227, -0.0619 -0.2951 0.0314, -0.0629 -0.2951 0.0313, -0.059 -0.2951 0.0238, -0.0584 -0.2951 0.0296, -0.0591 -0.2951 0.0304, -0.0639 -0.2951 0.0309, -0.0647 -0.2951 0.0303, -0.0628 -0.2951 0.0228, -0.0654 -0.2951 0.0296, -0.0659 -0.2951 0.0287, -0.0662 -0.2951 0.0276, -0.0662 -0.2951 0.0265, -0.0659 -0.2951 0.0255, -0.0654 -0.2951 0.0246, -0.0647 -0.2951 0.0238, -0.0638 -0.2951 0.0232, -0.0599 -0.2951 0.0232, -0.06 -0.2951 0.031, -0.0578 -0.2951 0.0256, -0.0576 -0.2951 0.0266, -0.0583 -0.2951 0.0246, -0.0576 -0.2951 0.0277, -0.0579 -0.2951 0.0287
            ]
        }
        coordIndex [
            0,1,2,-1,2,1,3,-1,2,3,4,-1,5,6,7,-1,4,8,2,-1,2,8,9,-1,2,9,10,-1,10,9,11,-1,10,11,12,-1,12,13,10,-1,10,13,14,-1,10,14,15,-1,15,16,10,-1,10,16,17,-1,10,17,18,-1,0,19,1,-1,1,19,5,-1,1,5,20,-1,20,5,7,-1,21,22,23,-1,23,22,24,-1,23,24,5,-1,5,24,25,-1,5,25,6,-1,
        ]
    }
}